Fitter report for Top_Module
Sat Mar 29 10:05:36 2025
Quartus II 64-Bit Version 13.1.0 Build 162 10/23/2013 SJ Web Edition


---------------------
; Table of Contents ;
---------------------
  1. Legal Notice
  2. Fitter Summary
  3. Fitter Settings
  4. Parallel Compilation
  5. I/O Assignment Warnings
  6. Incremental Compilation Preservation Summary
  7. Incremental Compilation Partition Settings
  8. Incremental Compilation Placement Preservation
  9. Pin-Out File
 10. Fitter Resource Usage Summary
 11. Fitter Partition Statistics
 12. Input Pins
 13. Output Pins
 14. Bidir Pins
 15. Dual Purpose and Dedicated Pins
 16. I/O Bank Usage
 17. All Package Pins
 18. Fitter Resource Utilization by Entity
 19. Delay Chain Summary
 20. Pad To Core Delay Chain Fanout
 21. Control Signals
 22. Global & Other Fast Signals
 23. Non-Global High Fan-Out Signals
 24. Routing Usage Summary
 25. LAB Logic Elements
 26. LAB-wide Signals
 27. LAB Signals Sourced
 28. LAB Signals Sourced Out
 29. LAB Distinct Inputs
 30. I/O Rules Summary
 31. I/O Rules Details
 32. I/O Rules Matrix
 33. Fitter Device Options
 34. Operating Settings and Conditions
 35. Estimated Delay Added for Hold Timing Summary
 36. Estimated Delay Added for Hold Timing Details
 37. Fitter Messages
 38. Fitter Suppressed Messages



----------------
; Legal Notice ;
----------------
Copyright (C) 1991-2013 Altera Corporation
Your use of Altera Corporation's design tools, logic functions 
and other software and tools, and its AMPP partner logic 
functions, and any output files from any of the foregoing 
(including device programming or simulation files), and any 
associated documentation or information are expressly subject 
to the terms and conditions of the Altera Program License 
Subscription Agreement, Altera MegaCore Function License 
Agreement, or other applicable license agreement, including, 
without limitation, that your use is for the sole purpose of 
programming logic devices manufactured by Altera and sold by 
Altera or its authorized distributors.  Please refer to the 
applicable agreement for further details.



+---------------------------------------------------------------------------------+
; Fitter Summary                                                                  ;
+------------------------------------+--------------------------------------------+
; Fitter Status                      ; Successful - Sat Mar 29 10:05:36 2025      ;
; Quartus II 64-Bit Version          ; 13.1.0 Build 162 10/23/2013 SJ Web Edition ;
; Revision Name                      ; Top_Module                                 ;
; Top-level Entity Name              ; Top_Module                                 ;
; Family                             ; Cyclone IV E                               ;
; Device                             ; EP4CE22F17C6                               ;
; Timing Models                      ; Final                                      ;
; Total logic elements               ; 795 / 22,320 ( 4 % )                       ;
;     Total combinational functions  ; 786 / 22,320 ( 4 % )                       ;
;     Dedicated logic registers      ; 215 / 22,320 ( < 1 % )                     ;
; Total registers                    ; 215                                        ;
; Total pins                         ; 27 / 154 ( 18 % )                          ;
; Total virtual pins                 ; 0                                          ;
; Total memory bits                  ; 0 / 608,256 ( 0 % )                        ;
; Embedded Multiplier 9-bit elements ; 0 / 132 ( 0 % )                            ;
; Total PLLs                         ; 0 / 4 ( 0 % )                              ;
+------------------------------------+--------------------------------------------+


+------------------------------------------------------------------------------------------------------------------------------------------------------------+
; Fitter Settings                                                                                                                                            ;
+----------------------------------------------------------------------------+---------------------------------------+---------------------------------------+
; Option                                                                     ; Setting                               ; Default Value                         ;
+----------------------------------------------------------------------------+---------------------------------------+---------------------------------------+
; Device                                                                     ; EP4CE22F17C6                          ;                                       ;
; Nominal Core Supply Voltage                                                ; 1.2V                                  ;                                       ;
; Minimum Core Junction Temperature                                          ; 0                                     ;                                       ;
; Maximum Core Junction Temperature                                          ; 85                                    ;                                       ;
; Fit Attempts to Skip                                                       ; 0                                     ; 0.0                                   ;
; Device I/O Standard                                                        ; 2.5 V                                 ;                                       ;
; Use smart compilation                                                      ; Off                                   ; Off                                   ;
; Enable parallel Assembler and TimeQuest Timing Analyzer during compilation ; On                                    ; On                                    ;
; Enable compact report table                                                ; Off                                   ; Off                                   ;
; Auto Merge PLLs                                                            ; On                                    ; On                                    ;
; Router Timing Optimization Level                                           ; Normal                                ; Normal                                ;
; Perform Clocking Topology Analysis During Routing                          ; Off                                   ; Off                                   ;
; Placement Effort Multiplier                                                ; 1.0                                   ; 1.0                                   ;
; Router Effort Multiplier                                                   ; 1.0                                   ; 1.0                                   ;
; Optimize Hold Timing                                                       ; All Paths                             ; All Paths                             ;
; Optimize Multi-Corner Timing                                               ; On                                    ; On                                    ;
; PowerPlay Power Optimization                                               ; Normal compilation                    ; Normal compilation                    ;
; SSN Optimization                                                           ; Off                                   ; Off                                   ;
; Optimize Timing                                                            ; Normal compilation                    ; Normal compilation                    ;
; Optimize Timing for ECOs                                                   ; Off                                   ; Off                                   ;
; Regenerate full fit report during ECO compiles                             ; Off                                   ; Off                                   ;
; Optimize IOC Register Placement for Timing                                 ; Normal                                ; Normal                                ;
; Limit to One Fitting Attempt                                               ; Off                                   ; Off                                   ;
; Final Placement Optimizations                                              ; Automatically                         ; Automatically                         ;
; Fitter Aggressive Routability Optimizations                                ; Automatically                         ; Automatically                         ;
; Fitter Initial Placement Seed                                              ; 1                                     ; 1                                     ;
; PCI I/O                                                                    ; Off                                   ; Off                                   ;
; Weak Pull-Up Resistor                                                      ; Off                                   ; Off                                   ;
; Enable Bus-Hold Circuitry                                                  ; Off                                   ; Off                                   ;
; Auto Packed Registers                                                      ; Auto                                  ; Auto                                  ;
; Auto Delay Chains                                                          ; On                                    ; On                                    ;
; Auto Delay Chains for High Fanout Input Pins                               ; Off                                   ; Off                                   ;
; Allow Single-ended Buffer for Differential-XSTL Input                      ; Off                                   ; Off                                   ;
; Treat Bidirectional Pin as Output Pin                                      ; Off                                   ; Off                                   ;
; Perform Physical Synthesis for Combinational Logic for Fitting             ; Off                                   ; Off                                   ;
; Perform Physical Synthesis for Combinational Logic for Performance         ; Off                                   ; Off                                   ;
; Perform Register Duplication for Performance                               ; Off                                   ; Off                                   ;
; Perform Logic to Memory Mapping for Fitting                                ; Off                                   ; Off                                   ;
; Perform Register Retiming for Performance                                  ; Off                                   ; Off                                   ;
; Perform Asynchronous Signal Pipelining                                     ; Off                                   ; Off                                   ;
; Fitter Effort                                                              ; Auto Fit                              ; Auto Fit                              ;
; Physical Synthesis Effort Level                                            ; Normal                                ; Normal                                ;
; Logic Cell Insertion - Logic Duplication                                   ; Auto                                  ; Auto                                  ;
; Auto Register Duplication                                                  ; Auto                                  ; Auto                                  ;
; Auto Global Clock                                                          ; On                                    ; On                                    ;
; Auto Global Register Control Signals                                       ; On                                    ; On                                    ;
; Reserve all unused pins                                                    ; As input tri-stated with weak pull-up ; As input tri-stated with weak pull-up ;
; Synchronizer Identification                                                ; Off                                   ; Off                                   ;
; Enable Beneficial Skew Optimization                                        ; On                                    ; On                                    ;
; Optimize Design for Metastability                                          ; On                                    ; On                                    ;
; Force Fitter to Avoid Periphery Placement Warnings                         ; Off                                   ; Off                                   ;
; Enable input tri-state on active configuration pins in user mode           ; Off                                   ; Off                                   ;
+----------------------------------------------------------------------------+---------------------------------------+---------------------------------------+


+------------------------------------------+
; Parallel Compilation                     ;
+----------------------------+-------------+
; Processors                 ; Number      ;
+----------------------------+-------------+
; Number detected on machine ; 12          ;
; Maximum allowed            ; 6           ;
;                            ;             ;
; Average used               ; 1.00        ;
; Maximum used               ; 6           ;
;                            ;             ;
; Usage by Processor         ; % Time Used ;
;     Processor 1            ; 100.0%      ;
;     Processors 2-6         ; < 0.1%      ;
;     Processors 7-12        ;   0.0%      ;
+----------------------------+-------------+


+----------------------------------------------------+
; I/O Assignment Warnings                            ;
+-------------+--------------------------------------+
; Pin Name    ; Reason                               ;
+-------------+--------------------------------------+
; lcd_rs      ; Missing drive strength and slew rate ;
; lcd_e       ; Missing drive strength and slew rate ;
; lcd_db[0]   ; Missing drive strength and slew rate ;
; lcd_db[1]   ; Missing drive strength and slew rate ;
; lcd_db[2]   ; Missing drive strength and slew rate ;
; lcd_db[3]   ; Missing drive strength and slew rate ;
; lcd_db[4]   ; Missing drive strength and slew rate ;
; lcd_db[5]   ; Missing drive strength and slew rate ;
; lcd_db[6]   ; Missing drive strength and slew rate ;
; lcd_db[7]   ; Missing drive strength and slew rate ;
; led_hum[0]  ; Missing drive strength and slew rate ;
; led_hum[1]  ; Missing drive strength and slew rate ;
; led_hum[2]  ; Missing drive strength and slew rate ;
; led_hum[3]  ; Missing drive strength and slew rate ;
; led_hum[4]  ; Missing drive strength and slew rate ;
; led_hum[5]  ; Missing drive strength and slew rate ;
; led_hum[6]  ; Missing drive strength and slew rate ;
; led_hum[7]  ; Missing drive strength and slew rate ;
; led_temp[0] ; Missing drive strength and slew rate ;
; led_temp[1] ; Missing drive strength and slew rate ;
; led_temp[2] ; Missing drive strength and slew rate ;
; led_temp[3] ; Missing drive strength and slew rate ;
; led_temp[4] ; Missing drive strength and slew rate ;
; led_temp[5] ; Missing drive strength and slew rate ;
; dht11       ; Missing drive strength and slew rate ;
+-------------+--------------------------------------+


+---------------------------------------------------------------------------------------------------+
; Incremental Compilation Preservation Summary                                                      ;
+---------------------+---------------------+----------------------------+--------------------------+
; Type                ; Total [A + B]       ; From Design Partitions [A] ; From Rapid Recompile [B] ;
+---------------------+---------------------+----------------------------+--------------------------+
; Placement (by node) ;                     ;                            ;                          ;
;     -- Requested    ; 0.00 % ( 0 / 1068 ) ; 0.00 % ( 0 / 1068 )        ; 0.00 % ( 0 / 1068 )      ;
;     -- Achieved     ; 0.00 % ( 0 / 1068 ) ; 0.00 % ( 0 / 1068 )        ; 0.00 % ( 0 / 1068 )      ;
;                     ;                     ;                            ;                          ;
; Routing (by net)    ;                     ;                            ;                          ;
;     -- Requested    ; 0.00 % ( 0 / 0 )    ; 0.00 % ( 0 / 0 )           ; 0.00 % ( 0 / 0 )         ;
;     -- Achieved     ; 0.00 % ( 0 / 0 )    ; 0.00 % ( 0 / 0 )           ; 0.00 % ( 0 / 0 )         ;
+---------------------+---------------------+----------------------------+--------------------------+


+----------------------------------------------------------------------------------------------------------------------------------------------------------------------------------------+
; Incremental Compilation Partition Settings                                                                                                                                             ;
+--------------------------------+----------------+-------------------+-------------------------+------------------------+------------------------------+--------------------------------+
; Partition Name                 ; Partition Type ; Netlist Type Used ; Preservation Level Used ; Netlist Type Requested ; Preservation Level Requested ; Contents                       ;
+--------------------------------+----------------+-------------------+-------------------------+------------------------+------------------------------+--------------------------------+
; Top                            ; User-created   ; Source File       ; N/A                     ; Source File            ; N/A                          ;                                ;
; hard_block:auto_generated_inst ; Auto-generated ; Source File       ; N/A                     ; Source File            ; N/A                          ; hard_block:auto_generated_inst ;
+--------------------------------+----------------+-------------------+-------------------------+------------------------+------------------------------+--------------------------------+


+------------------------------------------------------------------------------------------------------------------------------------+
; Incremental Compilation Placement Preservation                                                                                     ;
+--------------------------------+-----------------------+-------------------------+-------------------+---------------------+-------+
; Partition Name                 ; Preservation Achieved ; Preservation Level Used ; Netlist Type Used ; Preservation Method ; Notes ;
+--------------------------------+-----------------------+-------------------------+-------------------+---------------------+-------+
; Top                            ; 0.00 % ( 0 / 1058 )   ; N/A                     ; Source File       ; N/A                 ;       ;
; hard_block:auto_generated_inst ; 0.00 % ( 0 / 10 )     ; N/A                     ; Source File       ; N/A                 ;       ;
+--------------------------------+-----------------------+-------------------------+-------------------+---------------------+-------+


+--------------+
; Pin-Out File ;
+--------------+
The pin-out file can be found in C:/altera/New12/New/output_files/Top_Module.pin.


+----------------------------------------------------------------------+
; Fitter Resource Usage Summary                                        ;
+---------------------------------------------+------------------------+
; Resource                                    ; Usage                  ;
+---------------------------------------------+------------------------+
; Total logic elements                        ; 795 / 22,320 ( 4 % )   ;
;     -- Combinational with no register       ; 580                    ;
;     -- Register only                        ; 9                      ;
;     -- Combinational with a register        ; 206                    ;
;                                             ;                        ;
; Logic element usage by number of LUT inputs ;                        ;
;     -- 4 input functions                    ; 157                    ;
;     -- 3 input functions                    ; 192                    ;
;     -- <=2 input functions                  ; 437                    ;
;     -- Register only                        ; 9                      ;
;                                             ;                        ;
; Logic elements by mode                      ;                        ;
;     -- normal mode                          ; 560                    ;
;     -- arithmetic mode                      ; 226                    ;
;                                             ;                        ;
; Total registers*                            ; 215 / 23,018 ( < 1 % ) ;
;     -- Dedicated logic registers            ; 215 / 22,320 ( < 1 % ) ;
;     -- I/O registers                        ; 0 / 698 ( 0 % )        ;
;                                             ;                        ;
; Total LABs:  partially or completely used   ; 65 / 1,395 ( 5 % )     ;
; Virtual pins                                ; 0                      ;
; I/O pins                                    ; 27 / 154 ( 18 % )      ;
;     -- Clock pins                           ; 1 / 7 ( 14 % )         ;
;     -- Dedicated input pins                 ; 0 / 9 ( 0 % )          ;
;                                             ;                        ;
; Global signals                              ; 2                      ;
; M9Ks                                        ; 0 / 66 ( 0 % )         ;
; Total block memory bits                     ; 0 / 608,256 ( 0 % )    ;
; Total block memory implementation bits      ; 0 / 608,256 ( 0 % )    ;
; Embedded Multiplier 9-bit elements          ; 0 / 132 ( 0 % )        ;
; PLLs                                        ; 0 / 4 ( 0 % )          ;
; Global clocks                               ; 2 / 20 ( 10 % )        ;
; JTAGs                                       ; 0 / 1 ( 0 % )          ;
; CRC blocks                                  ; 0 / 1 ( 0 % )          ;
; ASMI blocks                                 ; 0 / 1 ( 0 % )          ;
; Impedance control blocks                    ; 0 / 4 ( 0 % )          ;
; Average interconnect usage (total/H/V)      ; 0% / 0% / 0%           ;
; Peak interconnect usage (total/H/V)         ; 4% / 4% / 4%           ;
; Maximum fan-out                             ; 124                    ;
; Highest non-global fan-out                  ; 124                    ;
; Total fan-out                               ; 2754                   ;
; Average fan-out                             ; 2.56                   ;
+---------------------------------------------+------------------------+
*  Register count does not include registers inside RAM blocks or DSP blocks.



+------------------------------------------------------------------------------------------------------+
; Fitter Partition Statistics                                                                          ;
+---------------------------------------------+-----------------------+--------------------------------+
; Statistic                                   ; Top                   ; hard_block:auto_generated_inst ;
+---------------------------------------------+-----------------------+--------------------------------+
; Difficulty Clustering Region                ; Low                   ; Low                            ;
;                                             ;                       ;                                ;
; Total logic elements                        ; 795 / 22320 ( 4 % )   ; 0 / 22320 ( 0 % )              ;
;     -- Combinational with no register       ; 580                   ; 0                              ;
;     -- Register only                        ; 9                     ; 0                              ;
;     -- Combinational with a register        ; 206                   ; 0                              ;
;                                             ;                       ;                                ;
; Logic element usage by number of LUT inputs ;                       ;                                ;
;     -- 4 input functions                    ; 157                   ; 0                              ;
;     -- 3 input functions                    ; 192                   ; 0                              ;
;     -- <=2 input functions                  ; 437                   ; 0                              ;
;     -- Register only                        ; 9                     ; 0                              ;
;                                             ;                       ;                                ;
; Logic elements by mode                      ;                       ;                                ;
;     -- normal mode                          ; 560                   ; 0                              ;
;     -- arithmetic mode                      ; 226                   ; 0                              ;
;                                             ;                       ;                                ;
; Total registers                             ; 215                   ; 0                              ;
;     -- Dedicated logic registers            ; 215 / 22320 ( < 1 % ) ; 0 / 22320 ( 0 % )              ;
;     -- I/O registers                        ; 0                     ; 0                              ;
;                                             ;                       ;                                ;
; Total LABs:  partially or completely used   ; 65 / 1395 ( 5 % )     ; 0 / 1395 ( 0 % )               ;
;                                             ;                       ;                                ;
; Virtual pins                                ; 0                     ; 0                              ;
; I/O pins                                    ; 27                    ; 0                              ;
; Embedded Multiplier 9-bit elements          ; 0 / 132 ( 0 % )       ; 0 / 132 ( 0 % )                ;
; Total memory bits                           ; 0                     ; 0                              ;
; Total RAM block bits                        ; 0                     ; 0                              ;
; Clock control block                         ; 2 / 24 ( 8 % )        ; 0 / 24 ( 0 % )                 ;
;                                             ;                       ;                                ;
; Connections                                 ;                       ;                                ;
;     -- Input Connections                    ; 1                     ; 0                              ;
;     -- Registered Input Connections         ; 0                     ; 0                              ;
;     -- Output Connections                   ; 1                     ; 0                              ;
;     -- Registered Output Connections        ; 0                     ; 0                              ;
;                                             ;                       ;                                ;
; Internal Connections                        ;                       ;                                ;
;     -- Total Connections                    ; 2749                  ; 5                              ;
;     -- Registered Connections               ; 837                   ; 0                              ;
;                                             ;                       ;                                ;
; External Connections                        ;                       ;                                ;
;     -- Top                                  ; 2                     ; 0                              ;
;     -- hard_block:auto_generated_inst       ; 0                     ; 0                              ;
;                                             ;                       ;                                ;
; Partition Interface                         ;                       ;                                ;
;     -- Input Ports                          ; 2                     ; 0                              ;
;     -- Output Ports                         ; 24                    ; 0                              ;
;     -- Bidir Ports                          ; 1                     ; 0                              ;
;                                             ;                       ;                                ;
; Registered Ports                            ;                       ;                                ;
;     -- Registered Input Ports               ; 0                     ; 0                              ;
;     -- Registered Output Ports              ; 0                     ; 0                              ;
;                                             ;                       ;                                ;
; Port Connectivity                           ;                       ;                                ;
;     -- Input Ports driven by GND            ; 0                     ; 0                              ;
;     -- Output Ports driven by GND           ; 0                     ; 0                              ;
;     -- Input Ports driven by VCC            ; 0                     ; 0                              ;
;     -- Output Ports driven by VCC           ; 0                     ; 0                              ;
;     -- Input Ports with no Source           ; 0                     ; 0                              ;
;     -- Output Ports with no Source          ; 0                     ; 0                              ;
;     -- Input Ports with no Fanout           ; 0                     ; 0                              ;
;     -- Output Ports with no Fanout          ; 0                     ; 0                              ;
+---------------------------------------------+-----------------------+--------------------------------+


+----------------------------------------------------------------------------------------------------------------------------------------------------------------------------------------------------------------------------------------------------------------------------+
; Input Pins                                                                                                                                                                                                                                                                 ;
+-------+-------+----------+--------------+--------------+--------------+-----------------------+--------------------+--------+----------------+---------------+-----------------+----------+--------------+--------------+---------------------------+----------------------+
; Name  ; Pin # ; I/O Bank ; X coordinate ; Y coordinate ; Z coordinate ; Combinational Fan-Out ; Registered Fan-Out ; Global ; Input Register ; Power Up High ; PCI I/O Enabled ; Bus Hold ; Weak Pull Up ; I/O Standard ; Termination Control Block ; Location assigned by ;
+-------+-------+----------+--------------+--------------+--------------+-----------------------+--------------------+--------+----------------+---------------+-----------------+----------+--------------+--------------+---------------------------+----------------------+
; clk   ; R8    ; 3        ; 27           ; 0            ; 21           ; 97                    ; 0                  ; yes    ; no             ; no            ; yes             ; no       ; Off          ; 2.5 V        ; --                        ; User                 ;
; rst_n ; J15   ; 5        ; 53           ; 14           ; 0            ; 124                   ; 0                  ; no     ; no             ; no            ; yes             ; no       ; Off          ; 2.5 V        ; --                        ; User                 ;
+-------+-------+----------+--------------+--------------+--------------+-----------------------+--------------------+--------+----------------+---------------+-----------------+----------+--------------+--------------+---------------------------+----------------------+


+--------------------------------------------------------------------------------------------------------------------------------------------------------------------------------------------------------------------------------------------------------------------------------------------------------------------------------------------------------------------------------------------------------------------------------------------------------------+
; Output Pins                                                                                                                                                                                                                                                                                                                                                                                                                                                  ;
+-------------+-------+----------+--------------+--------------+--------------+-----------------+------------------------+---------------+-----------+-----------------+------------+---------------+----------+--------------+--------------+------------------+-----------------------------------+---------------------------+----------------------------+-----------------------------+----------------------+----------------------+---------------------+
; Name        ; Pin # ; I/O Bank ; X coordinate ; Y coordinate ; Z coordinate ; Output Register ; Output Enable Register ; Power Up High ; Slew Rate ; PCI I/O Enabled ; Open Drain ; TRI Primitive ; Bus Hold ; Weak Pull Up ; I/O Standard ; Current Strength ; Termination                       ; Termination Control Block ; Output Buffer Pre-emphasis ; Voltage Output Differential ; Location assigned by ; Output Enable Source ; Output Enable Group ;
+-------------+-------+----------+--------------+--------------+--------------+-----------------+------------------------+---------------+-----------+-----------------+------------+---------------+----------+--------------+--------------+------------------+-----------------------------------+---------------------------+----------------------------+-----------------------------+----------------------+----------------------+---------------------+
; lcd_db[0]   ; D5    ; 8        ; 5            ; 34           ; 14           ; no              ; no                     ; no            ; 2         ; no              ; no         ; no            ; no       ; Off          ; 2.5 V        ; Default          ; Series 50 Ohm without Calibration ; --                        ; no                         ; no                          ; User                 ; -                    ; -                   ;
; lcd_db[1]   ; A6    ; 8        ; 16           ; 34           ; 0            ; no              ; no                     ; no            ; 2         ; no              ; no         ; no            ; no       ; Off          ; 2.5 V        ; Default          ; Series 50 Ohm without Calibration ; --                        ; no                         ; no                          ; User                 ; -                    ; -                   ;
; lcd_db[2]   ; D6    ; 8        ; 9            ; 34           ; 7            ; no              ; no                     ; no            ; 2         ; no              ; no         ; no            ; no       ; Off          ; 2.5 V        ; Default          ; Series 50 Ohm without Calibration ; --                        ; no                         ; no                          ; User                 ; -                    ; -                   ;
; lcd_db[3]   ; C6    ; 8        ; 18           ; 34           ; 21           ; no              ; no                     ; no            ; 2         ; no              ; no         ; no            ; no       ; Off          ; 2.5 V        ; Default          ; Series 50 Ohm without Calibration ; --                        ; no                         ; no                          ; User                 ; -                    ; -                   ;
; lcd_db[4]   ; D3    ; 8        ; 1            ; 34           ; 7            ; no              ; no                     ; no            ; 2         ; no              ; no         ; no            ; no       ; Off          ; 2.5 V        ; Default          ; Series 50 Ohm without Calibration ; --                        ; no                         ; no                          ; User                 ; -                    ; -                   ;
; lcd_db[5]   ; C3    ; 8        ; 1            ; 34           ; 0            ; no              ; no                     ; no            ; 2         ; no              ; no         ; no            ; no       ; Off          ; 2.5 V        ; Default          ; Series 50 Ohm without Calibration ; --                        ; no                         ; no                          ; User                 ; -                    ; -                   ;
; lcd_db[6]   ; A2    ; 8        ; 7            ; 34           ; 7            ; no              ; no                     ; no            ; 2         ; no              ; no         ; no            ; no       ; Off          ; 2.5 V        ; Default          ; Series 50 Ohm without Calibration ; --                        ; no                         ; no                          ; User                 ; -                    ; -                   ;
; lcd_db[7]   ; A3    ; 8        ; 7            ; 34           ; 14           ; no              ; no                     ; no            ; 2         ; no              ; no         ; no            ; no       ; Off          ; 2.5 V        ; Default          ; Series 50 Ohm without Calibration ; --                        ; no                         ; no                          ; User                 ; -                    ; -                   ;
; lcd_e       ; B4    ; 8        ; 7            ; 34           ; 0            ; no              ; no                     ; no            ; 2         ; no              ; no         ; no            ; no       ; Off          ; 2.5 V        ; Default          ; Series 50 Ohm without Calibration ; --                        ; no                         ; no                          ; User                 ; -                    ; -                   ;
; lcd_rs      ; B3    ; 8        ; 3            ; 34           ; 0            ; no              ; no                     ; no            ; 2         ; no              ; no         ; no            ; no       ; Off          ; 2.5 V        ; Default          ; Series 50 Ohm without Calibration ; --                        ; no                         ; no                          ; User                 ; -                    ; -                   ;
; led_hum[0]  ; A15   ; 7        ; 38           ; 34           ; 14           ; no              ; no                     ; no            ; 2         ; no              ; no         ; no            ; no       ; Off          ; 2.5 V        ; Default          ; Series 50 Ohm without Calibration ; --                        ; no                         ; no                          ; User                 ; -                    ; -                   ;
; led_hum[1]  ; A13   ; 7        ; 49           ; 34           ; 0            ; no              ; no                     ; no            ; 2         ; no              ; no         ; no            ; no       ; Off          ; 2.5 V        ; Default          ; Series 50 Ohm without Calibration ; --                        ; no                         ; no                          ; User                 ; -                    ; -                   ;
; led_hum[2]  ; B13   ; 7        ; 49           ; 34           ; 7            ; no              ; no                     ; no            ; 2         ; no              ; no         ; no            ; no       ; Off          ; 2.5 V        ; Default          ; Series 50 Ohm without Calibration ; --                        ; no                         ; no                          ; User                 ; -                    ; -                   ;
; led_hum[3]  ; A11   ; 7        ; 40           ; 34           ; 0            ; no              ; no                     ; no            ; 2         ; no              ; no         ; no            ; no       ; Off          ; 2.5 V        ; Default          ; Series 50 Ohm without Calibration ; --                        ; no                         ; no                          ; User                 ; -                    ; -                   ;
; led_hum[4]  ; D1    ; 1        ; 0            ; 25           ; 7            ; no              ; no                     ; no            ; 2         ; no              ; no         ; no            ; no       ; Off          ; 2.5 V        ; Default          ; Series 50 Ohm without Calibration ; --                        ; no                         ; no                          ; User                 ; -                    ; -                   ;
; led_hum[5]  ; F3    ; 1        ; 0            ; 26           ; 14           ; no              ; no                     ; no            ; 2         ; no              ; no         ; no            ; no       ; Off          ; 2.5 V        ; Default          ; Series 50 Ohm without Calibration ; --                        ; no                         ; no                          ; User                 ; -                    ; -                   ;
; led_hum[6]  ; B1    ; 1        ; 0            ; 28           ; 7            ; no              ; no                     ; no            ; 2         ; no              ; no         ; no            ; no       ; Off          ; 2.5 V        ; Default          ; Series 50 Ohm without Calibration ; --                        ; no                         ; no                          ; User                 ; -                    ; -                   ;
; led_hum[7]  ; L3    ; 2        ; 0            ; 10           ; 21           ; no              ; no                     ; no            ; 2         ; no              ; no         ; no            ; no       ; Off          ; 2.5 V        ; Default          ; Series 50 Ohm without Calibration ; --                        ; no                         ; no                          ; User                 ; -                    ; -                   ;
; led_temp[0] ; T10   ; 4        ; 34           ; 0            ; 14           ; no              ; no                     ; no            ; 2         ; no              ; no         ; no            ; no       ; Off          ; 2.5 V        ; Default          ; Series 50 Ohm without Calibration ; --                        ; no                         ; no                          ; User                 ; -                    ; -                   ;
; led_temp[1] ; P11   ; 4        ; 38           ; 0            ; 0            ; no              ; no                     ; no            ; 2         ; no              ; no         ; no            ; no       ; Off          ; 2.5 V        ; Default          ; Series 50 Ohm without Calibration ; --                        ; no                         ; no                          ; User                 ; -                    ; -                   ;
; led_temp[2] ; N12   ; 4        ; 47           ; 0            ; 21           ; no              ; no                     ; no            ; 2         ; no              ; no         ; no            ; no       ; Off          ; 2.5 V        ; Default          ; Series 50 Ohm without Calibration ; --                        ; no                         ; no                          ; User                 ; -                    ; -                   ;
; led_temp[3] ; N9    ; 4        ; 29           ; 0            ; 0            ; no              ; no                     ; no            ; 2         ; no              ; no         ; no            ; no       ; Off          ; 2.5 V        ; Default          ; Series 50 Ohm without Calibration ; --                        ; no                         ; no                          ; User                 ; -                    ; -                   ;
; led_temp[4] ; L16   ; 5        ; 53           ; 11           ; 7            ; no              ; no                     ; no            ; 2         ; no              ; no         ; no            ; no       ; Off          ; 2.5 V        ; Default          ; Series 50 Ohm without Calibration ; --                        ; no                         ; no                          ; User                 ; -                    ; -                   ;
; led_temp[5] ; R16   ; 5        ; 53           ; 8            ; 21           ; no              ; no                     ; no            ; 2         ; no              ; no         ; no            ; no       ; Off          ; 2.5 V        ; Default          ; Series 50 Ohm without Calibration ; --                        ; no                         ; no                          ; User                 ; -                    ; -                   ;
+-------------+-------+----------+--------------+--------------+--------------+-----------------+------------------------+---------------+-----------+-----------------+------------+---------------+----------+--------------+--------------+------------------+-----------------------------------+---------------------------+----------------------------+-----------------------------+----------------------+----------------------+---------------------+


+--------------------------------------------------------------------------------------------------------------------------------------------------------------------------------------------------------------------------------------------------------------------------------------------------------------------------------------------------------------------------------------------------------------------------------------------------------------------------------+
; Bidir Pins                                                                                                                                                                                                                                                                                                                                                                                                                                                                     ;
+-------+-------+----------+--------------+--------------+--------------+-----------------------+--------------------+--------+----------------+-----------------+------------------------+---------------+-----------+-----------------+------------+----------+--------------+--------------+------------------+-----------------------------------+---------------------------+----------------------+------+-------------------------------------------+---------------------+
; Name  ; Pin # ; I/O Bank ; X coordinate ; Y coordinate ; Z coordinate ; Combinational Fan-Out ; Registered Fan-Out ; Global ; Input Register ; Output Register ; Output Enable Register ; Power Up High ; Slew Rate ; PCI I/O Enabled ; Open Drain ; Bus Hold ; Weak Pull Up ; I/O Standard ; Current Strength ; Output Termination                ; Termination Control Block ; Location assigned by ; Load ; Output Enable Source                      ; Output Enable Group ;
+-------+-------+----------+--------------+--------------+--------------+-----------------------+--------------------+--------+----------------+-----------------+------------------------+---------------+-----------+-----------------+------------+----------+--------------+--------------+------------------+-----------------------------------+---------------------------+----------------------+------+-------------------------------------------+---------------------+
; dht11 ; B12   ; 7        ; 43           ; 34           ; 21           ; 1                     ; 0                  ; no     ; no             ; no              ; no                     ; no            ; 2         ; yes             ; yes        ; no       ; Off          ; 2.5 V        ; Default          ; Series 50 Ohm without Calibration ; --                        ; User                 ; 0 pF ; DHT11_Controller:dht11_ctrl|dht_buffer~en ; -                   ;
+-------+-------+----------+--------------+--------------+--------------+-----------------------+--------------------+--------+----------------+-----------------+------------------------+---------------+-----------+-----------------+------------+----------+--------------+--------------+------------------+-----------------------------------+---------------------------+----------------------+------+-------------------------------------------+---------------------+


+-------------------------------------------------------------------------------------------------------------------------------------+
; Dual Purpose and Dedicated Pins                                                                                                     ;
+----------+-----------------------------------------+--------------------------+-------------------------+---------------------------+
; Location ; Pin Name                                ; Reserved As              ; User Signal Name        ; Pin Type                  ;
+----------+-----------------------------------------+--------------------------+-------------------------+---------------------------+
; C1       ; DIFFIO_L3n, DATA1, ASDO                 ; As input tri-stated      ; ~ALTERA_ASDO_DATA1~     ; Dual Purpose Pin          ;
; D2       ; DIFFIO_L4p, FLASH_nCE, nCSO             ; As input tri-stated      ; ~ALTERA_FLASH_nCE_nCSO~ ; Dual Purpose Pin          ;
; F4       ; nSTATUS                                 ; -                        ; -                       ; Dedicated Programming Pin ;
; H1       ; DCLK                                    ; As output driving ground ; ~ALTERA_DCLK~           ; Dual Purpose Pin          ;
; H2       ; DATA0                                   ; As input tri-stated      ; ~ALTERA_DATA0~          ; Dual Purpose Pin          ;
; H5       ; nCONFIG                                 ; -                        ; -                       ; Dedicated Programming Pin ;
; J3       ; nCE                                     ; -                        ; -                       ; Dedicated Programming Pin ;
; J15      ; DIFFIO_R9p, DEV_CLRn                    ; Use as regular IO        ; rst_n                   ; Dual Purpose Pin          ;
; H14      ; CONF_DONE                               ; -                        ; -                       ; Dedicated Programming Pin ;
; H13      ; MSEL0                                   ; -                        ; -                       ; Dedicated Programming Pin ;
; H12      ; MSEL1                                   ; -                        ; -                       ; Dedicated Programming Pin ;
; G12      ; MSEL2                                   ; -                        ; -                       ; Dedicated Programming Pin ;
; G12      ; MSEL3                                   ; -                        ; -                       ; Dedicated Programming Pin ;
; F16      ; DIFFIO_R4n, nCEO                        ; Use as programming pin   ; ~ALTERA_nCEO~           ; Dual Purpose Pin          ;
; A15      ; DIFFIO_T19n, PADD1                      ; Use as regular IO        ; led_hum[0]              ; Dual Purpose Pin          ;
; A6       ; DIFFIO_T7n, DATA14, DQS3T/CQ3T#,DPCLK11 ; Use as regular IO        ; lcd_db[1]               ; Dual Purpose Pin          ;
; D6       ; DIFFIO_T4n, DATA9                       ; Use as regular IO        ; lcd_db[2]               ; Dual Purpose Pin          ;
; B4       ; DIFFIO_T3p, DATA11                      ; Use as regular IO        ; lcd_e                   ; Dual Purpose Pin          ;
; B3       ; DATA12, DQS1T/CQ1T#,CDPCLK7             ; Use as regular IO        ; lcd_rs                  ; Dual Purpose Pin          ;
+----------+-----------------------------------------+--------------------------+-------------------------+---------------------------+


+------------------------------------------------------------+
; I/O Bank Usage                                             ;
+----------+------------------+---------------+--------------+
; I/O Bank ; Usage            ; VCCIO Voltage ; VREF Voltage ;
+----------+------------------+---------------+--------------+
; 1        ; 7 / 14 ( 50 % )  ; 2.5V          ; --           ;
; 2        ; 1 / 16 ( 6 % )   ; 2.5V          ; --           ;
; 3        ; 1 / 25 ( 4 % )   ; 2.5V          ; --           ;
; 4        ; 4 / 20 ( 20 % )  ; 2.5V          ; --           ;
; 5        ; 3 / 18 ( 17 % )  ; 2.5V          ; --           ;
; 6        ; 1 / 13 ( 8 % )   ; 2.5V          ; --           ;
; 7        ; 5 / 24 ( 21 % )  ; 2.5V          ; --           ;
; 8        ; 10 / 24 ( 42 % ) ; 2.5V          ; --           ;
+----------+------------------+---------------+--------------+


+-----------------------------------------------------------------------------------------------------------------------------------------------------------------------------------------+
; All Package Pins                                                                                                                                                                        ;
+----------+------------+----------+-----------------------------------------------------------+--------+--------------+---------+------------+-----------------+----------+--------------+
; Location ; Pad Number ; I/O Bank ; Pin Name/Usage                                            ; Dir.   ; I/O Standard ; Voltage ; I/O Type   ; User Assignment ; Bus Hold ; Weak Pull Up ;
+----------+------------+----------+-----------------------------------------------------------+--------+--------------+---------+------------+-----------------+----------+--------------+
; A1       ;            ; 8        ; VCCIO8                                                    ; power  ;              ; 2.5V    ; --         ;                 ; --       ; --           ;
; A2       ; 238        ; 8        ; lcd_db[6]                                                 ; output ; 2.5 V        ;         ; Column I/O ; Y               ; no       ; Off          ;
; A3       ; 239        ; 8        ; lcd_db[7]                                                 ; output ; 2.5 V        ;         ; Column I/O ; Y               ; no       ; Off          ;
; A4       ; 236        ; 8        ; RESERVED_INPUT_WITH_WEAK_PULLUP                           ;        ;              ;         ; Column I/O ;                 ; no       ; On           ;
; A5       ; 232        ; 8        ; RESERVED_INPUT_WITH_WEAK_PULLUP                           ;        ;              ;         ; Column I/O ;                 ; no       ; On           ;
; A6       ; 225        ; 8        ; lcd_db[1]                                                 ; output ; 2.5 V        ;         ; Column I/O ; Y               ; no       ; Off          ;
; A7       ; 220        ; 8        ; RESERVED_INPUT_WITH_WEAK_PULLUP                           ;        ;              ;         ; Column I/O ;                 ; no       ; On           ;
; A8       ; 211        ; 8        ; GND+                                                      ;        ;              ;         ; Column I/O ;                 ; --       ; --           ;
; A9       ; 209        ; 7        ; GND+                                                      ;        ;              ;         ; Column I/O ;                 ; --       ; --           ;
; A10      ; 198        ; 7        ; RESERVED_INPUT_WITH_WEAK_PULLUP                           ;        ;              ;         ; Column I/O ;                 ; no       ; On           ;
; A11      ; 188        ; 7        ; led_hum[3]                                                ; output ; 2.5 V        ;         ; Column I/O ; Y               ; no       ; Off          ;
; A12      ; 186        ; 7        ; RESERVED_INPUT_WITH_WEAK_PULLUP                           ;        ;              ;         ; Column I/O ;                 ; no       ; On           ;
; A13      ; 179        ; 7        ; led_hum[1]                                                ; output ; 2.5 V        ;         ; Column I/O ; Y               ; no       ; Off          ;
; A14      ; 181        ; 7        ; RESERVED_INPUT_WITH_WEAK_PULLUP                           ;        ;              ;         ; Column I/O ;                 ; no       ; On           ;
; A15      ; 191        ; 7        ; led_hum[0]                                                ; output ; 2.5 V        ;         ; Column I/O ; Y               ; no       ; Off          ;
; A16      ;            ; 7        ; VCCIO7                                                    ; power  ;              ; 2.5V    ; --         ;                 ; --       ; --           ;
; B1       ; 5          ; 1        ; led_hum[6]                                                ; output ; 2.5 V        ;         ; Row I/O    ; Y               ; no       ; Off          ;
; B2       ;            ;          ; GND                                                       ; gnd    ;              ;         ; --         ;                 ; --       ; --           ;
; B3       ; 242        ; 8        ; lcd_rs                                                    ; output ; 2.5 V        ;         ; Column I/O ; Y               ; no       ; Off          ;
; B4       ; 237        ; 8        ; lcd_e                                                     ; output ; 2.5 V        ;         ; Column I/O ; Y               ; no       ; Off          ;
; B5       ; 233        ; 8        ; RESERVED_INPUT_WITH_WEAK_PULLUP                           ;        ;              ;         ; Column I/O ;                 ; no       ; On           ;
; B6       ; 226        ; 8        ; RESERVED_INPUT_WITH_WEAK_PULLUP                           ;        ;              ;         ; Column I/O ;                 ; no       ; On           ;
; B7       ; 221        ; 8        ; RESERVED_INPUT_WITH_WEAK_PULLUP                           ;        ;              ;         ; Column I/O ;                 ; no       ; On           ;
; B8       ; 212        ; 8        ; GND+                                                      ;        ;              ;         ; Column I/O ;                 ; --       ; --           ;
; B9       ; 210        ; 7        ; GND+                                                      ;        ;              ;         ; Column I/O ;                 ; --       ; --           ;
; B10      ; 199        ; 7        ; RESERVED_INPUT_WITH_WEAK_PULLUP                           ;        ;              ;         ; Column I/O ;                 ; no       ; On           ;
; B11      ; 189        ; 7        ; RESERVED_INPUT_WITH_WEAK_PULLUP                           ;        ;              ;         ; Column I/O ;                 ; no       ; On           ;
; B12      ; 187        ; 7        ; dht11                                                     ; bidir  ; 2.5 V        ;         ; Column I/O ; Y               ; no       ; Off          ;
; B13      ; 180        ; 7        ; led_hum[2]                                                ; output ; 2.5 V        ;         ; Column I/O ; Y               ; no       ; Off          ;
; B14      ; 182        ; 7        ; RESERVED_INPUT_WITH_WEAK_PULLUP                           ;        ;              ;         ; Column I/O ;                 ; no       ; On           ;
; B15      ;            ;          ; GND                                                       ; gnd    ;              ;         ; --         ;                 ; --       ; --           ;
; B16      ; 164        ; 6        ; RESERVED_INPUT_WITH_WEAK_PULLUP                           ;        ;              ;         ; Row I/O    ;                 ; no       ; On           ;
; C1       ; 7          ; 1        ; ~ALTERA_ASDO_DATA1~ / RESERVED_INPUT_WITH_WEAK_PULLUP     ; input  ; 2.5 V        ;         ; Row I/O    ; N               ; no       ; On           ;
; C2       ; 6          ; 1        ; RESERVED_INPUT_WITH_WEAK_PULLUP                           ;        ;              ;         ; Row I/O    ;                 ; no       ; On           ;
; C3       ; 245        ; 8        ; lcd_db[5]                                                 ; output ; 2.5 V        ;         ; Column I/O ; Y               ; no       ; Off          ;
; C4       ;            ; 8        ; VCCIO8                                                    ; power  ;              ; 2.5V    ; --         ;                 ; --       ; --           ;
; C5       ;            ;          ; GND                                                       ; gnd    ;              ;         ; --         ;                 ; --       ; --           ;
; C6       ; 224        ; 8        ; lcd_db[3]                                                 ; output ; 2.5 V        ;         ; Column I/O ; Y               ; no       ; Off          ;
; C7       ;            ; 8        ; VCCIO8                                                    ; power  ;              ; 2.5V    ; --         ;                 ; --       ; --           ;
; C8       ; 215        ; 8        ; RESERVED_INPUT_WITH_WEAK_PULLUP                           ;        ;              ;         ; Column I/O ;                 ; no       ; On           ;
; C9       ; 200        ; 7        ; RESERVED_INPUT_WITH_WEAK_PULLUP                           ;        ;              ;         ; Column I/O ;                 ; no       ; On           ;
; C10      ;            ; 7        ; VCCIO7                                                    ; power  ;              ; 2.5V    ; --         ;                 ; --       ; --           ;
; C11      ; 190        ; 7        ; RESERVED_INPUT_WITH_WEAK_PULLUP                           ;        ;              ;         ; Column I/O ;                 ; --       ; --           ;
; C12      ;            ;          ; GND                                                       ; gnd    ;              ;         ; --         ;                 ; --       ; --           ;
; C13      ;            ; 7        ; VCCIO7                                                    ; power  ;              ; 2.5V    ; --         ;                 ; --       ; --           ;
; C14      ; 175        ; 7        ; RESERVED_INPUT_WITH_WEAK_PULLUP                           ;        ;              ;         ; Column I/O ;                 ; no       ; On           ;
; C15      ; 174        ; 6        ; RESERVED_INPUT_WITH_WEAK_PULLUP                           ;        ;              ;         ; Row I/O    ;                 ; no       ; On           ;
; C16      ; 173        ; 6        ; RESERVED_INPUT_WITH_WEAK_PULLUP                           ;        ;              ;         ; Row I/O    ;                 ; no       ; On           ;
; D1       ; 10         ; 1        ; led_hum[4]                                                ; output ; 2.5 V        ;         ; Row I/O    ; Y               ; no       ; Off          ;
; D2       ; 9          ; 1        ; ~ALTERA_FLASH_nCE_nCSO~ / RESERVED_INPUT_WITH_WEAK_PULLUP ; input  ; 2.5 V        ;         ; Row I/O    ; N               ; no       ; On           ;
; D3       ; 246        ; 8        ; lcd_db[4]                                                 ; output ; 2.5 V        ;         ; Column I/O ; Y               ; no       ; Off          ;
; D4       ;            ;          ; VCCD_PLL3                                                 ; power  ;              ; 1.2V    ; --         ;                 ; --       ; --           ;
; D5       ; 241        ; 8        ; lcd_db[0]                                                 ; output ; 2.5 V        ;         ; Column I/O ; Y               ; no       ; Off          ;
; D6       ; 234        ; 8        ; lcd_db[2]                                                 ; output ; 2.5 V        ;         ; Column I/O ; Y               ; no       ; Off          ;
; D7       ;            ;          ; GND                                                       ; gnd    ;              ;         ; --         ;                 ; --       ; --           ;
; D8       ; 216        ; 8        ; RESERVED_INPUT_WITH_WEAK_PULLUP                           ;        ;              ;         ; Column I/O ;                 ; no       ; On           ;
; D9       ; 201        ; 7        ; RESERVED_INPUT_WITH_WEAK_PULLUP                           ;        ;              ;         ; Column I/O ;                 ; no       ; On           ;
; D10      ;            ;          ; GND                                                       ; gnd    ;              ;         ; --         ;                 ; --       ; --           ;
; D11      ; 177        ; 7        ; RESERVED_INPUT_WITH_WEAK_PULLUP                           ;        ;              ;         ; Column I/O ;                 ; no       ; On           ;
; D12      ; 178        ; 7        ; RESERVED_INPUT_WITH_WEAK_PULLUP                           ;        ;              ;         ; Column I/O ;                 ; no       ; On           ;
; D13      ;            ;          ; VCCD_PLL2                                                 ; power  ;              ; 1.2V    ; --         ;                 ; --       ; --           ;
; D14      ; 176        ; 7        ; RESERVED_INPUT_WITH_WEAK_PULLUP                           ;        ;              ;         ; Column I/O ;                 ; no       ; On           ;
; D15      ; 170        ; 6        ; RESERVED_INPUT_WITH_WEAK_PULLUP                           ;        ;              ;         ; Row I/O    ;                 ; no       ; On           ;
; D16      ; 169        ; 6        ; RESERVED_INPUT_WITH_WEAK_PULLUP                           ;        ;              ;         ; Row I/O    ;                 ; no       ; On           ;
; E1       ; 26         ; 1        ; GND+                                                      ;        ;              ;         ; Row I/O    ;                 ; --       ; --           ;
; E2       ;            ;          ; GND                                                       ; gnd    ;              ;         ; --         ;                 ; --       ; --           ;
; E3       ;            ; 1        ; VCCIO1                                                    ; power  ;              ; 2.5V    ; --         ;                 ; --       ; --           ;
; E4       ;            ;          ; GND                                                       ; gnd    ;              ;         ; --         ;                 ; --       ; --           ;
; E5       ;            ;          ; GNDA3                                                     ; gnd    ;              ;         ; --         ;                 ; --       ; --           ;
; E6       ; 231        ; 8        ; RESERVED_INPUT_WITH_WEAK_PULLUP                           ;        ;              ;         ; Column I/O ;                 ; no       ; On           ;
; E7       ; 227        ; 8        ; RESERVED_INPUT_WITH_WEAK_PULLUP                           ;        ;              ;         ; Column I/O ;                 ; no       ; On           ;
; E8       ; 218        ; 8        ; RESERVED_INPUT_WITH_WEAK_PULLUP                           ;        ;              ;         ; Column I/O ;                 ; no       ; On           ;
; E9       ; 205        ; 7        ; RESERVED_INPUT_WITH_WEAK_PULLUP                           ;        ;              ;         ; Column I/O ;                 ; no       ; On           ;
; E10      ; 184        ; 7        ; RESERVED_INPUT_WITH_WEAK_PULLUP                           ;        ;              ;         ; Column I/O ;                 ; no       ; On           ;
; E11      ; 183        ; 7        ; RESERVED_INPUT_WITH_WEAK_PULLUP                           ;        ;              ;         ; Column I/O ;                 ; no       ; On           ;
; E12      ;            ;          ; GNDA2                                                     ; gnd    ;              ;         ; --         ;                 ; --       ; --           ;
; E13      ;            ;          ; GND                                                       ; gnd    ;              ;         ; --         ;                 ; --       ; --           ;
; E14      ;            ; 6        ; VCCIO6                                                    ; power  ;              ; 2.5V    ; --         ;                 ; --       ; --           ;
; E15      ; 151        ; 6        ; GND+                                                      ;        ;              ;         ; Row I/O    ;                 ; --       ; --           ;
; E16      ; 150        ; 6        ; GND+                                                      ;        ;              ;         ; Row I/O    ;                 ; --       ; --           ;
; F1       ; 14         ; 1        ; RESERVED_INPUT_WITH_WEAK_PULLUP                           ;        ;              ;         ; Row I/O    ;                 ; no       ; On           ;
; F2       ; 13         ; 1        ; RESERVED_INPUT_WITH_WEAK_PULLUP                           ;        ;              ;         ; Row I/O    ;                 ; no       ; On           ;
; F3       ; 8          ; 1        ; led_hum[5]                                                ; output ; 2.5 V        ;         ; Row I/O    ; Y               ; no       ; Off          ;
; F4       ; 11         ; 1        ; ^nSTATUS                                                  ;        ;              ;         ; --         ;                 ; --       ; --           ;
; F5       ;            ; --       ; VCCA3                                                     ; power  ;              ; 2.5V    ; --         ;                 ; --       ; --           ;
; F6       ;            ;          ; GND                                                       ; gnd    ;              ;         ; --         ;                 ; --       ; --           ;
; F7       ;            ;          ; VCCINT                                                    ; power  ;              ; 1.2V    ; --         ;                 ; --       ; --           ;
; F8       ; 219        ; 8        ; RESERVED_INPUT_WITH_WEAK_PULLUP                           ;        ;              ;         ; Column I/O ;                 ; no       ; On           ;
; F9       ; 197        ; 7        ; RESERVED_INPUT_WITH_WEAK_PULLUP                           ;        ;              ;         ; Column I/O ;                 ; no       ; On           ;
; F10      ;            ;          ; GND                                                       ; gnd    ;              ;         ; --         ;                 ; --       ; --           ;
; F11      ;            ;          ; VCCINT                                                    ; power  ;              ; 1.2V    ; --         ;                 ; --       ; --           ;
; F12      ;            ; --       ; VCCA2                                                     ; power  ;              ; 2.5V    ; --         ;                 ; --       ; --           ;
; F13      ; 161        ; 6        ; RESERVED_INPUT_WITH_WEAK_PULLUP                           ;        ;              ;         ; Row I/O    ;                 ; no       ; On           ;
; F14      ; 167        ; 6        ; RESERVED_INPUT_WITH_WEAK_PULLUP                           ;        ;              ;         ; Row I/O    ;                 ; --       ; --           ;
; F15      ; 163        ; 6        ; RESERVED_INPUT_WITH_WEAK_PULLUP                           ;        ;              ;         ; Row I/O    ;                 ; no       ; On           ;
; F16      ; 162        ; 6        ; ~ALTERA_nCEO~ / RESERVED_OUTPUT_OPEN_DRAIN                ; output ; 2.5 V        ;         ; Row I/O    ; N               ; no       ; Off          ;
; G1       ; 16         ; 1        ; RESERVED_INPUT_WITH_WEAK_PULLUP                           ;        ;              ;         ; Row I/O    ;                 ; no       ; On           ;
; G2       ; 15         ; 1        ; RESERVED_INPUT_WITH_WEAK_PULLUP                           ;        ;              ;         ; Row I/O    ;                 ; no       ; On           ;
; G3       ;            ; 1        ; VCCIO1                                                    ; power  ;              ; 2.5V    ; --         ;                 ; --       ; --           ;
; G4       ;            ;          ; GND                                                       ; gnd    ;              ;         ; --         ;                 ; --       ; --           ;
; G5       ; 12         ; 1        ; RESERVED_INPUT_WITH_WEAK_PULLUP                           ;        ;              ;         ; Row I/O    ;                 ; no       ; On           ;
; G6       ;            ;          ; VCCINT                                                    ; power  ;              ; 1.2V    ; --         ;                 ; --       ; --           ;
; G7       ;            ;          ; VCCINT                                                    ; power  ;              ; 1.2V    ; --         ;                 ; --       ; --           ;
; G8       ;            ;          ; VCCINT                                                    ; power  ;              ; 1.2V    ; --         ;                 ; --       ; --           ;
; G9       ;            ;          ; VCCINT                                                    ; power  ;              ; 1.2V    ; --         ;                 ; --       ; --           ;
; G10      ;            ;          ; VCCINT                                                    ; power  ;              ; 1.2V    ; --         ;                 ; --       ; --           ;
; G11      ;            ;          ; GND                                                       ; gnd    ;              ;         ; --         ;                 ; --       ; --           ;
; G12      ; 155        ; 6        ; ^MSEL2                                                    ;        ;              ;         ; --         ;                 ; --       ; --           ;
; G12      ; 156        ; 6        ; ^MSEL3                                                    ;        ;              ;         ; --         ;                 ; --       ; --           ;
; G13      ;            ;          ; GND                                                       ; gnd    ;              ;         ; --         ;                 ; --       ; --           ;
; G14      ;            ; 6        ; VCCIO6                                                    ; power  ;              ; 2.5V    ; --         ;                 ; --       ; --           ;
; G15      ; 160        ; 6        ; RESERVED_INPUT_WITH_WEAK_PULLUP                           ;        ;              ;         ; Row I/O    ;                 ; no       ; On           ;
; G16      ; 159        ; 6        ; RESERVED_INPUT_WITH_WEAK_PULLUP                           ;        ;              ;         ; Row I/O    ;                 ; no       ; On           ;
; H1       ; 17         ; 1        ; ~ALTERA_DCLK~                                             ; output ; 2.5 V        ;         ; Row I/O    ; N               ; no       ; On           ;
; H2       ; 18         ; 1        ; ~ALTERA_DATA0~ / RESERVED_INPUT_WITH_WEAK_PULLUP          ; input  ; 2.5 V        ;         ; Row I/O    ; N               ; no       ; On           ;
; H3       ; 21         ; 1        ; #TCK                                                      ; input  ;              ;         ; --         ;                 ; --       ; --           ;
; H4       ; 20         ; 1        ; #TDI                                                      ; input  ;              ;         ; --         ;                 ; --       ; --           ;
; H5       ; 19         ; 1        ; ^nCONFIG                                                  ;        ;              ;         ; --         ;                 ; --       ; --           ;
; H6       ;            ;          ; VCCINT                                                    ; power  ;              ; 1.2V    ; --         ;                 ; --       ; --           ;
; H7       ;            ;          ; GND                                                       ; gnd    ;              ;         ; --         ;                 ; --       ; --           ;
; H8       ;            ;          ; GND                                                       ; gnd    ;              ;         ; --         ;                 ; --       ; --           ;
; H9       ;            ;          ; GND                                                       ; gnd    ;              ;         ; --         ;                 ; --       ; --           ;
; H10      ;            ;          ; GND                                                       ; gnd    ;              ;         ; --         ;                 ; --       ; --           ;
; H11      ;            ;          ; VCCINT                                                    ; power  ;              ; 1.2V    ; --         ;                 ; --       ; --           ;
; H12      ; 154        ; 6        ; ^MSEL1                                                    ;        ;              ;         ; --         ;                 ; --       ; --           ;
; H13      ; 153        ; 6        ; ^MSEL0                                                    ;        ;              ;         ; --         ;                 ; --       ; --           ;
; H14      ; 152        ; 6        ; ^CONF_DONE                                                ;        ;              ;         ; --         ;                 ; --       ; --           ;
; H15      ;            ;          ; GND                                                       ; gnd    ;              ;         ; --         ;                 ; --       ; --           ;
; H16      ;            ;          ; GND                                                       ; gnd    ;              ;         ; --         ;                 ; --       ; --           ;
; J1       ; 30         ; 2        ; RESERVED_INPUT_WITH_WEAK_PULLUP                           ;        ;              ;         ; Row I/O    ;                 ; no       ; On           ;
; J2       ; 29         ; 2        ; RESERVED_INPUT_WITH_WEAK_PULLUP                           ;        ;              ;         ; Row I/O    ;                 ; no       ; On           ;
; J3       ; 24         ; 1        ; ^nCE                                                      ;        ;              ;         ; --         ;                 ; --       ; --           ;
; J4       ; 23         ; 1        ; #TDO                                                      ; output ;              ;         ; --         ;                 ; --       ; --           ;
; J5       ; 22         ; 1        ; #TMS                                                      ; input  ;              ;         ; --         ;                 ; --       ; --           ;
; J6       ;            ;          ; VCCINT                                                    ; power  ;              ; 1.2V    ; --         ;                 ; --       ; --           ;
; J7       ;            ;          ; GND                                                       ; gnd    ;              ;         ; --         ;                 ; --       ; --           ;
; J8       ;            ;          ; GND                                                       ; gnd    ;              ;         ; --         ;                 ; --       ; --           ;
; J9       ;            ;          ; GND                                                       ; gnd    ;              ;         ; --         ;                 ; --       ; --           ;
; J10      ;            ;          ; GND                                                       ; gnd    ;              ;         ; --         ;                 ; --       ; --           ;
; J11      ;            ;          ; GND                                                       ; gnd    ;              ;         ; --         ;                 ; --       ; --           ;
; J12      ;            ;          ; VCCINT                                                    ; power  ;              ; 1.2V    ; --         ;                 ; --       ; --           ;
; J13      ; 146        ; 5        ; RESERVED_INPUT_WITH_WEAK_PULLUP                           ;        ;              ;         ; Row I/O    ;                 ; no       ; On           ;
; J14      ; 144        ; 5        ; RESERVED_INPUT_WITH_WEAK_PULLUP                           ;        ;              ;         ; Row I/O    ;                 ; no       ; On           ;
; J15      ; 143        ; 5        ; rst_n                                                     ; input  ; 2.5 V        ;         ; Row I/O    ; Y               ; no       ; Off          ;
; J16      ; 142        ; 5        ; RESERVED_INPUT_WITH_WEAK_PULLUP                           ;        ;              ;         ; Row I/O    ;                 ; no       ; On           ;
; K1       ; 37         ; 2        ; RESERVED_INPUT_WITH_WEAK_PULLUP                           ;        ;              ;         ; Row I/O    ;                 ; no       ; On           ;
; K2       ; 36         ; 2        ; RESERVED_INPUT_WITH_WEAK_PULLUP                           ;        ;              ;         ; Row I/O    ;                 ; no       ; On           ;
; K3       ;            ; 2        ; VCCIO2                                                    ; power  ;              ; 2.5V    ; --         ;                 ; --       ; --           ;
; K4       ;            ;          ; GND                                                       ; gnd    ;              ;         ; --         ;                 ; --       ; --           ;
; K5       ; 45         ; 2        ; RESERVED_INPUT_WITH_WEAK_PULLUP                           ;        ;              ;         ; Row I/O    ;                 ; no       ; On           ;
; K6       ;            ;          ; GND                                                       ; gnd    ;              ;         ; --         ;                 ; --       ; --           ;
; K7       ;            ;          ; VCCINT                                                    ; power  ;              ; 1.2V    ; --         ;                 ; --       ; --           ;
; K8       ;            ;          ; GND                                                       ; gnd    ;              ;         ; --         ;                 ; --       ; --           ;
; K9       ;            ;          ; VCCINT                                                    ; power  ;              ; 1.2V    ; --         ;                 ; --       ; --           ;
; K10      ;            ;          ; VCCINT                                                    ; power  ;              ; 1.2V    ; --         ;                 ; --       ; --           ;
; K11      ;            ;          ; VCCINT                                                    ; power  ;              ; 1.2V    ; --         ;                 ; --       ; --           ;
; K12      ;            ;          ; GND                                                       ; gnd    ;              ;         ; --         ;                 ; --       ; --           ;
; K13      ;            ;          ; GND                                                       ; gnd    ;              ;         ; --         ;                 ; --       ; --           ;
; K14      ;            ; 5        ; VCCIO5                                                    ; power  ;              ; 2.5V    ; --         ;                 ; --       ; --           ;
; K15      ; 141        ; 5        ; RESERVED_INPUT_WITH_WEAK_PULLUP                           ;        ;              ;         ; Row I/O    ;                 ; no       ; On           ;
; K16      ; 140        ; 5        ; RESERVED_INPUT_WITH_WEAK_PULLUP                           ;        ;              ;         ; Row I/O    ;                 ; no       ; On           ;
; L1       ; 39         ; 2        ; RESERVED_INPUT_WITH_WEAK_PULLUP                           ;        ;              ;         ; Row I/O    ;                 ; no       ; On           ;
; L2       ; 38         ; 2        ; RESERVED_INPUT_WITH_WEAK_PULLUP                           ;        ;              ;         ; Row I/O    ;                 ; no       ; On           ;
; L3       ; 40         ; 2        ; led_hum[7]                                                ; output ; 2.5 V        ;         ; Row I/O    ; Y               ; no       ; Off          ;
; L4       ; 46         ; 2        ; RESERVED_INPUT_WITH_WEAK_PULLUP                           ;        ;              ;         ; Row I/O    ;                 ; no       ; On           ;
; L5       ;            ; --       ; VCCA1                                                     ; power  ;              ; 2.5V    ; --         ;                 ; --       ; --           ;
; L6       ;            ;          ; VCCINT                                                    ; power  ;              ; 1.2V    ; --         ;                 ; --       ; --           ;
; L7       ; 75         ; 3        ; RESERVED_INPUT_WITH_WEAK_PULLUP                           ;        ;              ;         ; Column I/O ;                 ; no       ; On           ;
; L8       ; 79         ; 3        ; RESERVED_INPUT_WITH_WEAK_PULLUP                           ;        ;              ;         ; Column I/O ;                 ; no       ; On           ;
; L9       ;            ;          ; GND                                                       ; gnd    ;              ;         ; --         ;                 ; --       ; --           ;
; L10      ;            ;          ; GND                                                       ; gnd    ;              ;         ; --         ;                 ; --       ; --           ;
; L11      ;            ;          ; GND                                                       ; gnd    ;              ;         ; --         ;                 ; --       ; --           ;
; L12      ;            ; --       ; VCCA4                                                     ; power  ;              ; 2.5V    ; --         ;                 ; --       ; --           ;
; L13      ; 136        ; 5        ; RESERVED_INPUT_WITH_WEAK_PULLUP                           ;        ;              ;         ; Row I/O    ;                 ; no       ; On           ;
; L14      ; 134        ; 5        ; RESERVED_INPUT_WITH_WEAK_PULLUP                           ;        ;              ;         ; Row I/O    ;                 ; --       ; --           ;
; L15      ; 138        ; 5        ; RESERVED_INPUT_WITH_WEAK_PULLUP                           ;        ;              ;         ; Row I/O    ;                 ; no       ; On           ;
; L16      ; 137        ; 5        ; led_temp[4]                                               ; output ; 2.5 V        ;         ; Row I/O    ; Y               ; no       ; Off          ;
; M1       ; 28         ; 2        ; GND+                                                      ;        ;              ;         ; Row I/O    ;                 ; --       ; --           ;
; M2       ; 27         ; 2        ; GND+                                                      ;        ;              ;         ; Row I/O    ;                 ; --       ; --           ;
; M3       ;            ; 2        ; VCCIO2                                                    ; power  ;              ; 2.5V    ; --         ;                 ; --       ; --           ;
; M4       ;            ;          ; GND                                                       ; gnd    ;              ;         ; --         ;                 ; --       ; --           ;
; M5       ;            ;          ; GNDA1                                                     ; gnd    ;              ;         ; --         ;                 ; --       ; --           ;
; M6       ; 64         ; 3        ; RESERVED_INPUT_WITH_WEAK_PULLUP                           ;        ;              ;         ; Column I/O ;                 ; no       ; On           ;
; M7       ; 68         ; 3        ; RESERVED_INPUT_WITH_WEAK_PULLUP                           ;        ;              ;         ; Column I/O ;                 ; no       ; On           ;
; M8       ; 81         ; 3        ; RESERVED_INPUT_WITH_WEAK_PULLUP                           ;        ;              ;         ; Column I/O ;                 ; no       ; On           ;
; M9       ;            ;          ; VCCINT                                                    ; power  ;              ; 1.2V    ; --         ;                 ; --       ; --           ;
; M10      ; 111        ; 4        ; RESERVED_INPUT_WITH_WEAK_PULLUP                           ;        ;              ;         ; Column I/O ;                 ; no       ; On           ;
; M11      ;            ;          ; VCCINT                                                    ; power  ;              ; 1.2V    ; --         ;                 ; --       ; --           ;
; M12      ;            ;          ; GNDA4                                                     ; gnd    ;              ;         ; --         ;                 ; --       ; --           ;
; M13      ;            ;          ; GND                                                       ; gnd    ;              ;         ; --         ;                 ; --       ; --           ;
; M14      ;            ; 5        ; VCCIO5                                                    ; power  ;              ; 2.5V    ; --         ;                 ; --       ; --           ;
; M15      ; 149        ; 5        ; GND+                                                      ;        ;              ;         ; Row I/O    ;                 ; --       ; --           ;
; M16      ; 148        ; 5        ; GND+                                                      ;        ;              ;         ; Row I/O    ;                 ; --       ; --           ;
; N1       ; 44         ; 2        ; RESERVED_INPUT_WITH_WEAK_PULLUP                           ;        ;              ;         ; Row I/O    ;                 ; no       ; On           ;
; N2       ; 43         ; 2        ; RESERVED_INPUT_WITH_WEAK_PULLUP                           ;        ;              ;         ; Row I/O    ;                 ; no       ; On           ;
; N3       ; 52         ; 3        ; RESERVED_INPUT_WITH_WEAK_PULLUP                           ;        ;              ;         ; Column I/O ;                 ; no       ; On           ;
; N4       ;            ;          ; VCCD_PLL1                                                 ; power  ;              ; 1.2V    ; --         ;                 ; --       ; --           ;
; N5       ; 62         ; 3        ; RESERVED_INPUT_WITH_WEAK_PULLUP                           ;        ;              ;         ; Column I/O ;                 ; no       ; On           ;
; N6       ; 63         ; 3        ; RESERVED_INPUT_WITH_WEAK_PULLUP                           ;        ;              ;         ; Column I/O ;                 ; no       ; On           ;
; N7       ;            ;          ; GND                                                       ; gnd    ;              ;         ; --         ;                 ; --       ; --           ;
; N8       ; 82         ; 3        ; RESERVED_INPUT_WITH_WEAK_PULLUP                           ;        ;              ;         ; Column I/O ;                 ; no       ; On           ;
; N9       ; 93         ; 4        ; led_temp[3]                                               ; output ; 2.5 V        ;         ; Column I/O ; Y               ; no       ; Off          ;
; N10      ;            ;          ; GND                                                       ; gnd    ;              ;         ; --         ;                 ; --       ; --           ;
; N11      ; 112        ; 4        ; RESERVED_INPUT_WITH_WEAK_PULLUP                           ;        ;              ;         ; Column I/O ;                 ; no       ; On           ;
; N12      ; 117        ; 4        ; led_temp[2]                                               ; output ; 2.5 V        ;         ; Column I/O ; Y               ; no       ; Off          ;
; N13      ;            ;          ; VCCD_PLL4                                                 ; power  ;              ; 1.2V    ; --         ;                 ; --       ; --           ;
; N14      ; 126        ; 5        ; RESERVED_INPUT_WITH_WEAK_PULLUP                           ;        ;              ;         ; Row I/O    ;                 ; no       ; On           ;
; N15      ; 133        ; 5        ; RESERVED_INPUT_WITH_WEAK_PULLUP                           ;        ;              ;         ; Row I/O    ;                 ; no       ; On           ;
; N16      ; 132        ; 5        ; RESERVED_INPUT_WITH_WEAK_PULLUP                           ;        ;              ;         ; Row I/O    ;                 ; no       ; On           ;
; P1       ; 51         ; 2        ; RESERVED_INPUT_WITH_WEAK_PULLUP                           ;        ;              ;         ; Row I/O    ;                 ; no       ; On           ;
; P2       ; 50         ; 2        ; RESERVED_INPUT_WITH_WEAK_PULLUP                           ;        ;              ;         ; Row I/O    ;                 ; no       ; On           ;
; P3       ; 53         ; 3        ; RESERVED_INPUT_WITH_WEAK_PULLUP                           ;        ;              ;         ; Column I/O ;                 ; no       ; On           ;
; P4       ;            ; 3        ; VCCIO3                                                    ; power  ;              ; 2.5V    ; --         ;                 ; --       ; --           ;
; P5       ;            ;          ; GND                                                       ; gnd    ;              ;         ; --         ;                 ; --       ; --           ;
; P6       ; 67         ; 3        ; RESERVED_INPUT_WITH_WEAK_PULLUP                           ;        ;              ;         ; Column I/O ;                 ; --       ; --           ;
; P7       ;            ; 3        ; VCCIO3                                                    ; power  ;              ; 2.5V    ; --         ;                 ; --       ; --           ;
; P8       ; 85         ; 3        ; RESERVED_INPUT_WITH_WEAK_PULLUP                           ;        ;              ;         ; Column I/O ;                 ; no       ; On           ;
; P9       ; 105        ; 4        ; RESERVED_INPUT_WITH_WEAK_PULLUP                           ;        ;              ;         ; Column I/O ;                 ; no       ; On           ;
; P10      ;            ; 4        ; VCCIO4                                                    ; power  ;              ; 2.5V    ; --         ;                 ; --       ; --           ;
; P11      ; 106        ; 4        ; led_temp[1]                                               ; output ; 2.5 V        ;         ; Column I/O ; Y               ; no       ; Off          ;
; P12      ;            ;          ; GND                                                       ; gnd    ;              ;         ; --         ;                 ; --       ; --           ;
; P13      ;            ; 4        ; VCCIO4                                                    ; power  ;              ; 2.5V    ; --         ;                 ; --       ; --           ;
; P14      ; 119        ; 4        ; RESERVED_INPUT_WITH_WEAK_PULLUP                           ;        ;              ;         ; Column I/O ;                 ; no       ; On           ;
; P15      ; 127        ; 5        ; RESERVED_INPUT_WITH_WEAK_PULLUP                           ;        ;              ;         ; Row I/O    ;                 ; no       ; On           ;
; P16      ; 128        ; 5        ; RESERVED_INPUT_WITH_WEAK_PULLUP                           ;        ;              ;         ; Row I/O    ;                 ; no       ; On           ;
; R1       ; 49         ; 2        ; RESERVED_INPUT_WITH_WEAK_PULLUP                           ;        ;              ;         ; Row I/O    ;                 ; no       ; On           ;
; R2       ;            ;          ; GND                                                       ; gnd    ;              ;         ; --         ;                 ; --       ; --           ;
; R3       ; 54         ; 3        ; RESERVED_INPUT_WITH_WEAK_PULLUP                           ;        ;              ;         ; Column I/O ;                 ; no       ; On           ;
; R4       ; 60         ; 3        ; RESERVED_INPUT_WITH_WEAK_PULLUP                           ;        ;              ;         ; Column I/O ;                 ; no       ; On           ;
; R5       ; 71         ; 3        ; RESERVED_INPUT_WITH_WEAK_PULLUP                           ;        ;              ;         ; Column I/O ;                 ; no       ; On           ;
; R6       ; 73         ; 3        ; RESERVED_INPUT_WITH_WEAK_PULLUP                           ;        ;              ;         ; Column I/O ;                 ; no       ; On           ;
; R7       ; 76         ; 3        ; RESERVED_INPUT_WITH_WEAK_PULLUP                           ;        ;              ;         ; Column I/O ;                 ; no       ; On           ;
; R8       ; 86         ; 3        ; clk                                                       ; input  ; 2.5 V        ;         ; Column I/O ; Y               ; no       ; Off          ;
; R9       ; 88         ; 4        ; GND+                                                      ;        ;              ;         ; Column I/O ;                 ; --       ; --           ;
; R10      ; 96         ; 4        ; RESERVED_INPUT_WITH_WEAK_PULLUP                           ;        ;              ;         ; Column I/O ;                 ; no       ; On           ;
; R11      ; 98         ; 4        ; RESERVED_INPUT_WITH_WEAK_PULLUP                           ;        ;              ;         ; Column I/O ;                 ; no       ; On           ;
; R12      ; 100        ; 4        ; RESERVED_INPUT_WITH_WEAK_PULLUP                           ;        ;              ;         ; Column I/O ;                 ; no       ; On           ;
; R13      ; 107        ; 4        ; RESERVED_INPUT_WITH_WEAK_PULLUP                           ;        ;              ;         ; Column I/O ;                 ; no       ; On           ;
; R14      ; 120        ; 4        ; RESERVED_INPUT_WITH_WEAK_PULLUP                           ;        ;              ;         ; Column I/O ;                 ; no       ; On           ;
; R15      ;            ;          ; GND                                                       ; gnd    ;              ;         ; --         ;                 ; --       ; --           ;
; R16      ; 129        ; 5        ; led_temp[5]                                               ; output ; 2.5 V        ;         ; Row I/O    ; Y               ; no       ; Off          ;
; T1       ;            ; 3        ; VCCIO3                                                    ; power  ;              ; 2.5V    ; --         ;                 ; --       ; --           ;
; T2       ; 59         ; 3        ; RESERVED_INPUT_WITH_WEAK_PULLUP                           ;        ;              ;         ; Column I/O ;                 ; no       ; On           ;
; T3       ; 55         ; 3        ; RESERVED_INPUT_WITH_WEAK_PULLUP                           ;        ;              ;         ; Column I/O ;                 ; no       ; On           ;
; T4       ; 61         ; 3        ; RESERVED_INPUT_WITH_WEAK_PULLUP                           ;        ;              ;         ; Column I/O ;                 ; no       ; On           ;
; T5       ; 72         ; 3        ; RESERVED_INPUT_WITH_WEAK_PULLUP                           ;        ;              ;         ; Column I/O ;                 ; no       ; On           ;
; T6       ; 74         ; 3        ; RESERVED_INPUT_WITH_WEAK_PULLUP                           ;        ;              ;         ; Column I/O ;                 ; no       ; On           ;
; T7       ; 77         ; 3        ; RESERVED_INPUT_WITH_WEAK_PULLUP                           ;        ;              ;         ; Column I/O ;                 ; no       ; On           ;
; T8       ; 87         ; 3        ; GND+                                                      ;        ;              ;         ; Column I/O ;                 ; --       ; --           ;
; T9       ; 89         ; 4        ; GND+                                                      ;        ;              ;         ; Column I/O ;                 ; --       ; --           ;
; T10      ; 97         ; 4        ; led_temp[0]                                               ; output ; 2.5 V        ;         ; Column I/O ; Y               ; no       ; Off          ;
; T11      ; 99         ; 4        ; RESERVED_INPUT_WITH_WEAK_PULLUP                           ;        ;              ;         ; Column I/O ;                 ; no       ; On           ;
; T12      ; 101        ; 4        ; RESERVED_INPUT_WITH_WEAK_PULLUP                           ;        ;              ;         ; Column I/O ;                 ; no       ; On           ;
; T13      ; 108        ; 4        ; RESERVED_INPUT_WITH_WEAK_PULLUP                           ;        ;              ;         ; Column I/O ;                 ; no       ; On           ;
; T14      ; 115        ; 4        ; RESERVED_INPUT_WITH_WEAK_PULLUP                           ;        ;              ;         ; Column I/O ;                 ; no       ; On           ;
; T15      ; 116        ; 4        ; RESERVED_INPUT_WITH_WEAK_PULLUP                           ;        ;              ;         ; Column I/O ;                 ; no       ; On           ;
; T16      ;            ; 4        ; VCCIO4                                                    ; power  ;              ; 2.5V    ; --         ;                 ; --       ; --           ;
+----------+------------+----------+-----------------------------------------------------------+--------+--------------+---------+------------+-----------------+----------+--------------+
Note: Pin directions (input, output or bidir) are based on device operating in user mode.


+------------------------------------------------------------------------------------------------------------------------------------------------------------------------------------------------------------------------------------------------------------------------------------------------------------------------------------------------------------------------------------------------+
; Fitter Resource Utilization by Entity                                                                                                                                                                                                                                                                                                                                                          ;
+-------------------------------------------+-------------+---------------------------+---------------+-------------+------+--------------+---------+-----------+------+--------------+--------------+-------------------+------------------+-------------------------------------------------------------------------------------------------------------------------------------+--------------+
; Compilation Hierarchy Node                ; Logic Cells ; Dedicated Logic Registers ; I/O Registers ; Memory Bits ; M9Ks ; DSP Elements ; DSP 9x9 ; DSP 18x18 ; Pins ; Virtual Pins ; LUT-Only LCs ; Register-Only LCs ; LUT/Register LCs ; Full Hierarchy Name                                                                                                                 ; Library Name ;
+-------------------------------------------+-------------+---------------------------+---------------+-------------+------+--------------+---------+-----------+------+--------------+--------------+-------------------+------------------+-------------------------------------------------------------------------------------------------------------------------------------+--------------+
; |Top_Module                               ; 795 (0)     ; 215 (0)                   ; 0 (0)         ; 0           ; 0    ; 0            ; 0       ; 0         ; 27   ; 0            ; 580 (0)      ; 9 (0)             ; 206 (0)          ; |Top_Module                                                                                                                         ; work         ;
;    |Clock_1MHz:CLK1MHZ|                   ; 8 (8)       ; 6 (6)                     ; 0 (0)         ; 0           ; 0    ; 0            ; 0       ; 0         ; 0    ; 0            ; 2 (2)        ; 1 (1)             ; 5 (5)            ; |Top_Module|Clock_1MHz:CLK1MHZ                                                                                                      ; work         ;
;    |DHT11_Controller:dht11_ctrl|          ; 189 (189)   ; 118 (118)                 ; 0 (0)         ; 0           ; 0    ; 0            ; 0       ; 0         ; 0    ; 0            ; 70 (70)      ; 0 (0)             ; 119 (119)        ; |Top_Module|DHT11_Controller:dht11_ctrl                                                                                             ; work         ;
;    |LCD_Controller:lcd_ctrl|              ; 602 (178)   ; 91 (91)                   ; 0 (0)         ; 0           ; 0    ; 0            ; 0       ; 0         ; 0    ; 0            ; 508 (87)     ; 8 (8)             ; 86 (67)          ; |Top_Module|LCD_Controller:lcd_ctrl                                                                                                 ; work         ;
;       |lpm_divide:Div0|                   ; 51 (0)      ; 0 (0)                     ; 0 (0)         ; 0           ; 0    ; 0            ; 0       ; 0         ; 0    ; 0            ; 50 (0)       ; 0 (0)             ; 1 (0)            ; |Top_Module|LCD_Controller:lcd_ctrl|lpm_divide:Div0                                                                                 ; work         ;
;          |lpm_divide_jhm:auto_generated|  ; 51 (0)      ; 0 (0)                     ; 0 (0)         ; 0           ; 0    ; 0            ; 0       ; 0         ; 0    ; 0            ; 50 (0)       ; 0 (0)             ; 1 (0)            ; |Top_Module|LCD_Controller:lcd_ctrl|lpm_divide:Div0|lpm_divide_jhm:auto_generated                                                   ; work         ;
;             |sign_div_unsign_bkh:divider| ; 51 (0)      ; 0 (0)                     ; 0 (0)         ; 0           ; 0    ; 0            ; 0       ; 0         ; 0    ; 0            ; 50 (0)       ; 0 (0)             ; 1 (0)            ; |Top_Module|LCD_Controller:lcd_ctrl|lpm_divide:Div0|lpm_divide_jhm:auto_generated|sign_div_unsign_bkh:divider                       ; work         ;
;                |alt_u_div_a4f:divider|    ; 51 (51)     ; 0 (0)                     ; 0 (0)         ; 0           ; 0    ; 0            ; 0       ; 0         ; 0    ; 0            ; 50 (50)      ; 0 (0)             ; 1 (1)            ; |Top_Module|LCD_Controller:lcd_ctrl|lpm_divide:Div0|lpm_divide_jhm:auto_generated|sign_div_unsign_bkh:divider|alt_u_div_a4f:divider ; work         ;
;       |lpm_divide:Div1|                   ; 51 (0)      ; 0 (0)                     ; 0 (0)         ; 0           ; 0    ; 0            ; 0       ; 0         ; 0    ; 0            ; 50 (0)       ; 0 (0)             ; 1 (0)            ; |Top_Module|LCD_Controller:lcd_ctrl|lpm_divide:Div1                                                                                 ; work         ;
;          |lpm_divide_jhm:auto_generated|  ; 51 (0)      ; 0 (0)                     ; 0 (0)         ; 0           ; 0    ; 0            ; 0       ; 0         ; 0    ; 0            ; 50 (0)       ; 0 (0)             ; 1 (0)            ; |Top_Module|LCD_Controller:lcd_ctrl|lpm_divide:Div1|lpm_divide_jhm:auto_generated                                                   ; work         ;
;             |sign_div_unsign_bkh:divider| ; 51 (0)      ; 0 (0)                     ; 0 (0)         ; 0           ; 0    ; 0            ; 0       ; 0         ; 0    ; 0            ; 50 (0)       ; 0 (0)             ; 1 (0)            ; |Top_Module|LCD_Controller:lcd_ctrl|lpm_divide:Div1|lpm_divide_jhm:auto_generated|sign_div_unsign_bkh:divider                       ; work         ;
;                |alt_u_div_a4f:divider|    ; 51 (51)     ; 0 (0)                     ; 0 (0)         ; 0           ; 0    ; 0            ; 0       ; 0         ; 0    ; 0            ; 50 (50)      ; 0 (0)             ; 1 (1)            ; |Top_Module|LCD_Controller:lcd_ctrl|lpm_divide:Div1|lpm_divide_jhm:auto_generated|sign_div_unsign_bkh:divider|alt_u_div_a4f:divider ; work         ;
;       |lpm_divide:Div2|                   ; 51 (0)      ; 0 (0)                     ; 0 (0)         ; 0           ; 0    ; 0            ; 0       ; 0         ; 0    ; 0            ; 49 (0)       ; 0 (0)             ; 2 (0)            ; |Top_Module|LCD_Controller:lcd_ctrl|lpm_divide:Div2                                                                                 ; work         ;
;          |lpm_divide_jhm:auto_generated|  ; 51 (0)      ; 0 (0)                     ; 0 (0)         ; 0           ; 0    ; 0            ; 0       ; 0         ; 0    ; 0            ; 49 (0)       ; 0 (0)             ; 2 (0)            ; |Top_Module|LCD_Controller:lcd_ctrl|lpm_divide:Div2|lpm_divide_jhm:auto_generated                                                   ; work         ;
;             |sign_div_unsign_bkh:divider| ; 51 (0)      ; 0 (0)                     ; 0 (0)         ; 0           ; 0    ; 0            ; 0       ; 0         ; 0    ; 0            ; 49 (0)       ; 0 (0)             ; 2 (0)            ; |Top_Module|LCD_Controller:lcd_ctrl|lpm_divide:Div2|lpm_divide_jhm:auto_generated|sign_div_unsign_bkh:divider                       ; work         ;
;                |alt_u_div_a4f:divider|    ; 51 (51)     ; 0 (0)                     ; 0 (0)         ; 0           ; 0    ; 0            ; 0       ; 0         ; 0    ; 0            ; 49 (49)      ; 0 (0)             ; 2 (2)            ; |Top_Module|LCD_Controller:lcd_ctrl|lpm_divide:Div2|lpm_divide_jhm:auto_generated|sign_div_unsign_bkh:divider|alt_u_div_a4f:divider ; work         ;
;       |lpm_divide:Div3|                   ; 51 (0)      ; 0 (0)                     ; 0 (0)         ; 0           ; 0    ; 0            ; 0       ; 0         ; 0    ; 0            ; 49 (0)       ; 0 (0)             ; 2 (0)            ; |Top_Module|LCD_Controller:lcd_ctrl|lpm_divide:Div3                                                                                 ; work         ;
;          |lpm_divide_jhm:auto_generated|  ; 51 (0)      ; 0 (0)                     ; 0 (0)         ; 0           ; 0    ; 0            ; 0       ; 0         ; 0    ; 0            ; 49 (0)       ; 0 (0)             ; 2 (0)            ; |Top_Module|LCD_Controller:lcd_ctrl|lpm_divide:Div3|lpm_divide_jhm:auto_generated                                                   ; work         ;
;             |sign_div_unsign_bkh:divider| ; 51 (0)      ; 0 (0)                     ; 0 (0)         ; 0           ; 0    ; 0            ; 0       ; 0         ; 0    ; 0            ; 49 (0)       ; 0 (0)             ; 2 (0)            ; |Top_Module|LCD_Controller:lcd_ctrl|lpm_divide:Div3|lpm_divide_jhm:auto_generated|sign_div_unsign_bkh:divider                       ; work         ;
;                |alt_u_div_a4f:divider|    ; 51 (51)     ; 0 (0)                     ; 0 (0)         ; 0           ; 0    ; 0            ; 0       ; 0         ; 0    ; 0            ; 49 (49)      ; 0 (0)             ; 2 (2)            ; |Top_Module|LCD_Controller:lcd_ctrl|lpm_divide:Div3|lpm_divide_jhm:auto_generated|sign_div_unsign_bkh:divider|alt_u_div_a4f:divider ; work         ;
;       |lpm_divide:Mod0|                   ; 59 (0)      ; 0 (0)                     ; 0 (0)         ; 0           ; 0    ; 0            ; 0       ; 0         ; 0    ; 0            ; 56 (0)       ; 0 (0)             ; 3 (0)            ; |Top_Module|LCD_Controller:lcd_ctrl|lpm_divide:Mod0                                                                                 ; work         ;
;          |lpm_divide_m9m:auto_generated|  ; 59 (0)      ; 0 (0)                     ; 0 (0)         ; 0           ; 0    ; 0            ; 0       ; 0         ; 0    ; 0            ; 56 (0)       ; 0 (0)             ; 3 (0)            ; |Top_Module|LCD_Controller:lcd_ctrl|lpm_divide:Mod0|lpm_divide_m9m:auto_generated                                                   ; work         ;
;             |sign_div_unsign_bkh:divider| ; 59 (0)      ; 0 (0)                     ; 0 (0)         ; 0           ; 0    ; 0            ; 0       ; 0         ; 0    ; 0            ; 56 (0)       ; 0 (0)             ; 3 (0)            ; |Top_Module|LCD_Controller:lcd_ctrl|lpm_divide:Mod0|lpm_divide_m9m:auto_generated|sign_div_unsign_bkh:divider                       ; work         ;
;                |alt_u_div_a4f:divider|    ; 59 (59)     ; 0 (0)                     ; 0 (0)         ; 0           ; 0    ; 0            ; 0       ; 0         ; 0    ; 0            ; 56 (56)      ; 0 (0)             ; 3 (3)            ; |Top_Module|LCD_Controller:lcd_ctrl|lpm_divide:Mod0|lpm_divide_m9m:auto_generated|sign_div_unsign_bkh:divider|alt_u_div_a4f:divider ; work         ;
;       |lpm_divide:Mod1|                   ; 59 (0)      ; 0 (0)                     ; 0 (0)         ; 0           ; 0    ; 0            ; 0       ; 0         ; 0    ; 0            ; 56 (0)       ; 0 (0)             ; 3 (0)            ; |Top_Module|LCD_Controller:lcd_ctrl|lpm_divide:Mod1                                                                                 ; work         ;
;          |lpm_divide_m9m:auto_generated|  ; 59 (0)      ; 0 (0)                     ; 0 (0)         ; 0           ; 0    ; 0            ; 0       ; 0         ; 0    ; 0            ; 56 (0)       ; 0 (0)             ; 3 (0)            ; |Top_Module|LCD_Controller:lcd_ctrl|lpm_divide:Mod1|lpm_divide_m9m:auto_generated                                                   ; work         ;
;             |sign_div_unsign_bkh:divider| ; 59 (0)      ; 0 (0)                     ; 0 (0)         ; 0           ; 0    ; 0            ; 0       ; 0         ; 0    ; 0            ; 56 (0)       ; 0 (0)             ; 3 (0)            ; |Top_Module|LCD_Controller:lcd_ctrl|lpm_divide:Mod1|lpm_divide_m9m:auto_generated|sign_div_unsign_bkh:divider                       ; work         ;
;                |alt_u_div_a4f:divider|    ; 59 (59)     ; 0 (0)                     ; 0 (0)         ; 0           ; 0    ; 0            ; 0       ; 0         ; 0    ; 0            ; 56 (56)      ; 0 (0)             ; 3 (3)            ; |Top_Module|LCD_Controller:lcd_ctrl|lpm_divide:Mod1|lpm_divide_m9m:auto_generated|sign_div_unsign_bkh:divider|alt_u_div_a4f:divider ; work         ;
;       |lpm_divide:Mod2|                   ; 59 (0)      ; 0 (0)                     ; 0 (0)         ; 0           ; 0    ; 0            ; 0       ; 0         ; 0    ; 0            ; 55 (0)       ; 0 (0)             ; 4 (0)            ; |Top_Module|LCD_Controller:lcd_ctrl|lpm_divide:Mod2                                                                                 ; work         ;
;          |lpm_divide_m9m:auto_generated|  ; 59 (0)      ; 0 (0)                     ; 0 (0)         ; 0           ; 0    ; 0            ; 0       ; 0         ; 0    ; 0            ; 55 (0)       ; 0 (0)             ; 4 (0)            ; |Top_Module|LCD_Controller:lcd_ctrl|lpm_divide:Mod2|lpm_divide_m9m:auto_generated                                                   ; work         ;
;             |sign_div_unsign_bkh:divider| ; 59 (0)      ; 0 (0)                     ; 0 (0)         ; 0           ; 0    ; 0            ; 0       ; 0         ; 0    ; 0            ; 55 (0)       ; 0 (0)             ; 4 (0)            ; |Top_Module|LCD_Controller:lcd_ctrl|lpm_divide:Mod2|lpm_divide_m9m:auto_generated|sign_div_unsign_bkh:divider                       ; work         ;
;                |alt_u_div_a4f:divider|    ; 59 (59)     ; 0 (0)                     ; 0 (0)         ; 0           ; 0    ; 0            ; 0       ; 0         ; 0    ; 0            ; 55 (55)      ; 0 (0)             ; 4 (4)            ; |Top_Module|LCD_Controller:lcd_ctrl|lpm_divide:Mod2|lpm_divide_m9m:auto_generated|sign_div_unsign_bkh:divider|alt_u_div_a4f:divider ; work         ;
;       |lpm_divide:Mod3|                   ; 59 (0)      ; 0 (0)                     ; 0 (0)         ; 0           ; 0    ; 0            ; 0       ; 0         ; 0    ; 0            ; 56 (0)       ; 0 (0)             ; 3 (0)            ; |Top_Module|LCD_Controller:lcd_ctrl|lpm_divide:Mod3                                                                                 ; work         ;
;          |lpm_divide_m9m:auto_generated|  ; 59 (0)      ; 0 (0)                     ; 0 (0)         ; 0           ; 0    ; 0            ; 0       ; 0         ; 0    ; 0            ; 56 (0)       ; 0 (0)             ; 3 (0)            ; |Top_Module|LCD_Controller:lcd_ctrl|lpm_divide:Mod3|lpm_divide_m9m:auto_generated                                                   ; work         ;
;             |sign_div_unsign_bkh:divider| ; 59 (0)      ; 0 (0)                     ; 0 (0)         ; 0           ; 0    ; 0            ; 0       ; 0         ; 0    ; 0            ; 56 (0)       ; 0 (0)             ; 3 (0)            ; |Top_Module|LCD_Controller:lcd_ctrl|lpm_divide:Mod3|lpm_divide_m9m:auto_generated|sign_div_unsign_bkh:divider                       ; work         ;
;                |alt_u_div_a4f:divider|    ; 59 (59)     ; 0 (0)                     ; 0 (0)         ; 0           ; 0    ; 0            ; 0       ; 0         ; 0    ; 0            ; 56 (56)      ; 0 (0)             ; 3 (3)            ; |Top_Module|LCD_Controller:lcd_ctrl|lpm_divide:Mod3|lpm_divide_m9m:auto_generated|sign_div_unsign_bkh:divider|alt_u_div_a4f:divider ; work         ;
+-------------------------------------------+-------------+---------------------------+---------------+-------------+------+--------------+---------+-----------+------+--------------+--------------+-------------------+------------------+-------------------------------------------------------------------------------------------------------------------------------------+--------------+
Note: For table entries with two numbers listed, the numbers in parentheses indicate the number of resources of the given type used by the specific entity alone. The numbers listed outside of parentheses indicate the total resources of the given type used by the specific entity and all of its sub-entities in the hierarchy.


+---------------------------------------------------------------------------------------------+
; Delay Chain Summary                                                                         ;
+-------------+----------+---------------+---------------+-----------------------+-----+------+
; Name        ; Pin Type ; Pad to Core 0 ; Pad to Core 1 ; Pad to Input Register ; TCO ; TCOE ;
+-------------+----------+---------------+---------------+-----------------------+-----+------+
; lcd_rs      ; Output   ; --            ; --            ; --                    ; --  ; --   ;
; lcd_e       ; Output   ; --            ; --            ; --                    ; --  ; --   ;
; lcd_db[0]   ; Output   ; --            ; --            ; --                    ; --  ; --   ;
; lcd_db[1]   ; Output   ; --            ; --            ; --                    ; --  ; --   ;
; lcd_db[2]   ; Output   ; --            ; --            ; --                    ; --  ; --   ;
; lcd_db[3]   ; Output   ; --            ; --            ; --                    ; --  ; --   ;
; lcd_db[4]   ; Output   ; --            ; --            ; --                    ; --  ; --   ;
; lcd_db[5]   ; Output   ; --            ; --            ; --                    ; --  ; --   ;
; lcd_db[6]   ; Output   ; --            ; --            ; --                    ; --  ; --   ;
; lcd_db[7]   ; Output   ; --            ; --            ; --                    ; --  ; --   ;
; led_hum[0]  ; Output   ; --            ; --            ; --                    ; --  ; --   ;
; led_hum[1]  ; Output   ; --            ; --            ; --                    ; --  ; --   ;
; led_hum[2]  ; Output   ; --            ; --            ; --                    ; --  ; --   ;
; led_hum[3]  ; Output   ; --            ; --            ; --                    ; --  ; --   ;
; led_hum[4]  ; Output   ; --            ; --            ; --                    ; --  ; --   ;
; led_hum[5]  ; Output   ; --            ; --            ; --                    ; --  ; --   ;
; led_hum[6]  ; Output   ; --            ; --            ; --                    ; --  ; --   ;
; led_hum[7]  ; Output   ; --            ; --            ; --                    ; --  ; --   ;
; led_temp[0] ; Output   ; --            ; --            ; --                    ; --  ; --   ;
; led_temp[1] ; Output   ; --            ; --            ; --                    ; --  ; --   ;
; led_temp[2] ; Output   ; --            ; --            ; --                    ; --  ; --   ;
; led_temp[3] ; Output   ; --            ; --            ; --                    ; --  ; --   ;
; led_temp[4] ; Output   ; --            ; --            ; --                    ; --  ; --   ;
; led_temp[5] ; Output   ; --            ; --            ; --                    ; --  ; --   ;
; dht11       ; Bidir    ; --            ; (6) 1314 ps   ; --                    ; --  ; --   ;
; clk         ; Input    ; (0) 0 ps      ; --            ; --                    ; --  ; --   ;
; rst_n       ; Input    ; (6) 1314 ps   ; --            ; --                    ; --  ; --   ;
+-------------+----------+---------------+---------------+-----------------------+-----+------+


+-----------------------------------------------------------------------------------------------+
; Pad To Core Delay Chain Fanout                                                                ;
+-----------------------------------------------------------------+-------------------+---------+
; Source Pin / Fanout                                             ; Pad To Core Index ; Setting ;
+-----------------------------------------------------------------+-------------------+---------+
; dht11                                                           ;                   ;         ;
;      - DHT11_Controller:dht11_ctrl|dht_d0~0                     ; 1                 ; 6       ;
; clk                                                             ;                   ;         ;
; rst_n                                                           ;                   ;         ;
;      - Clock_1MHz:CLK1MHZ|clk_1M                                ; 0                 ; 6       ;
;      - DHT11_Controller:dht11_ctrl|data_temp[1]                 ; 0                 ; 6       ;
;      - DHT11_Controller:dht11_ctrl|data_temp[2]                 ; 0                 ; 6       ;
;      - DHT11_Controller:dht11_ctrl|data_temp[3]                 ; 0                 ; 6       ;
;      - DHT11_Controller:dht11_ctrl|data_temp[4]                 ; 0                 ; 6       ;
;      - DHT11_Controller:dht11_ctrl|data_temp[5]                 ; 0                 ; 6       ;
;      - DHT11_Controller:dht11_ctrl|data_temp[6]                 ; 0                 ; 6       ;
;      - DHT11_Controller:dht11_ctrl|data_temp[7]                 ; 0                 ; 6       ;
;      - DHT11_Controller:dht11_ctrl|data_temp[8]                 ; 0                 ; 6       ;
;      - DHT11_Controller:dht11_ctrl|data_temp[9]                 ; 0                 ; 6       ;
;      - DHT11_Controller:dht11_ctrl|data_temp[10]                ; 0                 ; 6       ;
;      - DHT11_Controller:dht11_ctrl|data_temp[11]                ; 0                 ; 6       ;
;      - DHT11_Controller:dht11_ctrl|data_temp[12]                ; 0                 ; 6       ;
;      - DHT11_Controller:dht11_ctrl|data_temp[13]                ; 0                 ; 6       ;
;      - DHT11_Controller:dht11_ctrl|data_temp[14]                ; 0                 ; 6       ;
;      - DHT11_Controller:dht11_ctrl|data_temp[15]                ; 0                 ; 6       ;
;      - DHT11_Controller:dht11_ctrl|data_temp[16]                ; 0                 ; 6       ;
;      - DHT11_Controller:dht11_ctrl|data_temp[17]                ; 0                 ; 6       ;
;      - DHT11_Controller:dht11_ctrl|data_temp[18]                ; 0                 ; 6       ;
;      - DHT11_Controller:dht11_ctrl|data_temp[19]                ; 0                 ; 6       ;
;      - DHT11_Controller:dht11_ctrl|data_temp[20]                ; 0                 ; 6       ;
;      - DHT11_Controller:dht11_ctrl|data_temp[21]                ; 0                 ; 6       ;
;      - DHT11_Controller:dht11_ctrl|data_temp[22]                ; 0                 ; 6       ;
;      - DHT11_Controller:dht11_ctrl|data_temp[23]                ; 0                 ; 6       ;
;      - DHT11_Controller:dht11_ctrl|data_temp[24]                ; 0                 ; 6       ;
;      - DHT11_Controller:dht11_ctrl|data_temp[25]                ; 0                 ; 6       ;
;      - DHT11_Controller:dht11_ctrl|data_temp[26]                ; 0                 ; 6       ;
;      - DHT11_Controller:dht11_ctrl|data_temp[27]                ; 0                 ; 6       ;
;      - DHT11_Controller:dht11_ctrl|data_temp[28]                ; 0                 ; 6       ;
;      - DHT11_Controller:dht11_ctrl|data_temp[29]                ; 0                 ; 6       ;
;      - DHT11_Controller:dht11_ctrl|data_temp[30]                ; 0                 ; 6       ;
;      - DHT11_Controller:dht11_ctrl|data_temp[31]                ; 0                 ; 6       ;
;      - DHT11_Controller:dht11_ctrl|data_temp[32]                ; 0                 ; 6       ;
;      - DHT11_Controller:dht11_ctrl|data_temp[33]                ; 0                 ; 6       ;
;      - DHT11_Controller:dht11_ctrl|data_temp[34]                ; 0                 ; 6       ;
;      - DHT11_Controller:dht11_ctrl|data_temp[35]                ; 0                 ; 6       ;
;      - DHT11_Controller:dht11_ctrl|data_temp[36]                ; 0                 ; 6       ;
;      - DHT11_Controller:dht11_ctrl|data_temp[37]                ; 0                 ; 6       ;
;      - DHT11_Controller:dht11_ctrl|data_temp[38]                ; 0                 ; 6       ;
;      - DHT11_Controller:dht11_ctrl|data_temp[39]                ; 0                 ; 6       ;
;      - DHT11_Controller:dht11_ctrl|data_valid[8]                ; 0                 ; 6       ;
;      - DHT11_Controller:dht11_ctrl|data_valid[9]                ; 0                 ; 6       ;
;      - DHT11_Controller:dht11_ctrl|data_valid[10]               ; 0                 ; 6       ;
;      - DHT11_Controller:dht11_ctrl|data_valid[11]               ; 0                 ; 6       ;
;      - DHT11_Controller:dht11_ctrl|data_valid[12]               ; 0                 ; 6       ;
;      - DHT11_Controller:dht11_ctrl|data_valid[13]               ; 0                 ; 6       ;
;      - DHT11_Controller:dht11_ctrl|data_valid[24]               ; 0                 ; 6       ;
;      - DHT11_Controller:dht11_ctrl|data_valid[25]               ; 0                 ; 6       ;
;      - DHT11_Controller:dht11_ctrl|data_valid[26]               ; 0                 ; 6       ;
;      - DHT11_Controller:dht11_ctrl|data_valid[27]               ; 0                 ; 6       ;
;      - DHT11_Controller:dht11_ctrl|data_valid[28]               ; 0                 ; 6       ;
;      - DHT11_Controller:dht11_ctrl|data_valid[29]               ; 0                 ; 6       ;
;      - DHT11_Controller:dht11_ctrl|data_valid[30]               ; 0                 ; 6       ;
;      - DHT11_Controller:dht11_ctrl|data_valid[31]               ; 0                 ; 6       ;
;      - DHT11_Controller:dht11_ctrl|data_temp[0]                 ; 0                 ; 6       ;
;      - DHT11_Controller:dht11_ctrl|data_count[0]                ; 0                 ; 6       ;
;      - DHT11_Controller:dht11_ctrl|data_count[1]                ; 0                 ; 6       ;
;      - DHT11_Controller:dht11_ctrl|data_count[2]                ; 0                 ; 6       ;
;      - DHT11_Controller:dht11_ctrl|data_count[3]                ; 0                 ; 6       ;
;      - DHT11_Controller:dht11_ctrl|data_count[4]                ; 0                 ; 6       ;
;      - DHT11_Controller:dht11_ctrl|data_count[5]                ; 0                 ; 6       ;
;      - DHT11_Controller:dht11_ctrl|count_1us[2]                 ; 0                 ; 6       ;
;      - DHT11_Controller:dht11_ctrl|count_1us[3]                 ; 0                 ; 6       ;
;      - DHT11_Controller:dht11_ctrl|count_1us[4]                 ; 0                 ; 6       ;
;      - DHT11_Controller:dht11_ctrl|count_1us[5]                 ; 0                 ; 6       ;
;      - DHT11_Controller:dht11_ctrl|count_1us[6]                 ; 0                 ; 6       ;
;      - DHT11_Controller:dht11_ctrl|count_1us[7]                 ; 0                 ; 6       ;
;      - DHT11_Controller:dht11_ctrl|count_1us[8]                 ; 0                 ; 6       ;
;      - DHT11_Controller:dht11_ctrl|count_1us[9]                 ; 0                 ; 6       ;
;      - DHT11_Controller:dht11_ctrl|count_1us[10]                ; 0                 ; 6       ;
;      - DHT11_Controller:dht11_ctrl|count_1us[11]                ; 0                 ; 6       ;
;      - DHT11_Controller:dht11_ctrl|count_1us[12]                ; 0                 ; 6       ;
;      - DHT11_Controller:dht11_ctrl|count_1us[13]                ; 0                 ; 6       ;
;      - DHT11_Controller:dht11_ctrl|count_1us[14]                ; 0                 ; 6       ;
;      - DHT11_Controller:dht11_ctrl|count_1us[15]                ; 0                 ; 6       ;
;      - DHT11_Controller:dht11_ctrl|count_1us[16]                ; 0                 ; 6       ;
;      - DHT11_Controller:dht11_ctrl|count_1us[17]                ; 0                 ; 6       ;
;      - DHT11_Controller:dht11_ctrl|count_1us[18]                ; 0                 ; 6       ;
;      - DHT11_Controller:dht11_ctrl|count_1us[19]                ; 0                 ; 6       ;
;      - DHT11_Controller:dht11_ctrl|count_1us[20]                ; 0                 ; 6       ;
;      - Clock_1MHz:CLK1MHZ|clk_cnt[3]                            ; 0                 ; 6       ;
;      - Clock_1MHz:CLK1MHZ|clk_cnt[4]                            ; 0                 ; 6       ;
;      - DHT11_Controller:dht11_ctrl|count_1us[1]                 ; 0                 ; 6       ;
;      - Clock_1MHz:CLK1MHZ|clk_cnt[2]                            ; 0                 ; 6       ;
;      - DHT11_Controller:dht11_ctrl|count_1us[0]                 ; 0                 ; 6       ;
;      - Clock_1MHz:CLK1MHZ|clk_cnt[1]                            ; 0                 ; 6       ;
;      - Clock_1MHz:CLK1MHZ|clk_cnt[0]                            ; 0                 ; 6       ;
;      - DHT11_Controller:dht11_ctrl|data_valid[23]               ; 0                 ; 6       ;
;      - DHT11_Controller:dht11_ctrl|data_valid[22]               ; 0                 ; 6       ;
;      - DHT11_Controller:dht11_ctrl|data_valid[21]               ; 0                 ; 6       ;
;      - DHT11_Controller:dht11_ctrl|data_valid[20]               ; 0                 ; 6       ;
;      - DHT11_Controller:dht11_ctrl|data_valid[19]               ; 0                 ; 6       ;
;      - DHT11_Controller:dht11_ctrl|data_valid[18]               ; 0                 ; 6       ;
;      - DHT11_Controller:dht11_ctrl|data_valid[17]               ; 0                 ; 6       ;
;      - DHT11_Controller:dht11_ctrl|data_valid[7]                ; 0                 ; 6       ;
;      - DHT11_Controller:dht11_ctrl|data_valid[6]                ; 0                 ; 6       ;
;      - DHT11_Controller:dht11_ctrl|data_valid[5]                ; 0                 ; 6       ;
;      - DHT11_Controller:dht11_ctrl|data_valid[4]                ; 0                 ; 6       ;
;      - DHT11_Controller:dht11_ctrl|data_valid[3]                ; 0                 ; 6       ;
;      - DHT11_Controller:dht11_ctrl|data_valid[2]                ; 0                 ; 6       ;
;      - DHT11_Controller:dht11_ctrl|data_valid[1]                ; 0                 ; 6       ;
;      - DHT11_Controller:dht11_ctrl|data_valid[15]               ; 0                 ; 6       ;
;      - DHT11_Controller:dht11_ctrl|data_valid[14]               ; 0                 ; 6       ;
;      - DHT11_Controller:dht11_ctrl|data_valid[0]                ; 0                 ; 6       ;
;      - DHT11_Controller:dht11_ctrl|data_valid[16]               ; 0                 ; 6       ;
;      - DHT11_Controller:dht11_ctrl|cur_state.READ_DATA          ; 0                 ; 6       ;
;      - DHT11_Controller:dht11_ctrl|dht_d0                       ; 0                 ; 6       ;
;      - DHT11_Controller:dht11_ctrl|dht_d1                       ; 0                 ; 6       ;
;      - DHT11_Controller:dht11_ctrl|cur_state.READ_HIGH_87US     ; 0                 ; 6       ;
;      - DHT11_Controller:dht11_ctrl|state                        ; 0                 ; 6       ;
;      - DHT11_Controller:dht11_ctrl|dht_buffer~en                ; 0                 ; 6       ;
;      - DHT11_Controller:dht11_ctrl|next_state.READ_DATA         ; 0                 ; 6       ;
;      - DHT11_Controller:dht11_ctrl|us_clear                     ; 0                 ; 6       ;
;      - DHT11_Controller:dht11_ctrl|next_state.READ_HIGH_87US    ; 0                 ; 6       ;
;      - DHT11_Controller:dht11_ctrl|cur_state.CONTROL_LOW        ; 0                 ; 6       ;
;      - DHT11_Controller:dht11_ctrl|cur_state.CONTROL_LOW_20MS   ; 0                 ; 6       ;
;      - DHT11_Controller:dht11_ctrl|cur_state.READ_LOW_83US      ; 0                 ; 6       ;
;      - DHT11_Controller:dht11_ctrl|cur_state.CONTROL_HIGH_13US  ; 0                 ; 6       ;
;      - DHT11_Controller:dht11_ctrl|cur_state.KEEP_DELAY         ; 0                 ; 6       ;
;      - DHT11_Controller:dht11_ctrl|next_state.CONTROL_LOW       ; 0                 ; 6       ;
;      - DHT11_Controller:dht11_ctrl|next_state.CONTROL_LOW_20MS  ; 0                 ; 6       ;
;      - DHT11_Controller:dht11_ctrl|next_state.READ_LOW_83US     ; 0                 ; 6       ;
;      - DHT11_Controller:dht11_ctrl|next_state.CONTROL_HIGH_13US ; 0                 ; 6       ;
;      - DHT11_Controller:dht11_ctrl|next_state.KEEP_DELAY        ; 0                 ; 6       ;
+-----------------------------------------------------------------+-------------------+---------+


+-------------------------------------------------------------------------------------------------------------------------------------------------------------------------------------------+
; Control Signals                                                                                                                                                                           ;
+-------------------------------------------------+--------------------+---------+---------------------------+--------+----------------------+------------------+---------------------------+
; Name                                            ; Location           ; Fan-Out ; Usage                     ; Global ; Global Resource Used ; Global Line Name ; Enable Signal Source Name ;
+-------------------------------------------------+--------------------+---------+---------------------------+--------+----------------------+------------------+---------------------------+
; Clock_1MHz:CLK1MHZ|LessThan0~0                  ; LCCOMB_X29_Y32_N12 ; 5       ; Sync. clear               ; no     ; --                   ; --               ; --                        ;
; Clock_1MHz:CLK1MHZ|clk_1M                       ; FF_X29_Y32_N1      ; 118     ; Clock                     ; yes    ; Global Clock         ; GCLK13           ; --                        ;
; DHT11_Controller:dht11_ctrl|Equal0~1            ; LCCOMB_X34_Y25_N28 ; 33      ; Clock enable              ; no     ; --                   ; --               ; --                        ;
; DHT11_Controller:dht11_ctrl|cur_state.READ_DATA ; FF_X39_Y28_N15     ; 53      ; Sync. clear               ; no     ; --                   ; --               ; --                        ;
; DHT11_Controller:dht11_ctrl|data_temp[27]~1     ; LCCOMB_X39_Y27_N28 ; 46      ; Clock enable              ; no     ; --                   ; --               ; --                        ;
; DHT11_Controller:dht11_ctrl|us_clear            ; FF_X39_Y28_N5      ; 24      ; Clock enable, Sync. clear ; no     ; --                   ; --               ; --                        ;
; LCD_Controller:lcd_ctrl|char_index[4]~8         ; LCCOMB_X29_Y23_N30 ; 4       ; Clock enable              ; no     ; --                   ; --               ; --                        ;
; LCD_Controller:lcd_ctrl|counter[21]             ; FF_X29_Y21_N21     ; 44      ; Clock enable, Sync. clear ; no     ; --                   ; --               ; --                        ;
; LCD_Controller:lcd_ctrl|lcd_db[4]~0             ; LCCOMB_X31_Y23_N26 ; 2       ; Clock enable              ; no     ; --                   ; --               ; --                        ;
; clk                                             ; PIN_R8             ; 97      ; Clock                     ; yes    ; Global Clock         ; GCLK18           ; --                        ;
; rst_n                                           ; PIN_J15            ; 124     ; Async. clear              ; no     ; --                   ; --               ; --                        ;
+-------------------------------------------------+--------------------+---------+---------------------------+--------+----------------------+------------------+---------------------------+


+------------------------------------------------------------------------------------------------------------------------------------------------------------------+
; Global & Other Fast Signals                                                                                                                                      ;
+---------------------------+---------------+---------+--------------------------------------+----------------------+------------------+---------------------------+
; Name                      ; Location      ; Fan-Out ; Fan-Out Using Intentional Clock Skew ; Global Resource Used ; Global Line Name ; Enable Signal Source Name ;
+---------------------------+---------------+---------+--------------------------------------+----------------------+------------------+---------------------------+
; Clock_1MHz:CLK1MHZ|clk_1M ; FF_X29_Y32_N1 ; 118     ; 5                                    ; Global Clock         ; GCLK13           ; --                        ;
; clk                       ; PIN_R8        ; 97      ; 31                                   ; Global Clock         ; GCLK18           ; --                        ;
+---------------------------+---------------+---------+--------------------------------------+----------------------+------------------+---------------------------+


+-------------------------------------------------------------------------------------------------------------------------------------------------------------+
; Non-Global High Fan-Out Signals                                                                                                                             ;
+---------------------------------------------------------------------------------------------------------------------------------------------------+---------+
; Name                                                                                                                                              ; Fan-Out ;
+---------------------------------------------------------------------------------------------------------------------------------------------------+---------+
; rst_n~input                                                                                                                                       ; 124     ;
; DHT11_Controller:dht11_ctrl|cur_state.READ_DATA                                                                                                   ; 53      ;
; DHT11_Controller:dht11_ctrl|data_temp[27]~1                                                                                                       ; 46      ;
; LCD_Controller:lcd_ctrl|counter[21]                                                                                                               ; 44      ;
; LCD_Controller:lcd_ctrl|char_index[2]                                                                                                             ; 35      ;
; DHT11_Controller:dht11_ctrl|Equal0~1                                                                                                              ; 33      ;
; DHT11_Controller:dht11_ctrl|Equal1~4                                                                                                              ; 32      ;
; LCD_Controller:lcd_ctrl|char_index[1]                                                                                                             ; 30      ;
; LCD_Controller:lcd_ctrl|char_index[4]                                                                                                             ; 25      ;
; DHT11_Controller:dht11_ctrl|us_clear                                                                                                              ; 24      ;
; LCD_Controller:lcd_ctrl|char_index[3]                                                                                                             ; 24      ;
; LCD_Controller:lcd_ctrl|char_index[0]                                                                                                             ; 20      ;
; LCD_Controller:lcd_ctrl|lpm_divide:Div0|lpm_divide_jhm:auto_generated|sign_div_unsign_bkh:divider|alt_u_div_a4f:divider|add_sub_3_result_int[4]~6 ; 13      ;
; LCD_Controller:lcd_ctrl|lpm_divide:Div2|lpm_divide_jhm:auto_generated|sign_div_unsign_bkh:divider|alt_u_div_a4f:divider|add_sub_3_result_int[4]~6 ; 13      ;
; LCD_Controller:lcd_ctrl|lpm_divide:Div1|lpm_divide_jhm:auto_generated|sign_div_unsign_bkh:divider|alt_u_div_a4f:divider|add_sub_3_result_int[4]~6 ; 13      ;
; LCD_Controller:lcd_ctrl|lpm_divide:Div3|lpm_divide_jhm:auto_generated|sign_div_unsign_bkh:divider|alt_u_div_a4f:divider|add_sub_3_result_int[4]~6 ; 13      ;
; LCD_Controller:lcd_ctrl|state.001000                                                                                                              ; 11      ;
; LCD_Controller:lcd_ctrl|lpm_divide:Div0|lpm_divide_jhm:auto_generated|sign_div_unsign_bkh:divider|alt_u_div_a4f:divider|add_sub_5_result_int[5]~8 ; 11      ;
; LCD_Controller:lcd_ctrl|lpm_divide:Div0|lpm_divide_jhm:auto_generated|sign_div_unsign_bkh:divider|alt_u_div_a4f:divider|add_sub_4_result_int[5]~8 ; 11      ;
; LCD_Controller:lcd_ctrl|lpm_divide:Div2|lpm_divide_jhm:auto_generated|sign_div_unsign_bkh:divider|alt_u_div_a4f:divider|add_sub_5_result_int[5]~8 ; 11      ;
; LCD_Controller:lcd_ctrl|lpm_divide:Div2|lpm_divide_jhm:auto_generated|sign_div_unsign_bkh:divider|alt_u_div_a4f:divider|add_sub_4_result_int[5]~8 ; 11      ;
; LCD_Controller:lcd_ctrl|lpm_divide:Div1|lpm_divide_jhm:auto_generated|sign_div_unsign_bkh:divider|alt_u_div_a4f:divider|add_sub_5_result_int[5]~8 ; 11      ;
; LCD_Controller:lcd_ctrl|lpm_divide:Div1|lpm_divide_jhm:auto_generated|sign_div_unsign_bkh:divider|alt_u_div_a4f:divider|add_sub_4_result_int[5]~8 ; 11      ;
; LCD_Controller:lcd_ctrl|lpm_divide:Div3|lpm_divide_jhm:auto_generated|sign_div_unsign_bkh:divider|alt_u_div_a4f:divider|add_sub_5_result_int[5]~8 ; 11      ;
; LCD_Controller:lcd_ctrl|lpm_divide:Div3|lpm_divide_jhm:auto_generated|sign_div_unsign_bkh:divider|alt_u_div_a4f:divider|add_sub_4_result_int[5]~8 ; 11      ;
; LCD_Controller:lcd_ctrl|lpm_divide:Mod3|lpm_divide_m9m:auto_generated|sign_div_unsign_bkh:divider|alt_u_div_a4f:divider|add_sub_5_result_int[5]~8 ; 10      ;
; LCD_Controller:lcd_ctrl|lpm_divide:Mod3|lpm_divide_m9m:auto_generated|sign_div_unsign_bkh:divider|alt_u_div_a4f:divider|add_sub_4_result_int[5]~8 ; 10      ;
; LCD_Controller:lcd_ctrl|lpm_divide:Mod3|lpm_divide_m9m:auto_generated|sign_div_unsign_bkh:divider|alt_u_div_a4f:divider|add_sub_3_result_int[4]~6 ; 10      ;
; LCD_Controller:lcd_ctrl|lpm_divide:Mod1|lpm_divide_m9m:auto_generated|sign_div_unsign_bkh:divider|alt_u_div_a4f:divider|add_sub_5_result_int[5]~8 ; 10      ;
; LCD_Controller:lcd_ctrl|lpm_divide:Mod1|lpm_divide_m9m:auto_generated|sign_div_unsign_bkh:divider|alt_u_div_a4f:divider|add_sub_4_result_int[5]~8 ; 10      ;
; LCD_Controller:lcd_ctrl|lpm_divide:Mod1|lpm_divide_m9m:auto_generated|sign_div_unsign_bkh:divider|alt_u_div_a4f:divider|add_sub_3_result_int[4]~6 ; 10      ;
; LCD_Controller:lcd_ctrl|lpm_divide:Mod2|lpm_divide_m9m:auto_generated|sign_div_unsign_bkh:divider|alt_u_div_a4f:divider|add_sub_5_result_int[5]~8 ; 10      ;
; LCD_Controller:lcd_ctrl|lpm_divide:Mod2|lpm_divide_m9m:auto_generated|sign_div_unsign_bkh:divider|alt_u_div_a4f:divider|add_sub_4_result_int[5]~8 ; 10      ;
; LCD_Controller:lcd_ctrl|lpm_divide:Mod2|lpm_divide_m9m:auto_generated|sign_div_unsign_bkh:divider|alt_u_div_a4f:divider|add_sub_3_result_int[4]~6 ; 10      ;
; LCD_Controller:lcd_ctrl|lpm_divide:Mod0|lpm_divide_m9m:auto_generated|sign_div_unsign_bkh:divider|alt_u_div_a4f:divider|add_sub_5_result_int[5]~8 ; 10      ;
; LCD_Controller:lcd_ctrl|lpm_divide:Mod0|lpm_divide_m9m:auto_generated|sign_div_unsign_bkh:divider|alt_u_div_a4f:divider|add_sub_4_result_int[5]~8 ; 10      ;
; LCD_Controller:lcd_ctrl|lpm_divide:Mod0|lpm_divide_m9m:auto_generated|sign_div_unsign_bkh:divider|alt_u_div_a4f:divider|add_sub_3_result_int[4]~6 ; 10      ;
; DHT11_Controller:dht11_ctrl|data_valid[12]                                                                                                        ; 9       ;
; DHT11_Controller:dht11_ctrl|data_valid[11]                                                                                                        ; 9       ;
; DHT11_Controller:dht11_ctrl|data_valid[28]                                                                                                        ; 9       ;
; DHT11_Controller:dht11_ctrl|data_valid[27]                                                                                                        ; 9       ;
; LCD_Controller:lcd_ctrl|lpm_divide:Div0|lpm_divide_jhm:auto_generated|sign_div_unsign_bkh:divider|alt_u_div_a4f:divider|add_sub_6_result_int[5]~8 ; 9       ;
; LCD_Controller:lcd_ctrl|lpm_divide:Div2|lpm_divide_jhm:auto_generated|sign_div_unsign_bkh:divider|alt_u_div_a4f:divider|add_sub_6_result_int[5]~8 ; 9       ;
; LCD_Controller:lcd_ctrl|lpm_divide:Div1|lpm_divide_jhm:auto_generated|sign_div_unsign_bkh:divider|alt_u_div_a4f:divider|add_sub_6_result_int[5]~8 ; 9       ;
; LCD_Controller:lcd_ctrl|lpm_divide:Div3|lpm_divide_jhm:auto_generated|sign_div_unsign_bkh:divider|alt_u_div_a4f:divider|add_sub_6_result_int[5]~8 ; 9       ;
; DHT11_Controller:dht11_ctrl|dht_d0                                                                                                                ; 8       ;
; DHT11_Controller:dht11_ctrl|data_valid[3]                                                                                                         ; 8       ;
; DHT11_Controller:dht11_ctrl|data_valid[4]                                                                                                         ; 8       ;
; DHT11_Controller:dht11_ctrl|data_valid[19]                                                                                                        ; 8       ;
; DHT11_Controller:dht11_ctrl|data_valid[20]                                                                                                        ; 8       ;
; LCD_Controller:lcd_ctrl|lpm_divide:Mod3|lpm_divide_m9m:auto_generated|sign_div_unsign_bkh:divider|alt_u_div_a4f:divider|add_sub_6_result_int[5]~8 ; 8       ;
; LCD_Controller:lcd_ctrl|lpm_divide:Mod1|lpm_divide_m9m:auto_generated|sign_div_unsign_bkh:divider|alt_u_div_a4f:divider|add_sub_6_result_int[5]~8 ; 8       ;
; LCD_Controller:lcd_ctrl|lpm_divide:Mod2|lpm_divide_m9m:auto_generated|sign_div_unsign_bkh:divider|alt_u_div_a4f:divider|add_sub_6_result_int[5]~8 ; 8       ;
; LCD_Controller:lcd_ctrl|lpm_divide:Mod0|lpm_divide_m9m:auto_generated|sign_div_unsign_bkh:divider|alt_u_div_a4f:divider|add_sub_6_result_int[5]~8 ; 8       ;
; DHT11_Controller:dht11_ctrl|dht_d1                                                                                                                ; 7       ;
; LCD_Controller:lcd_ctrl|Selector4~0                                                                                                               ; 7       ;
; LCD_Controller:lcd_ctrl|state.000000                                                                                                              ; 7       ;
; DHT11_Controller:dht11_ctrl|data_valid[13]                                                                                                        ; 7       ;
; DHT11_Controller:dht11_ctrl|data_valid[10]                                                                                                        ; 7       ;
; DHT11_Controller:dht11_ctrl|data_valid[30]                                                                                                        ; 7       ;
; DHT11_Controller:dht11_ctrl|data_valid[29]                                                                                                        ; 7       ;
; DHT11_Controller:dht11_ctrl|data_valid[26]                                                                                                        ; 7       ;
; DHT11_Controller:dht11_ctrl|cur_state.CONTROL_LOW_20MS                                                                                            ; 6       ;
; DHT11_Controller:dht11_ctrl|data_valid[14]                                                                                                        ; 6       ;
; DHT11_Controller:dht11_ctrl|data_valid[2]                                                                                                         ; 6       ;
; DHT11_Controller:dht11_ctrl|data_valid[5]                                                                                                         ; 6       ;
; DHT11_Controller:dht11_ctrl|data_valid[6]                                                                                                         ; 6       ;
; DHT11_Controller:dht11_ctrl|data_valid[18]                                                                                                        ; 6       ;
; DHT11_Controller:dht11_ctrl|data_valid[21]                                                                                                        ; 6       ;
; DHT11_Controller:dht11_ctrl|data_valid[22]                                                                                                        ; 6       ;
; DHT11_Controller:dht11_ctrl|data_valid[9]                                                                                                         ; 6       ;
; DHT11_Controller:dht11_ctrl|data_valid[25]                                                                                                        ; 6       ;
; DHT11_Controller:dht11_ctrl|count_1us[10]                                                                                                         ; 6       ;
; DHT11_Controller:dht11_ctrl|Selector7~4                                                                                                           ; 5       ;
; DHT11_Controller:dht11_ctrl|LessThan2~3                                                                                                           ; 5       ;
; DHT11_Controller:dht11_ctrl|cur_state.CONTROL_HIGH_13US                                                                                           ; 5       ;
; DHT11_Controller:dht11_ctrl|LessThan1~5                                                                                                           ; 5       ;
; Clock_1MHz:CLK1MHZ|LessThan0~0                                                                                                                    ; 5       ;
; DHT11_Controller:dht11_ctrl|state                                                                                                                 ; 5       ;
; DHT11_Controller:dht11_ctrl|cur_state.READ_HIGH_87US                                                                                              ; 5       ;
; DHT11_Controller:dht11_ctrl|data_valid[1]                                                                                                         ; 5       ;
; DHT11_Controller:dht11_ctrl|data_valid[17]                                                                                                        ; 5       ;
; DHT11_Controller:dht11_ctrl|data_valid[31]                                                                                                        ; 5       ;
; DHT11_Controller:dht11_ctrl|count_1us[8]                                                                                                          ; 5       ;
; DHT11_Controller:dht11_ctrl|count_1us[7]                                                                                                          ; 5       ;
; DHT11_Controller:dht11_ctrl|count_1us[9]                                                                                                          ; 5       ;
; DHT11_Controller:dht11_ctrl|Selector2~1                                                                                                           ; 4       ;
; DHT11_Controller:dht11_ctrl|Selector7~2                                                                                                           ; 4       ;
; DHT11_Controller:dht11_ctrl|LessThan0~4                                                                                                           ; 4       ;
; DHT11_Controller:dht11_ctrl|cur_state.CONTROL_LOW                                                                                                 ; 4       ;
; DHT11_Controller:dht11_ctrl|dht_nedge                                                                                                             ; 4       ;
; DHT11_Controller:dht11_ctrl|data_valid[15]                                                                                                        ; 4       ;
; DHT11_Controller:dht11_ctrl|data_valid[7]                                                                                                         ; 4       ;
; LCD_Controller:lcd_ctrl|char_index[4]~8                                                                                                           ; 4       ;
; DHT11_Controller:dht11_ctrl|data_valid[23]                                                                                                        ; 4       ;
; LCD_Controller:lcd_ctrl|Selector9~0                                                                                                               ; 4       ;
; LCD_Controller:lcd_ctrl|state.000100                                                                                                              ; 4       ;
; LCD_Controller:lcd_ctrl|state.000010                                                                                                              ; 4       ;
; LCD_Controller:lcd_ctrl|Mux7~1                                                                                                                    ; 4       ;
; DHT11_Controller:dht11_ctrl|count_1us[5]                                                                                                          ; 4       ;
; DHT11_Controller:dht11_ctrl|count_1us[6]                                                                                                          ; 4       ;
; DHT11_Controller:dht11_ctrl|count_1us[13]                                                                                                         ; 4       ;
; DHT11_Controller:dht11_ctrl|count_1us[12]                                                                                                         ; 4       ;
; DHT11_Controller:dht11_ctrl|count_1us[11]                                                                                                         ; 4       ;
; DHT11_Controller:dht11_ctrl|count_1us[14]                                                                                                         ; 4       ;
; DHT11_Controller:dht11_ctrl|count_1us[20]                                                                                                         ; 4       ;
; DHT11_Controller:dht11_ctrl|count_1us[16]                                                                                                         ; 4       ;
; DHT11_Controller:dht11_ctrl|count_1us[15]                                                                                                         ; 4       ;
; DHT11_Controller:dht11_ctrl|Selector0~0                                                                                                           ; 3       ;
; DHT11_Controller:dht11_ctrl|cur_state.KEEP_DELAY                                                                                                  ; 3       ;
; DHT11_Controller:dht11_ctrl|Selector7~0                                                                                                           ; 3       ;
; DHT11_Controller:dht11_ctrl|LessThan1~1                                                                                                           ; 3       ;
; LCD_Controller:lcd_ctrl|state.001001                                                                                                              ; 3       ;
; DHT11_Controller:dht11_ctrl|data_temp[38]                                                                                                         ; 3       ;
; DHT11_Controller:dht11_ctrl|data_temp[30]                                                                                                         ; 3       ;
; DHT11_Controller:dht11_ctrl|data_temp[31]                                                                                                         ; 3       ;
; DHT11_Controller:dht11_ctrl|data_temp[22]                                                                                                         ; 3       ;
; DHT11_Controller:dht11_ctrl|data_temp[14]                                                                                                         ; 3       ;
; DHT11_Controller:dht11_ctrl|data_temp[23]                                                                                                         ; 3       ;
; DHT11_Controller:dht11_ctrl|data_temp[15]                                                                                                         ; 3       ;
; DHT11_Controller:dht11_ctrl|data_temp[36]                                                                                                         ; 3       ;
; DHT11_Controller:dht11_ctrl|data_temp[28]                                                                                                         ; 3       ;
; DHT11_Controller:dht11_ctrl|data_temp[37]                                                                                                         ; 3       ;
; DHT11_Controller:dht11_ctrl|data_temp[29]                                                                                                         ; 3       ;
; DHT11_Controller:dht11_ctrl|data_temp[20]                                                                                                         ; 3       ;
; DHT11_Controller:dht11_ctrl|data_temp[12]                                                                                                         ; 3       ;
; DHT11_Controller:dht11_ctrl|data_temp[21]                                                                                                         ; 3       ;
; DHT11_Controller:dht11_ctrl|data_temp[13]                                                                                                         ; 3       ;
; DHT11_Controller:dht11_ctrl|data_temp[34]                                                                                                         ; 3       ;
; DHT11_Controller:dht11_ctrl|data_temp[26]                                                                                                         ; 3       ;
; DHT11_Controller:dht11_ctrl|data_temp[35]                                                                                                         ; 3       ;
; DHT11_Controller:dht11_ctrl|data_temp[27]                                                                                                         ; 3       ;
; DHT11_Controller:dht11_ctrl|data_temp[18]                                                                                                         ; 3       ;
; DHT11_Controller:dht11_ctrl|data_temp[10]                                                                                                         ; 3       ;
; DHT11_Controller:dht11_ctrl|data_temp[19]                                                                                                         ; 3       ;
; DHT11_Controller:dht11_ctrl|data_temp[11]                                                                                                         ; 3       ;
; DHT11_Controller:dht11_ctrl|data_temp[24]                                                                                                         ; 3       ;
; DHT11_Controller:dht11_ctrl|data_temp[33]                                                                                                         ; 3       ;
; DHT11_Controller:dht11_ctrl|data_temp[25]                                                                                                         ; 3       ;
; DHT11_Controller:dht11_ctrl|data_temp[16]                                                                                                         ; 3       ;
; DHT11_Controller:dht11_ctrl|data_temp[8]                                                                                                          ; 3       ;
; DHT11_Controller:dht11_ctrl|data_temp[17]                                                                                                         ; 3       ;
; DHT11_Controller:dht11_ctrl|data_temp[9]                                                                                                          ; 3       ;
; DHT11_Controller:dht11_ctrl|data_temp[32]                                                                                                         ; 3       ;
; LCD_Controller:lcd_ctrl|state.000110                                                                                                              ; 3       ;
; LCD_Controller:lcd_ctrl|Mux1~1                                                                                                                    ; 3       ;
; Clock_1MHz:CLK1MHZ|clk_cnt[4]                                                                                                                     ; 3       ;
; Clock_1MHz:CLK1MHZ|clk_cnt[3]                                                                                                                     ; 3       ;
; DHT11_Controller:dht11_ctrl|count_1us[4]                                                                                                          ; 3       ;
; DHT11_Controller:dht11_ctrl|count_1us[3]                                                                                                          ; 3       ;
; DHT11_Controller:dht11_ctrl|count_1us[2]                                                                                                          ; 3       ;
; DHT11_Controller:dht11_ctrl|count_1us[19]                                                                                                         ; 3       ;
; DHT11_Controller:dht11_ctrl|count_1us[18]                                                                                                         ; 3       ;
; DHT11_Controller:dht11_ctrl|count_1us[17]                                                                                                         ; 3       ;
; LCD_Controller:lcd_ctrl|lpm_divide:Mod3|lpm_divide_m9m:auto_generated|sign_div_unsign_bkh:divider|alt_u_div_a4f:divider|add_sub_7_result_int[5]~8 ; 3       ;
; LCD_Controller:lcd_ctrl|lpm_divide:Mod1|lpm_divide_m9m:auto_generated|sign_div_unsign_bkh:divider|alt_u_div_a4f:divider|add_sub_7_result_int[5]~8 ; 3       ;
; LCD_Controller:lcd_ctrl|lpm_divide:Mod2|lpm_divide_m9m:auto_generated|sign_div_unsign_bkh:divider|alt_u_div_a4f:divider|add_sub_7_result_int[5]~8 ; 3       ;
; LCD_Controller:lcd_ctrl|lpm_divide:Mod0|lpm_divide_m9m:auto_generated|sign_div_unsign_bkh:divider|alt_u_div_a4f:divider|add_sub_7_result_int[5]~8 ; 3       ;
; DHT11_Controller:dht11_ctrl|data_count[4]                                                                                                         ; 3       ;
; DHT11_Controller:dht11_ctrl|data_count[5]                                                                                                         ; 3       ;
; LCD_Controller:lcd_ctrl|lpm_divide:Mod3|lpm_divide_m9m:auto_generated|sign_div_unsign_bkh:divider|alt_u_div_a4f:divider|StageOut[32]~70           ; 2       ;
; LCD_Controller:lcd_ctrl|lpm_divide:Mod3|lpm_divide_m9m:auto_generated|sign_div_unsign_bkh:divider|alt_u_div_a4f:divider|StageOut[27]~69           ; 2       ;
; LCD_Controller:lcd_ctrl|lpm_divide:Mod3|lpm_divide_m9m:auto_generated|sign_div_unsign_bkh:divider|alt_u_div_a4f:divider|StageOut[22]~68           ; 2       ;
; LCD_Controller:lcd_ctrl|lpm_divide:Mod1|lpm_divide_m9m:auto_generated|sign_div_unsign_bkh:divider|alt_u_div_a4f:divider|StageOut[32]~70           ; 2       ;
; LCD_Controller:lcd_ctrl|lpm_divide:Mod1|lpm_divide_m9m:auto_generated|sign_div_unsign_bkh:divider|alt_u_div_a4f:divider|StageOut[27]~69           ; 2       ;
; LCD_Controller:lcd_ctrl|lpm_divide:Mod1|lpm_divide_m9m:auto_generated|sign_div_unsign_bkh:divider|alt_u_div_a4f:divider|StageOut[22]~68           ; 2       ;
; LCD_Controller:lcd_ctrl|lpm_divide:Mod2|lpm_divide_m9m:auto_generated|sign_div_unsign_bkh:divider|alt_u_div_a4f:divider|StageOut[32]~70           ; 2       ;
; LCD_Controller:lcd_ctrl|lpm_divide:Mod2|lpm_divide_m9m:auto_generated|sign_div_unsign_bkh:divider|alt_u_div_a4f:divider|StageOut[27]~69           ; 2       ;
; LCD_Controller:lcd_ctrl|lpm_divide:Mod2|lpm_divide_m9m:auto_generated|sign_div_unsign_bkh:divider|alt_u_div_a4f:divider|StageOut[22]~68           ; 2       ;
; LCD_Controller:lcd_ctrl|lpm_divide:Mod0|lpm_divide_m9m:auto_generated|sign_div_unsign_bkh:divider|alt_u_div_a4f:divider|StageOut[32]~70           ; 2       ;
; LCD_Controller:lcd_ctrl|lpm_divide:Mod0|lpm_divide_m9m:auto_generated|sign_div_unsign_bkh:divider|alt_u_div_a4f:divider|StageOut[27]~69           ; 2       ;
; LCD_Controller:lcd_ctrl|lpm_divide:Mod0|lpm_divide_m9m:auto_generated|sign_div_unsign_bkh:divider|alt_u_div_a4f:divider|StageOut[22]~68           ; 2       ;
; LCD_Controller:lcd_ctrl|lpm_divide:Div0|lpm_divide_jhm:auto_generated|sign_div_unsign_bkh:divider|alt_u_div_a4f:divider|StageOut[27]~66           ; 2       ;
; LCD_Controller:lcd_ctrl|lpm_divide:Div0|lpm_divide_jhm:auto_generated|sign_div_unsign_bkh:divider|alt_u_div_a4f:divider|StageOut[22]~65           ; 2       ;
; LCD_Controller:lcd_ctrl|lpm_divide:Div2|lpm_divide_jhm:auto_generated|sign_div_unsign_bkh:divider|alt_u_div_a4f:divider|StageOut[27]~66           ; 2       ;
; LCD_Controller:lcd_ctrl|lpm_divide:Div2|lpm_divide_jhm:auto_generated|sign_div_unsign_bkh:divider|alt_u_div_a4f:divider|StageOut[22]~65           ; 2       ;
; LCD_Controller:lcd_ctrl|lpm_divide:Div1|lpm_divide_jhm:auto_generated|sign_div_unsign_bkh:divider|alt_u_div_a4f:divider|StageOut[27]~66           ; 2       ;
; LCD_Controller:lcd_ctrl|lpm_divide:Div1|lpm_divide_jhm:auto_generated|sign_div_unsign_bkh:divider|alt_u_div_a4f:divider|StageOut[22]~65           ; 2       ;
; LCD_Controller:lcd_ctrl|lpm_divide:Div3|lpm_divide_jhm:auto_generated|sign_div_unsign_bkh:divider|alt_u_div_a4f:divider|StageOut[27]~66           ; 2       ;
; LCD_Controller:lcd_ctrl|lpm_divide:Div3|lpm_divide_jhm:auto_generated|sign_div_unsign_bkh:divider|alt_u_div_a4f:divider|StageOut[22]~65           ; 2       ;
; DHT11_Controller:dht11_ctrl|next_state.KEEP_DELAY                                                                                                 ; 2       ;
; DHT11_Controller:dht11_ctrl|next_state.CONTROL_HIGH_13US                                                                                          ; 2       ;
; DHT11_Controller:dht11_ctrl|next_state.READ_LOW_83US                                                                                              ; 2       ;
; DHT11_Controller:dht11_ctrl|next_state.CONTROL_LOW_20MS                                                                                           ; 2       ;
; DHT11_Controller:dht11_ctrl|next_state.CONTROL_LOW                                                                                                ; 2       ;
; DHT11_Controller:dht11_ctrl|Selector7~3                                                                                                           ; 2       ;
; DHT11_Controller:dht11_ctrl|Selector0~3                                                                                                           ; 2       ;
; DHT11_Controller:dht11_ctrl|Selector6~4                                                                                                           ; 2       ;
; DHT11_Controller:dht11_ctrl|cur_state.READ_LOW_83US                                                                                               ; 2       ;
; DHT11_Controller:dht11_ctrl|Selector6~0                                                                                                           ; 2       ;
; DHT11_Controller:dht11_ctrl|LessThan0~3                                                                                                           ; 2       ;
; DHT11_Controller:dht11_ctrl|next_state.READ_HIGH_87US                                                                                             ; 2       ;
; DHT11_Controller:dht11_ctrl|next_state.READ_DATA                                                                                                  ; 2       ;
; DHT11_Controller:dht11_ctrl|dht_buffer~en                                                                                                         ; 2       ;
; DHT11_Controller:dht11_ctrl|LessThan2~1                                                                                                           ; 2       ;
; DHT11_Controller:dht11_ctrl|LessThan4~0                                                                                                           ; 2       ;
; DHT11_Controller:dht11_ctrl|data_temp[27]~0                                                                                                       ; 2       ;
; LCD_Controller:lcd_ctrl|lpm_divide:Mod3|lpm_divide_m9m:auto_generated|sign_div_unsign_bkh:divider|alt_u_div_a4f:divider|StageOut[32]~61           ; 2       ;
; LCD_Controller:lcd_ctrl|lpm_divide:Mod3|lpm_divide_m9m:auto_generated|sign_div_unsign_bkh:divider|alt_u_div_a4f:divider|StageOut[31]~57           ; 2       ;
; LCD_Controller:lcd_ctrl|lpm_divide:Mod3|lpm_divide_m9m:auto_generated|sign_div_unsign_bkh:divider|alt_u_div_a4f:divider|StageOut[31]~56           ; 2       ;
; LCD_Controller:lcd_ctrl|lpm_divide:Mod1|lpm_divide_m9m:auto_generated|sign_div_unsign_bkh:divider|alt_u_div_a4f:divider|StageOut[32]~61           ; 2       ;
; LCD_Controller:lcd_ctrl|lpm_divide:Mod1|lpm_divide_m9m:auto_generated|sign_div_unsign_bkh:divider|alt_u_div_a4f:divider|StageOut[31]~57           ; 2       ;
; LCD_Controller:lcd_ctrl|lpm_divide:Mod1|lpm_divide_m9m:auto_generated|sign_div_unsign_bkh:divider|alt_u_div_a4f:divider|StageOut[31]~56           ; 2       ;
; LCD_Controller:lcd_ctrl|lpm_divide:Mod2|lpm_divide_m9m:auto_generated|sign_div_unsign_bkh:divider|alt_u_div_a4f:divider|StageOut[32]~61           ; 2       ;
; LCD_Controller:lcd_ctrl|lpm_divide:Mod2|lpm_divide_m9m:auto_generated|sign_div_unsign_bkh:divider|alt_u_div_a4f:divider|StageOut[31]~57           ; 2       ;
; LCD_Controller:lcd_ctrl|lpm_divide:Mod2|lpm_divide_m9m:auto_generated|sign_div_unsign_bkh:divider|alt_u_div_a4f:divider|StageOut[31]~56           ; 2       ;
; LCD_Controller:lcd_ctrl|lpm_divide:Mod0|lpm_divide_m9m:auto_generated|sign_div_unsign_bkh:divider|alt_u_div_a4f:divider|StageOut[32]~61           ; 2       ;
; LCD_Controller:lcd_ctrl|lpm_divide:Mod0|lpm_divide_m9m:auto_generated|sign_div_unsign_bkh:divider|alt_u_div_a4f:divider|StageOut[31]~57           ; 2       ;
; LCD_Controller:lcd_ctrl|lpm_divide:Mod0|lpm_divide_m9m:auto_generated|sign_div_unsign_bkh:divider|alt_u_div_a4f:divider|StageOut[31]~56           ; 2       ;
; DHT11_Controller:dht11_ctrl|Equal0~0                                                                                                              ; 2       ;
; DHT11_Controller:dht11_ctrl|data_temp[39]                                                                                                         ; 2       ;
; DHT11_Controller:dht11_ctrl|data_temp[7]                                                                                                          ; 2       ;
; DHT11_Controller:dht11_ctrl|data_temp[6]                                                                                                          ; 2       ;
; DHT11_Controller:dht11_ctrl|data_temp[5]                                                                                                          ; 2       ;
; DHT11_Controller:dht11_ctrl|data_temp[4]                                                                                                          ; 2       ;
; DHT11_Controller:dht11_ctrl|data_temp[3]                                                                                                          ; 2       ;
; DHT11_Controller:dht11_ctrl|data_temp[2]                                                                                                          ; 2       ;
; DHT11_Controller:dht11_ctrl|data_temp[1]                                                                                                          ; 2       ;
; LCD_Controller:lcd_ctrl|lcd_db[4]~0                                                                                                               ; 2       ;
; LCD_Controller:lcd_ctrl|Mux2~0                                                                                                                    ; 2       ;
; LCD_Controller:lcd_ctrl|Selector1~0                                                                                                               ; 2       ;
; LCD_Controller:lcd_ctrl|Mux3~6                                                                                                                    ; 2       ;
; LCD_Controller:lcd_ctrl|Mux1~3                                                                                                                    ; 2       ;
; LCD_Controller:lcd_ctrl|Mux4~11                                                                                                                   ; 2       ;
; LCD_Controller:lcd_ctrl|Mux6~11                                                                                                                   ; 2       ;
; LCD_Controller:lcd_ctrl|Mux6~7                                                                                                                    ; 2       ;
; LCD_Controller:lcd_ctrl|Mux5~10                                                                                                                   ; 2       ;
; LCD_Controller:lcd_ctrl|Mux5~5                                                                                                                    ; 2       ;
; LCD_Controller:lcd_ctrl|Mux5~3                                                                                                                    ; 2       ;
; LCD_Controller:lcd_ctrl|Mux7~9                                                                                                                    ; 2       ;
; LCD_Controller:lcd_ctrl|Mux7~7                                                                                                                    ; 2       ;
; LCD_Controller:lcd_ctrl|Mux7~6                                                                                                                    ; 2       ;
; LCD_Controller:lcd_ctrl|Mux7~5                                                                                                                    ; 2       ;
; DHT11_Controller:dht11_ctrl|data_valid[8]                                                                                                         ; 2       ;
; DHT11_Controller:dht11_ctrl|data_valid[24]                                                                                                        ; 2       ;
; LCD_Controller:lcd_ctrl|lcd_db[7]                                                                                                                 ; 2       ;
; LCD_Controller:lcd_ctrl|lcd_db[6]                                                                                                                 ; 2       ;
; LCD_Controller:lcd_ctrl|lcd_db[3]                                                                                                                 ; 2       ;
; LCD_Controller:lcd_ctrl|lcd_db[2]                                                                                                                 ; 2       ;
; LCD_Controller:lcd_ctrl|lcd_db[1]                                                                                                                 ; 2       ;
; LCD_Controller:lcd_ctrl|lcd_db[0]                                                                                                                 ; 2       ;
; LCD_Controller:lcd_ctrl|lcd_rs                                                                                                                    ; 2       ;
; LCD_Controller:lcd_ctrl|lpm_divide:Mod3|lpm_divide_m9m:auto_generated|sign_div_unsign_bkh:divider|alt_u_div_a4f:divider|add_sub_5_result_int[2]~2 ; 2       ;
; LCD_Controller:lcd_ctrl|lpm_divide:Mod3|lpm_divide_m9m:auto_generated|sign_div_unsign_bkh:divider|alt_u_div_a4f:divider|add_sub_5_result_int[1]~0 ; 2       ;
; LCD_Controller:lcd_ctrl|lpm_divide:Mod3|lpm_divide_m9m:auto_generated|sign_div_unsign_bkh:divider|alt_u_div_a4f:divider|add_sub_4_result_int[2]~2 ; 2       ;
; LCD_Controller:lcd_ctrl|lpm_divide:Mod3|lpm_divide_m9m:auto_generated|sign_div_unsign_bkh:divider|alt_u_div_a4f:divider|add_sub_4_result_int[1]~0 ; 2       ;
; LCD_Controller:lcd_ctrl|lpm_divide:Mod3|lpm_divide_m9m:auto_generated|sign_div_unsign_bkh:divider|alt_u_div_a4f:divider|add_sub_3_result_int[2]~2 ; 2       ;
; LCD_Controller:lcd_ctrl|lpm_divide:Mod3|lpm_divide_m9m:auto_generated|sign_div_unsign_bkh:divider|alt_u_div_a4f:divider|add_sub_3_result_int[1]~0 ; 2       ;
; LCD_Controller:lcd_ctrl|lpm_divide:Mod1|lpm_divide_m9m:auto_generated|sign_div_unsign_bkh:divider|alt_u_div_a4f:divider|add_sub_5_result_int[2]~2 ; 2       ;
; LCD_Controller:lcd_ctrl|lpm_divide:Mod1|lpm_divide_m9m:auto_generated|sign_div_unsign_bkh:divider|alt_u_div_a4f:divider|add_sub_5_result_int[1]~0 ; 2       ;
; LCD_Controller:lcd_ctrl|lpm_divide:Mod1|lpm_divide_m9m:auto_generated|sign_div_unsign_bkh:divider|alt_u_div_a4f:divider|add_sub_4_result_int[2]~2 ; 2       ;
; LCD_Controller:lcd_ctrl|lpm_divide:Mod1|lpm_divide_m9m:auto_generated|sign_div_unsign_bkh:divider|alt_u_div_a4f:divider|add_sub_4_result_int[1]~0 ; 2       ;
; LCD_Controller:lcd_ctrl|lpm_divide:Mod1|lpm_divide_m9m:auto_generated|sign_div_unsign_bkh:divider|alt_u_div_a4f:divider|add_sub_3_result_int[2]~2 ; 2       ;
; LCD_Controller:lcd_ctrl|lpm_divide:Mod1|lpm_divide_m9m:auto_generated|sign_div_unsign_bkh:divider|alt_u_div_a4f:divider|add_sub_3_result_int[1]~0 ; 2       ;
; LCD_Controller:lcd_ctrl|lpm_divide:Mod2|lpm_divide_m9m:auto_generated|sign_div_unsign_bkh:divider|alt_u_div_a4f:divider|add_sub_5_result_int[2]~2 ; 2       ;
; LCD_Controller:lcd_ctrl|lpm_divide:Mod2|lpm_divide_m9m:auto_generated|sign_div_unsign_bkh:divider|alt_u_div_a4f:divider|add_sub_5_result_int[1]~0 ; 2       ;
; LCD_Controller:lcd_ctrl|lpm_divide:Mod2|lpm_divide_m9m:auto_generated|sign_div_unsign_bkh:divider|alt_u_div_a4f:divider|add_sub_4_result_int[2]~2 ; 2       ;
; LCD_Controller:lcd_ctrl|lpm_divide:Mod2|lpm_divide_m9m:auto_generated|sign_div_unsign_bkh:divider|alt_u_div_a4f:divider|add_sub_4_result_int[1]~0 ; 2       ;
; LCD_Controller:lcd_ctrl|lpm_divide:Mod2|lpm_divide_m9m:auto_generated|sign_div_unsign_bkh:divider|alt_u_div_a4f:divider|add_sub_3_result_int[2]~2 ; 2       ;
; LCD_Controller:lcd_ctrl|lpm_divide:Mod2|lpm_divide_m9m:auto_generated|sign_div_unsign_bkh:divider|alt_u_div_a4f:divider|add_sub_3_result_int[1]~0 ; 2       ;
; LCD_Controller:lcd_ctrl|lpm_divide:Mod0|lpm_divide_m9m:auto_generated|sign_div_unsign_bkh:divider|alt_u_div_a4f:divider|add_sub_5_result_int[2]~2 ; 2       ;
; LCD_Controller:lcd_ctrl|lpm_divide:Mod0|lpm_divide_m9m:auto_generated|sign_div_unsign_bkh:divider|alt_u_div_a4f:divider|add_sub_5_result_int[1]~0 ; 2       ;
; LCD_Controller:lcd_ctrl|lpm_divide:Mod0|lpm_divide_m9m:auto_generated|sign_div_unsign_bkh:divider|alt_u_div_a4f:divider|add_sub_4_result_int[2]~2 ; 2       ;
; LCD_Controller:lcd_ctrl|lpm_divide:Mod0|lpm_divide_m9m:auto_generated|sign_div_unsign_bkh:divider|alt_u_div_a4f:divider|add_sub_4_result_int[1]~0 ; 2       ;
; LCD_Controller:lcd_ctrl|lpm_divide:Mod0|lpm_divide_m9m:auto_generated|sign_div_unsign_bkh:divider|alt_u_div_a4f:divider|add_sub_3_result_int[2]~2 ; 2       ;
; LCD_Controller:lcd_ctrl|lpm_divide:Mod0|lpm_divide_m9m:auto_generated|sign_div_unsign_bkh:divider|alt_u_div_a4f:divider|add_sub_3_result_int[1]~0 ; 2       ;
; LCD_Controller:lcd_ctrl|lpm_divide:Div0|lpm_divide_jhm:auto_generated|sign_div_unsign_bkh:divider|alt_u_div_a4f:divider|add_sub_5_result_int[2]~2 ; 2       ;
; LCD_Controller:lcd_ctrl|lpm_divide:Div0|lpm_divide_jhm:auto_generated|sign_div_unsign_bkh:divider|alt_u_div_a4f:divider|add_sub_5_result_int[1]~0 ; 2       ;
; LCD_Controller:lcd_ctrl|lpm_divide:Div0|lpm_divide_jhm:auto_generated|sign_div_unsign_bkh:divider|alt_u_div_a4f:divider|add_sub_4_result_int[2]~2 ; 2       ;
; LCD_Controller:lcd_ctrl|lpm_divide:Div0|lpm_divide_jhm:auto_generated|sign_div_unsign_bkh:divider|alt_u_div_a4f:divider|add_sub_4_result_int[1]~0 ; 2       ;
; LCD_Controller:lcd_ctrl|lpm_divide:Div0|lpm_divide_jhm:auto_generated|sign_div_unsign_bkh:divider|alt_u_div_a4f:divider|add_sub_3_result_int[2]~2 ; 2       ;
; LCD_Controller:lcd_ctrl|lpm_divide:Div0|lpm_divide_jhm:auto_generated|sign_div_unsign_bkh:divider|alt_u_div_a4f:divider|add_sub_3_result_int[1]~0 ; 2       ;
; LCD_Controller:lcd_ctrl|lpm_divide:Div2|lpm_divide_jhm:auto_generated|sign_div_unsign_bkh:divider|alt_u_div_a4f:divider|add_sub_5_result_int[2]~2 ; 2       ;
; LCD_Controller:lcd_ctrl|lpm_divide:Div2|lpm_divide_jhm:auto_generated|sign_div_unsign_bkh:divider|alt_u_div_a4f:divider|add_sub_5_result_int[1]~0 ; 2       ;
; LCD_Controller:lcd_ctrl|lpm_divide:Div2|lpm_divide_jhm:auto_generated|sign_div_unsign_bkh:divider|alt_u_div_a4f:divider|add_sub_4_result_int[2]~2 ; 2       ;
; LCD_Controller:lcd_ctrl|lpm_divide:Div2|lpm_divide_jhm:auto_generated|sign_div_unsign_bkh:divider|alt_u_div_a4f:divider|add_sub_4_result_int[1]~0 ; 2       ;
; LCD_Controller:lcd_ctrl|lpm_divide:Div2|lpm_divide_jhm:auto_generated|sign_div_unsign_bkh:divider|alt_u_div_a4f:divider|add_sub_3_result_int[2]~2 ; 2       ;
; LCD_Controller:lcd_ctrl|lpm_divide:Div2|lpm_divide_jhm:auto_generated|sign_div_unsign_bkh:divider|alt_u_div_a4f:divider|add_sub_3_result_int[1]~0 ; 2       ;
; LCD_Controller:lcd_ctrl|lpm_divide:Div1|lpm_divide_jhm:auto_generated|sign_div_unsign_bkh:divider|alt_u_div_a4f:divider|add_sub_5_result_int[2]~2 ; 2       ;
; LCD_Controller:lcd_ctrl|lpm_divide:Div1|lpm_divide_jhm:auto_generated|sign_div_unsign_bkh:divider|alt_u_div_a4f:divider|add_sub_5_result_int[1]~0 ; 2       ;
; LCD_Controller:lcd_ctrl|lpm_divide:Div1|lpm_divide_jhm:auto_generated|sign_div_unsign_bkh:divider|alt_u_div_a4f:divider|add_sub_4_result_int[2]~2 ; 2       ;
; LCD_Controller:lcd_ctrl|lpm_divide:Div1|lpm_divide_jhm:auto_generated|sign_div_unsign_bkh:divider|alt_u_div_a4f:divider|add_sub_4_result_int[1]~0 ; 2       ;
; LCD_Controller:lcd_ctrl|lpm_divide:Div1|lpm_divide_jhm:auto_generated|sign_div_unsign_bkh:divider|alt_u_div_a4f:divider|add_sub_3_result_int[2]~2 ; 2       ;
; LCD_Controller:lcd_ctrl|lpm_divide:Div1|lpm_divide_jhm:auto_generated|sign_div_unsign_bkh:divider|alt_u_div_a4f:divider|add_sub_3_result_int[1]~0 ; 2       ;
; LCD_Controller:lcd_ctrl|lpm_divide:Div3|lpm_divide_jhm:auto_generated|sign_div_unsign_bkh:divider|alt_u_div_a4f:divider|add_sub_5_result_int[2]~2 ; 2       ;
; LCD_Controller:lcd_ctrl|lpm_divide:Div3|lpm_divide_jhm:auto_generated|sign_div_unsign_bkh:divider|alt_u_div_a4f:divider|add_sub_5_result_int[1]~0 ; 2       ;
; LCD_Controller:lcd_ctrl|lpm_divide:Div3|lpm_divide_jhm:auto_generated|sign_div_unsign_bkh:divider|alt_u_div_a4f:divider|add_sub_4_result_int[2]~2 ; 2       ;
; LCD_Controller:lcd_ctrl|lpm_divide:Div3|lpm_divide_jhm:auto_generated|sign_div_unsign_bkh:divider|alt_u_div_a4f:divider|add_sub_4_result_int[1]~0 ; 2       ;
; LCD_Controller:lcd_ctrl|lpm_divide:Div3|lpm_divide_jhm:auto_generated|sign_div_unsign_bkh:divider|alt_u_div_a4f:divider|add_sub_3_result_int[2]~2 ; 2       ;
; LCD_Controller:lcd_ctrl|lpm_divide:Div3|lpm_divide_jhm:auto_generated|sign_div_unsign_bkh:divider|alt_u_div_a4f:divider|add_sub_3_result_int[1]~0 ; 2       ;
; DHT11_Controller:dht11_ctrl|data_count[2]                                                                                                         ; 2       ;
; DHT11_Controller:dht11_ctrl|data_count[1]                                                                                                         ; 2       ;
; DHT11_Controller:dht11_ctrl|data_count[0]                                                                                                         ; 2       ;
; DHT11_Controller:dht11_ctrl|data_count[3]                                                                                                         ; 2       ;
; DHT11_Controller:dht11_ctrl|data_temp[0]                                                                                                          ; 2       ;
; LCD_Controller:lcd_ctrl|state.000000~feeder                                                                                                       ; 1       ;
; dht11~input                                                                                                                                       ; 1       ;
; DHT11_Controller:dht11_ctrl|dht_d0~0                                                                                                              ; 1       ;
; LCD_Controller:lcd_ctrl|state.000001~0                                                                                                            ; 1       ;
; LCD_Controller:lcd_ctrl|char_array[13][6]~59                                                                                                      ; 1       ;
; LCD_Controller:lcd_ctrl|char_array[10][6]~58                                                                                                      ; 1       ;
; LCD_Controller:lcd_ctrl|char_array[24][6]~57                                                                                                      ; 1       ;
; LCD_Controller:lcd_ctrl|char_array[27][6]~56                                                                                                      ; 1       ;
; LCD_Controller:lcd_ctrl|char_array[24][3]~55                                                                                                      ; 1       ;
; LCD_Controller:lcd_ctrl|char_array[10][3]~54                                                                                                      ; 1       ;
; LCD_Controller:lcd_ctrl|char_array[13][3]~53                                                                                                      ; 1       ;
; LCD_Controller:lcd_ctrl|char_array[27][3]~52                                                                                                      ; 1       ;
; LCD_Controller:lcd_ctrl|char_array[24][1]~51                                                                                                      ; 1       ;
; LCD_Controller:lcd_ctrl|char_array[10][1]~50                                                                                                      ; 1       ;
; LCD_Controller:lcd_ctrl|char_array[13][1]~49                                                                                                      ; 1       ;
; LCD_Controller:lcd_ctrl|char_array[27][1]~48                                                                                                      ; 1       ;
; LCD_Controller:lcd_ctrl|char_array[10][2]~47                                                                                                      ; 1       ;
; LCD_Controller:lcd_ctrl|char_array[24][2]~46                                                                                                      ; 1       ;
; LCD_Controller:lcd_ctrl|char_array[27][2]~45                                                                                                      ; 1       ;
; LCD_Controller:lcd_ctrl|char_array[13][2]~44                                                                                                      ; 1       ;
; LCD_Controller:lcd_ctrl|Mux7~11                                                                                                                   ; 1       ;
; LCD_Controller:lcd_ctrl|Mux7~10                                                                                                                   ; 1       ;
; LCD_Controller:lcd_ctrl|Mux2~4                                                                                                                    ; 1       ;
; LCD_Controller:lcd_ctrl|Mux2~3                                                                                                                    ; 1       ;
; LCD_Controller:lcd_ctrl|Mux1~6                                                                                                                    ; 1       ;
; LCD_Controller:lcd_ctrl|Mux1~5                                                                                                                    ; 1       ;
; LCD_Controller:lcd_ctrl|lpm_divide:Mod3|lpm_divide_m9m:auto_generated|sign_div_unsign_bkh:divider|alt_u_div_a4f:divider|StageOut[23]~67           ; 1       ;
; LCD_Controller:lcd_ctrl|lpm_divide:Mod1|lpm_divide_m9m:auto_generated|sign_div_unsign_bkh:divider|alt_u_div_a4f:divider|StageOut[23]~67           ; 1       ;
; LCD_Controller:lcd_ctrl|lpm_divide:Mod2|lpm_divide_m9m:auto_generated|sign_div_unsign_bkh:divider|alt_u_div_a4f:divider|StageOut[23]~67           ; 1       ;
; LCD_Controller:lcd_ctrl|lpm_divide:Mod0|lpm_divide_m9m:auto_generated|sign_div_unsign_bkh:divider|alt_u_div_a4f:divider|StageOut[23]~67           ; 1       ;
; LCD_Controller:lcd_ctrl|lpm_divide:Div0|lpm_divide_jhm:auto_generated|sign_div_unsign_bkh:divider|alt_u_div_a4f:divider|StageOut[32]~67           ; 1       ;
; LCD_Controller:lcd_ctrl|lpm_divide:Div0|lpm_divide_jhm:auto_generated|sign_div_unsign_bkh:divider|alt_u_div_a4f:divider|StageOut[23]~64           ; 1       ;
; LCD_Controller:lcd_ctrl|lpm_divide:Div2|lpm_divide_jhm:auto_generated|sign_div_unsign_bkh:divider|alt_u_div_a4f:divider|StageOut[32]~67           ; 1       ;
; LCD_Controller:lcd_ctrl|lpm_divide:Div2|lpm_divide_jhm:auto_generated|sign_div_unsign_bkh:divider|alt_u_div_a4f:divider|StageOut[23]~64           ; 1       ;
; LCD_Controller:lcd_ctrl|lpm_divide:Div1|lpm_divide_jhm:auto_generated|sign_div_unsign_bkh:divider|alt_u_div_a4f:divider|StageOut[32]~67           ; 1       ;
; LCD_Controller:lcd_ctrl|lpm_divide:Div1|lpm_divide_jhm:auto_generated|sign_div_unsign_bkh:divider|alt_u_div_a4f:divider|StageOut[23]~64           ; 1       ;
; LCD_Controller:lcd_ctrl|lpm_divide:Div3|lpm_divide_jhm:auto_generated|sign_div_unsign_bkh:divider|alt_u_div_a4f:divider|StageOut[32]~67           ; 1       ;
; LCD_Controller:lcd_ctrl|lpm_divide:Div3|lpm_divide_jhm:auto_generated|sign_div_unsign_bkh:divider|alt_u_div_a4f:divider|StageOut[23]~64           ; 1       ;
; DHT11_Controller:dht11_ctrl|Selector4~3                                                                                                           ; 1       ;
; LCD_Controller:lcd_ctrl|lpm_divide:Mod3|lpm_divide_m9m:auto_generated|sign_div_unsign_bkh:divider|alt_u_div_a4f:divider|StageOut[33]~66           ; 1       ;
; LCD_Controller:lcd_ctrl|lpm_divide:Mod3|lpm_divide_m9m:auto_generated|sign_div_unsign_bkh:divider|alt_u_div_a4f:divider|StageOut[28]~65           ; 1       ;
; LCD_Controller:lcd_ctrl|lpm_divide:Mod1|lpm_divide_m9m:auto_generated|sign_div_unsign_bkh:divider|alt_u_div_a4f:divider|StageOut[33]~66           ; 1       ;
; LCD_Controller:lcd_ctrl|lpm_divide:Mod1|lpm_divide_m9m:auto_generated|sign_div_unsign_bkh:divider|alt_u_div_a4f:divider|StageOut[28]~65           ; 1       ;
; LCD_Controller:lcd_ctrl|lpm_divide:Mod2|lpm_divide_m9m:auto_generated|sign_div_unsign_bkh:divider|alt_u_div_a4f:divider|StageOut[33]~66           ; 1       ;
; LCD_Controller:lcd_ctrl|lpm_divide:Mod2|lpm_divide_m9m:auto_generated|sign_div_unsign_bkh:divider|alt_u_div_a4f:divider|StageOut[28]~65           ; 1       ;
; LCD_Controller:lcd_ctrl|lpm_divide:Mod0|lpm_divide_m9m:auto_generated|sign_div_unsign_bkh:divider|alt_u_div_a4f:divider|StageOut[33]~66           ; 1       ;
; LCD_Controller:lcd_ctrl|lpm_divide:Mod0|lpm_divide_m9m:auto_generated|sign_div_unsign_bkh:divider|alt_u_div_a4f:divider|StageOut[28]~65           ; 1       ;
; LCD_Controller:lcd_ctrl|lpm_divide:Div0|lpm_divide_jhm:auto_generated|sign_div_unsign_bkh:divider|alt_u_div_a4f:divider|StageOut[33]~63           ; 1       ;
; LCD_Controller:lcd_ctrl|lpm_divide:Div0|lpm_divide_jhm:auto_generated|sign_div_unsign_bkh:divider|alt_u_div_a4f:divider|StageOut[28]~62           ; 1       ;
; LCD_Controller:lcd_ctrl|lpm_divide:Div2|lpm_divide_jhm:auto_generated|sign_div_unsign_bkh:divider|alt_u_div_a4f:divider|StageOut[33]~63           ; 1       ;
; LCD_Controller:lcd_ctrl|lpm_divide:Div2|lpm_divide_jhm:auto_generated|sign_div_unsign_bkh:divider|alt_u_div_a4f:divider|StageOut[28]~62           ; 1       ;
; LCD_Controller:lcd_ctrl|lpm_divide:Div1|lpm_divide_jhm:auto_generated|sign_div_unsign_bkh:divider|alt_u_div_a4f:divider|StageOut[33]~63           ; 1       ;
; LCD_Controller:lcd_ctrl|lpm_divide:Div1|lpm_divide_jhm:auto_generated|sign_div_unsign_bkh:divider|alt_u_div_a4f:divider|StageOut[28]~62           ; 1       ;
; LCD_Controller:lcd_ctrl|lpm_divide:Div3|lpm_divide_jhm:auto_generated|sign_div_unsign_bkh:divider|alt_u_div_a4f:divider|StageOut[33]~63           ; 1       ;
; LCD_Controller:lcd_ctrl|lpm_divide:Div3|lpm_divide_jhm:auto_generated|sign_div_unsign_bkh:divider|alt_u_div_a4f:divider|StageOut[28]~62           ; 1       ;
; LCD_Controller:lcd_ctrl|Mux4~12                                                                                                                   ; 1       ;
; LCD_Controller:lcd_ctrl|Mux6~12                                                                                                                   ; 1       ;
; LCD_Controller:lcd_ctrl|Mux5~11                                                                                                                   ; 1       ;
; DHT11_Controller:dht11_ctrl|Selector7~5                                                                                                           ; 1       ;
; DHT11_Controller:dht11_ctrl|Selector3~1                                                                                                           ; 1       ;
; DHT11_Controller:dht11_ctrl|Selector3~0                                                                                                           ; 1       ;
; DHT11_Controller:dht11_ctrl|Selector4~2                                                                                                           ; 1       ;
; DHT11_Controller:dht11_ctrl|Selector2~2                                                                                                           ; 1       ;
; DHT11_Controller:dht11_ctrl|next_state.CONTROL_LOW~0                                                                                              ; 1       ;
; DHT11_Controller:dht11_ctrl|Selector5~0                                                                                                           ; 1       ;
; DHT11_Controller:dht11_ctrl|Selector2~0                                                                                                           ; 1       ;
; DHT11_Controller:dht11_ctrl|Selector0~7                                                                                                           ; 1       ;
; DHT11_Controller:dht11_ctrl|Selector0~6                                                                                                           ; 1       ;
; DHT11_Controller:dht11_ctrl|Selector0~5                                                                                                           ; 1       ;
; DHT11_Controller:dht11_ctrl|Selector0~4                                                                                                           ; 1       ;
; DHT11_Controller:dht11_ctrl|Selector0~2                                                                                                           ; 1       ;
; DHT11_Controller:dht11_ctrl|Selector7~1                                                                                                           ; 1       ;
; DHT11_Controller:dht11_ctrl|Selector0~1                                                                                                           ; 1       ;
; DHT11_Controller:dht11_ctrl|Selector6~5                                                                                                           ; 1       ;
; DHT11_Controller:dht11_ctrl|Selector6~3                                                                                                           ; 1       ;
; DHT11_Controller:dht11_ctrl|LessThan4~2                                                                                                           ; 1       ;
; DHT11_Controller:dht11_ctrl|LessThan4~1                                                                                                           ; 1       ;
; DHT11_Controller:dht11_ctrl|Selector6~2                                                                                                           ; 1       ;
; DHT11_Controller:dht11_ctrl|LessThan2~2                                                                                                           ; 1       ;
; DHT11_Controller:dht11_ctrl|Selector6~1                                                                                                           ; 1       ;
; DHT11_Controller:dht11_ctrl|dht_buffer~3                                                                                                          ; 1       ;
; DHT11_Controller:dht11_ctrl|LessThan1~4                                                                                                           ; 1       ;
; DHT11_Controller:dht11_ctrl|LessThan1~3                                                                                                           ; 1       ;
; DHT11_Controller:dht11_ctrl|LessThan1~2                                                                                                           ; 1       ;
; DHT11_Controller:dht11_ctrl|dht_buffer~2                                                                                                          ; 1       ;
; DHT11_Controller:dht11_ctrl|LessThan0~2                                                                                                           ; 1       ;
; DHT11_Controller:dht11_ctrl|LessThan0~1                                                                                                           ; 1       ;
; DHT11_Controller:dht11_ctrl|LessThan0~0                                                                                                           ; 1       ;
; DHT11_Controller:dht11_ctrl|Selector54~1                                                                                                          ; 1       ;
; DHT11_Controller:dht11_ctrl|Selector54~0                                                                                                          ; 1       ;
; DHT11_Controller:dht11_ctrl|data_valid~31                                                                                                         ; 1       ;
; DHT11_Controller:dht11_ctrl|data_valid~30                                                                                                         ; 1       ;
; DHT11_Controller:dht11_ctrl|data_valid~29                                                                                                         ; 1       ;
; DHT11_Controller:dht11_ctrl|data_valid~28                                                                                                         ; 1       ;
; DHT11_Controller:dht11_ctrl|data_valid~27                                                                                                         ; 1       ;
; DHT11_Controller:dht11_ctrl|data_valid~26                                                                                                         ; 1       ;
; DHT11_Controller:dht11_ctrl|data_valid~25                                                                                                         ; 1       ;
; DHT11_Controller:dht11_ctrl|data_valid~24                                                                                                         ; 1       ;
; DHT11_Controller:dht11_ctrl|data_valid~23                                                                                                         ; 1       ;
; DHT11_Controller:dht11_ctrl|data_valid~22                                                                                                         ; 1       ;
; DHT11_Controller:dht11_ctrl|data_valid~21                                                                                                         ; 1       ;
; DHT11_Controller:dht11_ctrl|data_valid~20                                                                                                         ; 1       ;
; DHT11_Controller:dht11_ctrl|data_valid~19                                                                                                         ; 1       ;
; DHT11_Controller:dht11_ctrl|data_valid~18                                                                                                         ; 1       ;
; DHT11_Controller:dht11_ctrl|data_valid~17                                                                                                         ; 1       ;
; DHT11_Controller:dht11_ctrl|data_valid~16                                                                                                         ; 1       ;
; DHT11_Controller:dht11_ctrl|data_valid~15                                                                                                         ; 1       ;
; DHT11_Controller:dht11_ctrl|data_valid~14                                                                                                         ; 1       ;
; Clock_1MHz:CLK1MHZ|clk_1M~0                                                                                                                       ; 1       ;
; DHT11_Controller:dht11_ctrl|Selector15~0                                                                                                          ; 1       ;
; DHT11_Controller:dht11_ctrl|Selector23~0                                                                                                          ; 1       ;
; DHT11_Controller:dht11_ctrl|Selector14~0                                                                                                          ; 1       ;
; DHT11_Controller:dht11_ctrl|Selector22~0                                                                                                          ; 1       ;
; DHT11_Controller:dht11_ctrl|Selector31~0                                                                                                          ; 1       ;
; DHT11_Controller:dht11_ctrl|Selector39~0                                                                                                          ; 1       ;
; DHT11_Controller:dht11_ctrl|Selector30~0                                                                                                          ; 1       ;
; DHT11_Controller:dht11_ctrl|Selector38~0                                                                                                          ; 1       ;
; DHT11_Controller:dht11_ctrl|Selector46~0                                                                                                          ; 1       ;
; DHT11_Controller:dht11_ctrl|Selector47~0                                                                                                          ; 1       ;
; DHT11_Controller:dht11_ctrl|Selector17~0                                                                                                          ; 1       ;
; DHT11_Controller:dht11_ctrl|Selector25~0                                                                                                          ; 1       ;
; DHT11_Controller:dht11_ctrl|Selector16~0                                                                                                          ; 1       ;
; DHT11_Controller:dht11_ctrl|Selector24~0                                                                                                          ; 1       ;
; DHT11_Controller:dht11_ctrl|Selector33~0                                                                                                          ; 1       ;
; DHT11_Controller:dht11_ctrl|Selector41~0                                                                                                          ; 1       ;
; DHT11_Controller:dht11_ctrl|Selector32~0                                                                                                          ; 1       ;
; DHT11_Controller:dht11_ctrl|Selector40~0                                                                                                          ; 1       ;
; DHT11_Controller:dht11_ctrl|Selector48~0                                                                                                          ; 1       ;
; DHT11_Controller:dht11_ctrl|Selector49~0                                                                                                          ; 1       ;
; DHT11_Controller:dht11_ctrl|Selector19~0                                                                                                          ; 1       ;
; DHT11_Controller:dht11_ctrl|Selector27~0                                                                                                          ; 1       ;
; DHT11_Controller:dht11_ctrl|Selector18~0                                                                                                          ; 1       ;
; DHT11_Controller:dht11_ctrl|Selector26~0                                                                                                          ; 1       ;
; DHT11_Controller:dht11_ctrl|Selector35~0                                                                                                          ; 1       ;
; DHT11_Controller:dht11_ctrl|Selector43~0                                                                                                          ; 1       ;
; DHT11_Controller:dht11_ctrl|Selector34~0                                                                                                          ; 1       ;
; DHT11_Controller:dht11_ctrl|Selector42~0                                                                                                          ; 1       ;
; DHT11_Controller:dht11_ctrl|Selector50~0                                                                                                          ; 1       ;
; DHT11_Controller:dht11_ctrl|Selector51~0                                                                                                          ; 1       ;
; DHT11_Controller:dht11_ctrl|Selector29~0                                                                                                          ; 1       ;
; DHT11_Controller:dht11_ctrl|Selector20~0                                                                                                          ; 1       ;
; DHT11_Controller:dht11_ctrl|Selector28~0                                                                                                          ; 1       ;
; DHT11_Controller:dht11_ctrl|Selector37~0                                                                                                          ; 1       ;
; DHT11_Controller:dht11_ctrl|Selector45~0                                                                                                          ; 1       ;
; DHT11_Controller:dht11_ctrl|Selector36~0                                                                                                          ; 1       ;
; DHT11_Controller:dht11_ctrl|Selector44~0                                                                                                          ; 1       ;
; DHT11_Controller:dht11_ctrl|Selector52~0                                                                                                          ; 1       ;
; DHT11_Controller:dht11_ctrl|LessThan3~1                                                                                                           ; 1       ;
; DHT11_Controller:dht11_ctrl|LessThan3~0                                                                                                           ; 1       ;
; DHT11_Controller:dht11_ctrl|LessThan2~0                                                                                                           ; 1       ;
; DHT11_Controller:dht11_ctrl|LessThan1~0                                                                                                           ; 1       ;
; DHT11_Controller:dht11_ctrl|Selector21~0                                                                                                          ; 1       ;
; LCD_Controller:lcd_ctrl|state.000101                                                                                                              ; 1       ;
; LCD_Controller:lcd_ctrl|state.000011                                                                                                              ; 1       ;
; LCD_Controller:lcd_ctrl|state.000001                                                                                                              ; 1       ;
; LCD_Controller:lcd_ctrl|lpm_divide:Mod1|lpm_divide_m9m:auto_generated|sign_div_unsign_bkh:divider|alt_u_div_a4f:divider|StageOut[38]~64           ; 1       ;
; LCD_Controller:lcd_ctrl|lpm_divide:Mod3|lpm_divide_m9m:auto_generated|sign_div_unsign_bkh:divider|alt_u_div_a4f:divider|StageOut[38]~64           ; 1       ;
; LCD_Controller:lcd_ctrl|lpm_divide:Mod0|lpm_divide_m9m:auto_generated|sign_div_unsign_bkh:divider|alt_u_div_a4f:divider|StageOut[38]~64           ; 1       ;
; LCD_Controller:lcd_ctrl|lpm_divide:Mod2|lpm_divide_m9m:auto_generated|sign_div_unsign_bkh:divider|alt_u_div_a4f:divider|StageOut[38]~64           ; 1       ;
; LCD_Controller:lcd_ctrl|lpm_divide:Mod1|lpm_divide_m9m:auto_generated|sign_div_unsign_bkh:divider|alt_u_div_a4f:divider|StageOut[36]~63           ; 1       ;
; LCD_Controller:lcd_ctrl|lpm_divide:Mod3|lpm_divide_m9m:auto_generated|sign_div_unsign_bkh:divider|alt_u_div_a4f:divider|StageOut[36]~63           ; 1       ;
; LCD_Controller:lcd_ctrl|lpm_divide:Mod0|lpm_divide_m9m:auto_generated|sign_div_unsign_bkh:divider|alt_u_div_a4f:divider|StageOut[36]~63           ; 1       ;
; LCD_Controller:lcd_ctrl|lpm_divide:Mod2|lpm_divide_m9m:auto_generated|sign_div_unsign_bkh:divider|alt_u_div_a4f:divider|StageOut[36]~63           ; 1       ;
; LCD_Controller:lcd_ctrl|lpm_divide:Mod3|lpm_divide_m9m:auto_generated|sign_div_unsign_bkh:divider|alt_u_div_a4f:divider|StageOut[37]~62           ; 1       ;
; LCD_Controller:lcd_ctrl|lpm_divide:Mod3|lpm_divide_m9m:auto_generated|sign_div_unsign_bkh:divider|alt_u_div_a4f:divider|StageOut[33]~60           ; 1       ;
; LCD_Controller:lcd_ctrl|lpm_divide:Mod3|lpm_divide_m9m:auto_generated|sign_div_unsign_bkh:divider|alt_u_div_a4f:divider|StageOut[30]~59           ; 1       ;
; LCD_Controller:lcd_ctrl|lpm_divide:Mod3|lpm_divide_m9m:auto_generated|sign_div_unsign_bkh:divider|alt_u_div_a4f:divider|StageOut[30]~58           ; 1       ;
; LCD_Controller:lcd_ctrl|lpm_divide:Mod3|lpm_divide_m9m:auto_generated|sign_div_unsign_bkh:divider|alt_u_div_a4f:divider|StageOut[25]~55           ; 1       ;
; LCD_Controller:lcd_ctrl|lpm_divide:Mod3|lpm_divide_m9m:auto_generated|sign_div_unsign_bkh:divider|alt_u_div_a4f:divider|StageOut[25]~54           ; 1       ;
; LCD_Controller:lcd_ctrl|lpm_divide:Mod3|lpm_divide_m9m:auto_generated|sign_div_unsign_bkh:divider|alt_u_div_a4f:divider|StageOut[26]~53           ; 1       ;
; LCD_Controller:lcd_ctrl|lpm_divide:Mod3|lpm_divide_m9m:auto_generated|sign_div_unsign_bkh:divider|alt_u_div_a4f:divider|StageOut[26]~52           ; 1       ;
; LCD_Controller:lcd_ctrl|lpm_divide:Mod3|lpm_divide_m9m:auto_generated|sign_div_unsign_bkh:divider|alt_u_div_a4f:divider|StageOut[27]~51           ; 1       ;
; LCD_Controller:lcd_ctrl|lpm_divide:Mod3|lpm_divide_m9m:auto_generated|sign_div_unsign_bkh:divider|alt_u_div_a4f:divider|StageOut[28]~50           ; 1       ;
; LCD_Controller:lcd_ctrl|lpm_divide:Mod3|lpm_divide_m9m:auto_generated|sign_div_unsign_bkh:divider|alt_u_div_a4f:divider|StageOut[20]~49           ; 1       ;
; LCD_Controller:lcd_ctrl|lpm_divide:Mod3|lpm_divide_m9m:auto_generated|sign_div_unsign_bkh:divider|alt_u_div_a4f:divider|StageOut[20]~48           ; 1       ;
; LCD_Controller:lcd_ctrl|lpm_divide:Mod3|lpm_divide_m9m:auto_generated|sign_div_unsign_bkh:divider|alt_u_div_a4f:divider|StageOut[21]~47           ; 1       ;
; LCD_Controller:lcd_ctrl|lpm_divide:Mod3|lpm_divide_m9m:auto_generated|sign_div_unsign_bkh:divider|alt_u_div_a4f:divider|StageOut[21]~46           ; 1       ;
; LCD_Controller:lcd_ctrl|lpm_divide:Mod3|lpm_divide_m9m:auto_generated|sign_div_unsign_bkh:divider|alt_u_div_a4f:divider|StageOut[22]~45           ; 1       ;
; LCD_Controller:lcd_ctrl|lpm_divide:Mod3|lpm_divide_m9m:auto_generated|sign_div_unsign_bkh:divider|alt_u_div_a4f:divider|StageOut[23]~44           ; 1       ;
; LCD_Controller:lcd_ctrl|lpm_divide:Mod3|lpm_divide_m9m:auto_generated|sign_div_unsign_bkh:divider|alt_u_div_a4f:divider|StageOut[15]~43           ; 1       ;
; LCD_Controller:lcd_ctrl|lpm_divide:Mod3|lpm_divide_m9m:auto_generated|sign_div_unsign_bkh:divider|alt_u_div_a4f:divider|StageOut[15]~42           ; 1       ;
; LCD_Controller:lcd_ctrl|lpm_divide:Mod3|lpm_divide_m9m:auto_generated|sign_div_unsign_bkh:divider|alt_u_div_a4f:divider|StageOut[16]~41           ; 1       ;
; LCD_Controller:lcd_ctrl|lpm_divide:Mod3|lpm_divide_m9m:auto_generated|sign_div_unsign_bkh:divider|alt_u_div_a4f:divider|StageOut[16]~40           ; 1       ;
; LCD_Controller:lcd_ctrl|lpm_divide:Mod3|lpm_divide_m9m:auto_generated|sign_div_unsign_bkh:divider|alt_u_div_a4f:divider|StageOut[17]~39           ; 1       ;
; LCD_Controller:lcd_ctrl|lpm_divide:Mod3|lpm_divide_m9m:auto_generated|sign_div_unsign_bkh:divider|alt_u_div_a4f:divider|StageOut[17]~38           ; 1       ;
; LCD_Controller:lcd_ctrl|lpm_divide:Mod3|lpm_divide_m9m:auto_generated|sign_div_unsign_bkh:divider|alt_u_div_a4f:divider|StageOut[18]~37           ; 1       ;
; LCD_Controller:lcd_ctrl|lpm_divide:Mod3|lpm_divide_m9m:auto_generated|sign_div_unsign_bkh:divider|alt_u_div_a4f:divider|StageOut[18]~36           ; 1       ;
; LCD_Controller:lcd_ctrl|lpm_divide:Mod1|lpm_divide_m9m:auto_generated|sign_div_unsign_bkh:divider|alt_u_div_a4f:divider|StageOut[37]~62           ; 1       ;
; LCD_Controller:lcd_ctrl|lpm_divide:Mod1|lpm_divide_m9m:auto_generated|sign_div_unsign_bkh:divider|alt_u_div_a4f:divider|StageOut[33]~60           ; 1       ;
; LCD_Controller:lcd_ctrl|lpm_divide:Mod1|lpm_divide_m9m:auto_generated|sign_div_unsign_bkh:divider|alt_u_div_a4f:divider|StageOut[30]~59           ; 1       ;
; LCD_Controller:lcd_ctrl|lpm_divide:Mod1|lpm_divide_m9m:auto_generated|sign_div_unsign_bkh:divider|alt_u_div_a4f:divider|StageOut[30]~58           ; 1       ;
; LCD_Controller:lcd_ctrl|lpm_divide:Mod1|lpm_divide_m9m:auto_generated|sign_div_unsign_bkh:divider|alt_u_div_a4f:divider|StageOut[25]~55           ; 1       ;
; LCD_Controller:lcd_ctrl|lpm_divide:Mod1|lpm_divide_m9m:auto_generated|sign_div_unsign_bkh:divider|alt_u_div_a4f:divider|StageOut[25]~54           ; 1       ;
; LCD_Controller:lcd_ctrl|lpm_divide:Mod1|lpm_divide_m9m:auto_generated|sign_div_unsign_bkh:divider|alt_u_div_a4f:divider|StageOut[26]~53           ; 1       ;
; LCD_Controller:lcd_ctrl|lpm_divide:Mod1|lpm_divide_m9m:auto_generated|sign_div_unsign_bkh:divider|alt_u_div_a4f:divider|StageOut[26]~52           ; 1       ;
; LCD_Controller:lcd_ctrl|lpm_divide:Mod1|lpm_divide_m9m:auto_generated|sign_div_unsign_bkh:divider|alt_u_div_a4f:divider|StageOut[27]~51           ; 1       ;
; LCD_Controller:lcd_ctrl|lpm_divide:Mod1|lpm_divide_m9m:auto_generated|sign_div_unsign_bkh:divider|alt_u_div_a4f:divider|StageOut[28]~50           ; 1       ;
; LCD_Controller:lcd_ctrl|lpm_divide:Mod1|lpm_divide_m9m:auto_generated|sign_div_unsign_bkh:divider|alt_u_div_a4f:divider|StageOut[20]~49           ; 1       ;
; LCD_Controller:lcd_ctrl|lpm_divide:Mod1|lpm_divide_m9m:auto_generated|sign_div_unsign_bkh:divider|alt_u_div_a4f:divider|StageOut[20]~48           ; 1       ;
; LCD_Controller:lcd_ctrl|lpm_divide:Mod1|lpm_divide_m9m:auto_generated|sign_div_unsign_bkh:divider|alt_u_div_a4f:divider|StageOut[21]~47           ; 1       ;
; LCD_Controller:lcd_ctrl|lpm_divide:Mod1|lpm_divide_m9m:auto_generated|sign_div_unsign_bkh:divider|alt_u_div_a4f:divider|StageOut[21]~46           ; 1       ;
; LCD_Controller:lcd_ctrl|lpm_divide:Mod1|lpm_divide_m9m:auto_generated|sign_div_unsign_bkh:divider|alt_u_div_a4f:divider|StageOut[22]~45           ; 1       ;
; LCD_Controller:lcd_ctrl|lpm_divide:Mod1|lpm_divide_m9m:auto_generated|sign_div_unsign_bkh:divider|alt_u_div_a4f:divider|StageOut[23]~44           ; 1       ;
; LCD_Controller:lcd_ctrl|lpm_divide:Mod1|lpm_divide_m9m:auto_generated|sign_div_unsign_bkh:divider|alt_u_div_a4f:divider|StageOut[15]~43           ; 1       ;
; LCD_Controller:lcd_ctrl|lpm_divide:Mod1|lpm_divide_m9m:auto_generated|sign_div_unsign_bkh:divider|alt_u_div_a4f:divider|StageOut[15]~42           ; 1       ;
; LCD_Controller:lcd_ctrl|lpm_divide:Mod1|lpm_divide_m9m:auto_generated|sign_div_unsign_bkh:divider|alt_u_div_a4f:divider|StageOut[16]~41           ; 1       ;
; LCD_Controller:lcd_ctrl|lpm_divide:Mod1|lpm_divide_m9m:auto_generated|sign_div_unsign_bkh:divider|alt_u_div_a4f:divider|StageOut[16]~40           ; 1       ;
; LCD_Controller:lcd_ctrl|lpm_divide:Mod1|lpm_divide_m9m:auto_generated|sign_div_unsign_bkh:divider|alt_u_div_a4f:divider|StageOut[17]~39           ; 1       ;
; LCD_Controller:lcd_ctrl|lpm_divide:Mod1|lpm_divide_m9m:auto_generated|sign_div_unsign_bkh:divider|alt_u_div_a4f:divider|StageOut[17]~38           ; 1       ;
; LCD_Controller:lcd_ctrl|lpm_divide:Mod1|lpm_divide_m9m:auto_generated|sign_div_unsign_bkh:divider|alt_u_div_a4f:divider|StageOut[18]~37           ; 1       ;
; LCD_Controller:lcd_ctrl|lpm_divide:Mod1|lpm_divide_m9m:auto_generated|sign_div_unsign_bkh:divider|alt_u_div_a4f:divider|StageOut[18]~36           ; 1       ;
; LCD_Controller:lcd_ctrl|lpm_divide:Mod2|lpm_divide_m9m:auto_generated|sign_div_unsign_bkh:divider|alt_u_div_a4f:divider|StageOut[37]~62           ; 1       ;
; LCD_Controller:lcd_ctrl|lpm_divide:Mod2|lpm_divide_m9m:auto_generated|sign_div_unsign_bkh:divider|alt_u_div_a4f:divider|StageOut[33]~60           ; 1       ;
; LCD_Controller:lcd_ctrl|lpm_divide:Mod2|lpm_divide_m9m:auto_generated|sign_div_unsign_bkh:divider|alt_u_div_a4f:divider|StageOut[30]~59           ; 1       ;
; LCD_Controller:lcd_ctrl|lpm_divide:Mod2|lpm_divide_m9m:auto_generated|sign_div_unsign_bkh:divider|alt_u_div_a4f:divider|StageOut[30]~58           ; 1       ;
; LCD_Controller:lcd_ctrl|lpm_divide:Mod2|lpm_divide_m9m:auto_generated|sign_div_unsign_bkh:divider|alt_u_div_a4f:divider|StageOut[25]~55           ; 1       ;
; LCD_Controller:lcd_ctrl|lpm_divide:Mod2|lpm_divide_m9m:auto_generated|sign_div_unsign_bkh:divider|alt_u_div_a4f:divider|StageOut[25]~54           ; 1       ;
; LCD_Controller:lcd_ctrl|lpm_divide:Mod2|lpm_divide_m9m:auto_generated|sign_div_unsign_bkh:divider|alt_u_div_a4f:divider|StageOut[26]~53           ; 1       ;
; LCD_Controller:lcd_ctrl|lpm_divide:Mod2|lpm_divide_m9m:auto_generated|sign_div_unsign_bkh:divider|alt_u_div_a4f:divider|StageOut[26]~52           ; 1       ;
; LCD_Controller:lcd_ctrl|lpm_divide:Mod2|lpm_divide_m9m:auto_generated|sign_div_unsign_bkh:divider|alt_u_div_a4f:divider|StageOut[27]~51           ; 1       ;
; LCD_Controller:lcd_ctrl|lpm_divide:Mod2|lpm_divide_m9m:auto_generated|sign_div_unsign_bkh:divider|alt_u_div_a4f:divider|StageOut[28]~50           ; 1       ;
; LCD_Controller:lcd_ctrl|lpm_divide:Mod2|lpm_divide_m9m:auto_generated|sign_div_unsign_bkh:divider|alt_u_div_a4f:divider|StageOut[20]~49           ; 1       ;
; LCD_Controller:lcd_ctrl|lpm_divide:Mod2|lpm_divide_m9m:auto_generated|sign_div_unsign_bkh:divider|alt_u_div_a4f:divider|StageOut[20]~48           ; 1       ;
; LCD_Controller:lcd_ctrl|lpm_divide:Mod2|lpm_divide_m9m:auto_generated|sign_div_unsign_bkh:divider|alt_u_div_a4f:divider|StageOut[21]~47           ; 1       ;
; LCD_Controller:lcd_ctrl|lpm_divide:Mod2|lpm_divide_m9m:auto_generated|sign_div_unsign_bkh:divider|alt_u_div_a4f:divider|StageOut[21]~46           ; 1       ;
; LCD_Controller:lcd_ctrl|lpm_divide:Mod2|lpm_divide_m9m:auto_generated|sign_div_unsign_bkh:divider|alt_u_div_a4f:divider|StageOut[22]~45           ; 1       ;
; LCD_Controller:lcd_ctrl|lpm_divide:Mod2|lpm_divide_m9m:auto_generated|sign_div_unsign_bkh:divider|alt_u_div_a4f:divider|StageOut[23]~44           ; 1       ;
; LCD_Controller:lcd_ctrl|lpm_divide:Mod2|lpm_divide_m9m:auto_generated|sign_div_unsign_bkh:divider|alt_u_div_a4f:divider|StageOut[15]~43           ; 1       ;
; LCD_Controller:lcd_ctrl|lpm_divide:Mod2|lpm_divide_m9m:auto_generated|sign_div_unsign_bkh:divider|alt_u_div_a4f:divider|StageOut[15]~42           ; 1       ;
; LCD_Controller:lcd_ctrl|lpm_divide:Mod2|lpm_divide_m9m:auto_generated|sign_div_unsign_bkh:divider|alt_u_div_a4f:divider|StageOut[16]~41           ; 1       ;
; LCD_Controller:lcd_ctrl|lpm_divide:Mod2|lpm_divide_m9m:auto_generated|sign_div_unsign_bkh:divider|alt_u_div_a4f:divider|StageOut[16]~40           ; 1       ;
; LCD_Controller:lcd_ctrl|lpm_divide:Mod2|lpm_divide_m9m:auto_generated|sign_div_unsign_bkh:divider|alt_u_div_a4f:divider|StageOut[17]~39           ; 1       ;
; LCD_Controller:lcd_ctrl|lpm_divide:Mod2|lpm_divide_m9m:auto_generated|sign_div_unsign_bkh:divider|alt_u_div_a4f:divider|StageOut[17]~38           ; 1       ;
; LCD_Controller:lcd_ctrl|lpm_divide:Mod2|lpm_divide_m9m:auto_generated|sign_div_unsign_bkh:divider|alt_u_div_a4f:divider|StageOut[18]~37           ; 1       ;
; LCD_Controller:lcd_ctrl|lpm_divide:Mod2|lpm_divide_m9m:auto_generated|sign_div_unsign_bkh:divider|alt_u_div_a4f:divider|StageOut[18]~36           ; 1       ;
; LCD_Controller:lcd_ctrl|lpm_divide:Mod0|lpm_divide_m9m:auto_generated|sign_div_unsign_bkh:divider|alt_u_div_a4f:divider|StageOut[37]~62           ; 1       ;
; LCD_Controller:lcd_ctrl|lpm_divide:Mod0|lpm_divide_m9m:auto_generated|sign_div_unsign_bkh:divider|alt_u_div_a4f:divider|StageOut[33]~60           ; 1       ;
; LCD_Controller:lcd_ctrl|lpm_divide:Mod0|lpm_divide_m9m:auto_generated|sign_div_unsign_bkh:divider|alt_u_div_a4f:divider|StageOut[30]~59           ; 1       ;
; LCD_Controller:lcd_ctrl|lpm_divide:Mod0|lpm_divide_m9m:auto_generated|sign_div_unsign_bkh:divider|alt_u_div_a4f:divider|StageOut[30]~58           ; 1       ;
; LCD_Controller:lcd_ctrl|lpm_divide:Mod0|lpm_divide_m9m:auto_generated|sign_div_unsign_bkh:divider|alt_u_div_a4f:divider|StageOut[25]~55           ; 1       ;
; LCD_Controller:lcd_ctrl|lpm_divide:Mod0|lpm_divide_m9m:auto_generated|sign_div_unsign_bkh:divider|alt_u_div_a4f:divider|StageOut[25]~54           ; 1       ;
; LCD_Controller:lcd_ctrl|lpm_divide:Mod0|lpm_divide_m9m:auto_generated|sign_div_unsign_bkh:divider|alt_u_div_a4f:divider|StageOut[26]~53           ; 1       ;
; LCD_Controller:lcd_ctrl|lpm_divide:Mod0|lpm_divide_m9m:auto_generated|sign_div_unsign_bkh:divider|alt_u_div_a4f:divider|StageOut[26]~52           ; 1       ;
; LCD_Controller:lcd_ctrl|lpm_divide:Mod0|lpm_divide_m9m:auto_generated|sign_div_unsign_bkh:divider|alt_u_div_a4f:divider|StageOut[27]~51           ; 1       ;
; LCD_Controller:lcd_ctrl|lpm_divide:Mod0|lpm_divide_m9m:auto_generated|sign_div_unsign_bkh:divider|alt_u_div_a4f:divider|StageOut[28]~50           ; 1       ;
; LCD_Controller:lcd_ctrl|lpm_divide:Mod0|lpm_divide_m9m:auto_generated|sign_div_unsign_bkh:divider|alt_u_div_a4f:divider|StageOut[20]~49           ; 1       ;
; LCD_Controller:lcd_ctrl|lpm_divide:Mod0|lpm_divide_m9m:auto_generated|sign_div_unsign_bkh:divider|alt_u_div_a4f:divider|StageOut[20]~48           ; 1       ;
; LCD_Controller:lcd_ctrl|lpm_divide:Mod0|lpm_divide_m9m:auto_generated|sign_div_unsign_bkh:divider|alt_u_div_a4f:divider|StageOut[21]~47           ; 1       ;
; LCD_Controller:lcd_ctrl|lpm_divide:Mod0|lpm_divide_m9m:auto_generated|sign_div_unsign_bkh:divider|alt_u_div_a4f:divider|StageOut[21]~46           ; 1       ;
; LCD_Controller:lcd_ctrl|lpm_divide:Mod0|lpm_divide_m9m:auto_generated|sign_div_unsign_bkh:divider|alt_u_div_a4f:divider|StageOut[22]~45           ; 1       ;
; LCD_Controller:lcd_ctrl|lpm_divide:Mod0|lpm_divide_m9m:auto_generated|sign_div_unsign_bkh:divider|alt_u_div_a4f:divider|StageOut[23]~44           ; 1       ;
; LCD_Controller:lcd_ctrl|lpm_divide:Mod0|lpm_divide_m9m:auto_generated|sign_div_unsign_bkh:divider|alt_u_div_a4f:divider|StageOut[15]~43           ; 1       ;
; LCD_Controller:lcd_ctrl|lpm_divide:Mod0|lpm_divide_m9m:auto_generated|sign_div_unsign_bkh:divider|alt_u_div_a4f:divider|StageOut[15]~42           ; 1       ;
; LCD_Controller:lcd_ctrl|lpm_divide:Mod0|lpm_divide_m9m:auto_generated|sign_div_unsign_bkh:divider|alt_u_div_a4f:divider|StageOut[16]~41           ; 1       ;
; LCD_Controller:lcd_ctrl|lpm_divide:Mod0|lpm_divide_m9m:auto_generated|sign_div_unsign_bkh:divider|alt_u_div_a4f:divider|StageOut[16]~40           ; 1       ;
; LCD_Controller:lcd_ctrl|lpm_divide:Mod0|lpm_divide_m9m:auto_generated|sign_div_unsign_bkh:divider|alt_u_div_a4f:divider|StageOut[17]~39           ; 1       ;
; LCD_Controller:lcd_ctrl|lpm_divide:Mod0|lpm_divide_m9m:auto_generated|sign_div_unsign_bkh:divider|alt_u_div_a4f:divider|StageOut[17]~38           ; 1       ;
; LCD_Controller:lcd_ctrl|lpm_divide:Mod0|lpm_divide_m9m:auto_generated|sign_div_unsign_bkh:divider|alt_u_div_a4f:divider|StageOut[18]~37           ; 1       ;
; LCD_Controller:lcd_ctrl|lpm_divide:Mod0|lpm_divide_m9m:auto_generated|sign_div_unsign_bkh:divider|alt_u_div_a4f:divider|StageOut[18]~36           ; 1       ;
; LCD_Controller:lcd_ctrl|char_index[0]~13                                                                                                          ; 1       ;
; DHT11_Controller:dht11_ctrl|data_valid[16]                                                                                                        ; 1       ;
; DHT11_Controller:dht11_ctrl|data_valid[0]                                                                                                         ; 1       ;
; LCD_Controller:lcd_ctrl|lpm_divide:Div0|lpm_divide_jhm:auto_generated|sign_div_unsign_bkh:divider|alt_u_div_a4f:divider|StageOut[30]~61           ; 1       ;
; LCD_Controller:lcd_ctrl|lpm_divide:Div0|lpm_divide_jhm:auto_generated|sign_div_unsign_bkh:divider|alt_u_div_a4f:divider|StageOut[30]~60           ; 1       ;
; LCD_Controller:lcd_ctrl|lpm_divide:Div0|lpm_divide_jhm:auto_generated|sign_div_unsign_bkh:divider|alt_u_div_a4f:divider|StageOut[31]~59           ; 1       ;
; LCD_Controller:lcd_ctrl|lpm_divide:Div0|lpm_divide_jhm:auto_generated|sign_div_unsign_bkh:divider|alt_u_div_a4f:divider|StageOut[31]~58           ; 1       ;
; LCD_Controller:lcd_ctrl|lpm_divide:Div0|lpm_divide_jhm:auto_generated|sign_div_unsign_bkh:divider|alt_u_div_a4f:divider|StageOut[32]~57           ; 1       ;
; LCD_Controller:lcd_ctrl|lpm_divide:Div0|lpm_divide_jhm:auto_generated|sign_div_unsign_bkh:divider|alt_u_div_a4f:divider|StageOut[33]~56           ; 1       ;
; LCD_Controller:lcd_ctrl|lpm_divide:Div0|lpm_divide_jhm:auto_generated|sign_div_unsign_bkh:divider|alt_u_div_a4f:divider|StageOut[25]~55           ; 1       ;
; LCD_Controller:lcd_ctrl|lpm_divide:Div0|lpm_divide_jhm:auto_generated|sign_div_unsign_bkh:divider|alt_u_div_a4f:divider|StageOut[25]~54           ; 1       ;
; LCD_Controller:lcd_ctrl|lpm_divide:Div0|lpm_divide_jhm:auto_generated|sign_div_unsign_bkh:divider|alt_u_div_a4f:divider|StageOut[26]~53           ; 1       ;
; LCD_Controller:lcd_ctrl|lpm_divide:Div0|lpm_divide_jhm:auto_generated|sign_div_unsign_bkh:divider|alt_u_div_a4f:divider|StageOut[26]~52           ; 1       ;
; LCD_Controller:lcd_ctrl|lpm_divide:Div0|lpm_divide_jhm:auto_generated|sign_div_unsign_bkh:divider|alt_u_div_a4f:divider|StageOut[27]~51           ; 1       ;
; LCD_Controller:lcd_ctrl|lpm_divide:Div0|lpm_divide_jhm:auto_generated|sign_div_unsign_bkh:divider|alt_u_div_a4f:divider|StageOut[28]~50           ; 1       ;
; LCD_Controller:lcd_ctrl|lpm_divide:Div0|lpm_divide_jhm:auto_generated|sign_div_unsign_bkh:divider|alt_u_div_a4f:divider|StageOut[20]~49           ; 1       ;
; LCD_Controller:lcd_ctrl|lpm_divide:Div0|lpm_divide_jhm:auto_generated|sign_div_unsign_bkh:divider|alt_u_div_a4f:divider|StageOut[20]~48           ; 1       ;
; LCD_Controller:lcd_ctrl|lpm_divide:Div0|lpm_divide_jhm:auto_generated|sign_div_unsign_bkh:divider|alt_u_div_a4f:divider|StageOut[21]~47           ; 1       ;
; LCD_Controller:lcd_ctrl|lpm_divide:Div0|lpm_divide_jhm:auto_generated|sign_div_unsign_bkh:divider|alt_u_div_a4f:divider|StageOut[21]~46           ; 1       ;
; LCD_Controller:lcd_ctrl|lpm_divide:Div0|lpm_divide_jhm:auto_generated|sign_div_unsign_bkh:divider|alt_u_div_a4f:divider|StageOut[22]~45           ; 1       ;
; LCD_Controller:lcd_ctrl|lpm_divide:Div0|lpm_divide_jhm:auto_generated|sign_div_unsign_bkh:divider|alt_u_div_a4f:divider|StageOut[23]~44           ; 1       ;
; LCD_Controller:lcd_ctrl|lpm_divide:Div0|lpm_divide_jhm:auto_generated|sign_div_unsign_bkh:divider|alt_u_div_a4f:divider|StageOut[15]~43           ; 1       ;
; LCD_Controller:lcd_ctrl|lpm_divide:Div0|lpm_divide_jhm:auto_generated|sign_div_unsign_bkh:divider|alt_u_div_a4f:divider|StageOut[15]~42           ; 1       ;
; LCD_Controller:lcd_ctrl|lpm_divide:Div0|lpm_divide_jhm:auto_generated|sign_div_unsign_bkh:divider|alt_u_div_a4f:divider|StageOut[16]~41           ; 1       ;
; LCD_Controller:lcd_ctrl|lpm_divide:Div0|lpm_divide_jhm:auto_generated|sign_div_unsign_bkh:divider|alt_u_div_a4f:divider|StageOut[16]~40           ; 1       ;
; LCD_Controller:lcd_ctrl|lpm_divide:Div0|lpm_divide_jhm:auto_generated|sign_div_unsign_bkh:divider|alt_u_div_a4f:divider|StageOut[17]~39           ; 1       ;
; LCD_Controller:lcd_ctrl|lpm_divide:Div0|lpm_divide_jhm:auto_generated|sign_div_unsign_bkh:divider|alt_u_div_a4f:divider|StageOut[17]~38           ; 1       ;
; LCD_Controller:lcd_ctrl|lpm_divide:Div0|lpm_divide_jhm:auto_generated|sign_div_unsign_bkh:divider|alt_u_div_a4f:divider|StageOut[18]~37           ; 1       ;
; LCD_Controller:lcd_ctrl|lpm_divide:Div0|lpm_divide_jhm:auto_generated|sign_div_unsign_bkh:divider|alt_u_div_a4f:divider|StageOut[18]~36           ; 1       ;
; LCD_Controller:lcd_ctrl|lpm_divide:Div2|lpm_divide_jhm:auto_generated|sign_div_unsign_bkh:divider|alt_u_div_a4f:divider|StageOut[30]~61           ; 1       ;
; LCD_Controller:lcd_ctrl|lpm_divide:Div2|lpm_divide_jhm:auto_generated|sign_div_unsign_bkh:divider|alt_u_div_a4f:divider|StageOut[30]~60           ; 1       ;
; LCD_Controller:lcd_ctrl|lpm_divide:Div2|lpm_divide_jhm:auto_generated|sign_div_unsign_bkh:divider|alt_u_div_a4f:divider|StageOut[31]~59           ; 1       ;
; LCD_Controller:lcd_ctrl|lpm_divide:Div2|lpm_divide_jhm:auto_generated|sign_div_unsign_bkh:divider|alt_u_div_a4f:divider|StageOut[31]~58           ; 1       ;
; LCD_Controller:lcd_ctrl|lpm_divide:Div2|lpm_divide_jhm:auto_generated|sign_div_unsign_bkh:divider|alt_u_div_a4f:divider|StageOut[32]~57           ; 1       ;
; LCD_Controller:lcd_ctrl|lpm_divide:Div2|lpm_divide_jhm:auto_generated|sign_div_unsign_bkh:divider|alt_u_div_a4f:divider|StageOut[33]~56           ; 1       ;
; LCD_Controller:lcd_ctrl|lpm_divide:Div2|lpm_divide_jhm:auto_generated|sign_div_unsign_bkh:divider|alt_u_div_a4f:divider|StageOut[25]~55           ; 1       ;
; LCD_Controller:lcd_ctrl|lpm_divide:Div2|lpm_divide_jhm:auto_generated|sign_div_unsign_bkh:divider|alt_u_div_a4f:divider|StageOut[25]~54           ; 1       ;
; LCD_Controller:lcd_ctrl|lpm_divide:Div2|lpm_divide_jhm:auto_generated|sign_div_unsign_bkh:divider|alt_u_div_a4f:divider|StageOut[26]~53           ; 1       ;
; LCD_Controller:lcd_ctrl|lpm_divide:Div2|lpm_divide_jhm:auto_generated|sign_div_unsign_bkh:divider|alt_u_div_a4f:divider|StageOut[26]~52           ; 1       ;
; LCD_Controller:lcd_ctrl|lpm_divide:Div2|lpm_divide_jhm:auto_generated|sign_div_unsign_bkh:divider|alt_u_div_a4f:divider|StageOut[27]~51           ; 1       ;
; LCD_Controller:lcd_ctrl|lpm_divide:Div2|lpm_divide_jhm:auto_generated|sign_div_unsign_bkh:divider|alt_u_div_a4f:divider|StageOut[28]~50           ; 1       ;
; LCD_Controller:lcd_ctrl|lpm_divide:Div2|lpm_divide_jhm:auto_generated|sign_div_unsign_bkh:divider|alt_u_div_a4f:divider|StageOut[20]~49           ; 1       ;
; LCD_Controller:lcd_ctrl|lpm_divide:Div2|lpm_divide_jhm:auto_generated|sign_div_unsign_bkh:divider|alt_u_div_a4f:divider|StageOut[20]~48           ; 1       ;
; LCD_Controller:lcd_ctrl|lpm_divide:Div2|lpm_divide_jhm:auto_generated|sign_div_unsign_bkh:divider|alt_u_div_a4f:divider|StageOut[21]~47           ; 1       ;
; LCD_Controller:lcd_ctrl|lpm_divide:Div2|lpm_divide_jhm:auto_generated|sign_div_unsign_bkh:divider|alt_u_div_a4f:divider|StageOut[21]~46           ; 1       ;
; LCD_Controller:lcd_ctrl|lpm_divide:Div2|lpm_divide_jhm:auto_generated|sign_div_unsign_bkh:divider|alt_u_div_a4f:divider|StageOut[22]~45           ; 1       ;
; LCD_Controller:lcd_ctrl|lpm_divide:Div2|lpm_divide_jhm:auto_generated|sign_div_unsign_bkh:divider|alt_u_div_a4f:divider|StageOut[23]~44           ; 1       ;
; LCD_Controller:lcd_ctrl|lpm_divide:Div2|lpm_divide_jhm:auto_generated|sign_div_unsign_bkh:divider|alt_u_div_a4f:divider|StageOut[15]~43           ; 1       ;
; LCD_Controller:lcd_ctrl|lpm_divide:Div2|lpm_divide_jhm:auto_generated|sign_div_unsign_bkh:divider|alt_u_div_a4f:divider|StageOut[15]~42           ; 1       ;
; LCD_Controller:lcd_ctrl|lpm_divide:Div2|lpm_divide_jhm:auto_generated|sign_div_unsign_bkh:divider|alt_u_div_a4f:divider|StageOut[16]~41           ; 1       ;
; LCD_Controller:lcd_ctrl|lpm_divide:Div2|lpm_divide_jhm:auto_generated|sign_div_unsign_bkh:divider|alt_u_div_a4f:divider|StageOut[16]~40           ; 1       ;
; LCD_Controller:lcd_ctrl|lpm_divide:Div2|lpm_divide_jhm:auto_generated|sign_div_unsign_bkh:divider|alt_u_div_a4f:divider|StageOut[17]~39           ; 1       ;
; LCD_Controller:lcd_ctrl|lpm_divide:Div2|lpm_divide_jhm:auto_generated|sign_div_unsign_bkh:divider|alt_u_div_a4f:divider|StageOut[17]~38           ; 1       ;
; LCD_Controller:lcd_ctrl|lpm_divide:Div2|lpm_divide_jhm:auto_generated|sign_div_unsign_bkh:divider|alt_u_div_a4f:divider|StageOut[18]~37           ; 1       ;
; LCD_Controller:lcd_ctrl|lpm_divide:Div2|lpm_divide_jhm:auto_generated|sign_div_unsign_bkh:divider|alt_u_div_a4f:divider|StageOut[18]~36           ; 1       ;
; LCD_Controller:lcd_ctrl|lpm_divide:Div1|lpm_divide_jhm:auto_generated|sign_div_unsign_bkh:divider|alt_u_div_a4f:divider|StageOut[30]~61           ; 1       ;
; LCD_Controller:lcd_ctrl|lpm_divide:Div1|lpm_divide_jhm:auto_generated|sign_div_unsign_bkh:divider|alt_u_div_a4f:divider|StageOut[30]~60           ; 1       ;
; LCD_Controller:lcd_ctrl|lpm_divide:Div1|lpm_divide_jhm:auto_generated|sign_div_unsign_bkh:divider|alt_u_div_a4f:divider|StageOut[31]~59           ; 1       ;
; LCD_Controller:lcd_ctrl|lpm_divide:Div1|lpm_divide_jhm:auto_generated|sign_div_unsign_bkh:divider|alt_u_div_a4f:divider|StageOut[31]~58           ; 1       ;
; LCD_Controller:lcd_ctrl|lpm_divide:Div1|lpm_divide_jhm:auto_generated|sign_div_unsign_bkh:divider|alt_u_div_a4f:divider|StageOut[32]~57           ; 1       ;
; LCD_Controller:lcd_ctrl|lpm_divide:Div1|lpm_divide_jhm:auto_generated|sign_div_unsign_bkh:divider|alt_u_div_a4f:divider|StageOut[33]~56           ; 1       ;
; LCD_Controller:lcd_ctrl|lpm_divide:Div1|lpm_divide_jhm:auto_generated|sign_div_unsign_bkh:divider|alt_u_div_a4f:divider|StageOut[25]~55           ; 1       ;
; LCD_Controller:lcd_ctrl|lpm_divide:Div1|lpm_divide_jhm:auto_generated|sign_div_unsign_bkh:divider|alt_u_div_a4f:divider|StageOut[25]~54           ; 1       ;
; LCD_Controller:lcd_ctrl|lpm_divide:Div1|lpm_divide_jhm:auto_generated|sign_div_unsign_bkh:divider|alt_u_div_a4f:divider|StageOut[26]~53           ; 1       ;
; LCD_Controller:lcd_ctrl|lpm_divide:Div1|lpm_divide_jhm:auto_generated|sign_div_unsign_bkh:divider|alt_u_div_a4f:divider|StageOut[26]~52           ; 1       ;
; LCD_Controller:lcd_ctrl|lpm_divide:Div1|lpm_divide_jhm:auto_generated|sign_div_unsign_bkh:divider|alt_u_div_a4f:divider|StageOut[27]~51           ; 1       ;
; LCD_Controller:lcd_ctrl|lpm_divide:Div1|lpm_divide_jhm:auto_generated|sign_div_unsign_bkh:divider|alt_u_div_a4f:divider|StageOut[28]~50           ; 1       ;
; LCD_Controller:lcd_ctrl|lpm_divide:Div1|lpm_divide_jhm:auto_generated|sign_div_unsign_bkh:divider|alt_u_div_a4f:divider|StageOut[20]~49           ; 1       ;
; LCD_Controller:lcd_ctrl|lpm_divide:Div1|lpm_divide_jhm:auto_generated|sign_div_unsign_bkh:divider|alt_u_div_a4f:divider|StageOut[20]~48           ; 1       ;
; LCD_Controller:lcd_ctrl|lpm_divide:Div1|lpm_divide_jhm:auto_generated|sign_div_unsign_bkh:divider|alt_u_div_a4f:divider|StageOut[21]~47           ; 1       ;
; LCD_Controller:lcd_ctrl|lpm_divide:Div1|lpm_divide_jhm:auto_generated|sign_div_unsign_bkh:divider|alt_u_div_a4f:divider|StageOut[21]~46           ; 1       ;
; LCD_Controller:lcd_ctrl|lpm_divide:Div1|lpm_divide_jhm:auto_generated|sign_div_unsign_bkh:divider|alt_u_div_a4f:divider|StageOut[22]~45           ; 1       ;
; LCD_Controller:lcd_ctrl|lpm_divide:Div1|lpm_divide_jhm:auto_generated|sign_div_unsign_bkh:divider|alt_u_div_a4f:divider|StageOut[23]~44           ; 1       ;
; LCD_Controller:lcd_ctrl|lpm_divide:Div1|lpm_divide_jhm:auto_generated|sign_div_unsign_bkh:divider|alt_u_div_a4f:divider|StageOut[15]~43           ; 1       ;
; LCD_Controller:lcd_ctrl|lpm_divide:Div1|lpm_divide_jhm:auto_generated|sign_div_unsign_bkh:divider|alt_u_div_a4f:divider|StageOut[15]~42           ; 1       ;
; LCD_Controller:lcd_ctrl|lpm_divide:Div1|lpm_divide_jhm:auto_generated|sign_div_unsign_bkh:divider|alt_u_div_a4f:divider|StageOut[16]~41           ; 1       ;
; LCD_Controller:lcd_ctrl|lpm_divide:Div1|lpm_divide_jhm:auto_generated|sign_div_unsign_bkh:divider|alt_u_div_a4f:divider|StageOut[16]~40           ; 1       ;
; LCD_Controller:lcd_ctrl|lpm_divide:Div1|lpm_divide_jhm:auto_generated|sign_div_unsign_bkh:divider|alt_u_div_a4f:divider|StageOut[17]~39           ; 1       ;
; LCD_Controller:lcd_ctrl|lpm_divide:Div1|lpm_divide_jhm:auto_generated|sign_div_unsign_bkh:divider|alt_u_div_a4f:divider|StageOut[17]~38           ; 1       ;
; LCD_Controller:lcd_ctrl|lpm_divide:Div1|lpm_divide_jhm:auto_generated|sign_div_unsign_bkh:divider|alt_u_div_a4f:divider|StageOut[18]~37           ; 1       ;
; LCD_Controller:lcd_ctrl|lpm_divide:Div1|lpm_divide_jhm:auto_generated|sign_div_unsign_bkh:divider|alt_u_div_a4f:divider|StageOut[18]~36           ; 1       ;
; LCD_Controller:lcd_ctrl|lpm_divide:Div3|lpm_divide_jhm:auto_generated|sign_div_unsign_bkh:divider|alt_u_div_a4f:divider|StageOut[30]~61           ; 1       ;
; LCD_Controller:lcd_ctrl|lpm_divide:Div3|lpm_divide_jhm:auto_generated|sign_div_unsign_bkh:divider|alt_u_div_a4f:divider|StageOut[30]~60           ; 1       ;
; LCD_Controller:lcd_ctrl|lpm_divide:Div3|lpm_divide_jhm:auto_generated|sign_div_unsign_bkh:divider|alt_u_div_a4f:divider|StageOut[31]~59           ; 1       ;
; LCD_Controller:lcd_ctrl|lpm_divide:Div3|lpm_divide_jhm:auto_generated|sign_div_unsign_bkh:divider|alt_u_div_a4f:divider|StageOut[31]~58           ; 1       ;
; LCD_Controller:lcd_ctrl|lpm_divide:Div3|lpm_divide_jhm:auto_generated|sign_div_unsign_bkh:divider|alt_u_div_a4f:divider|StageOut[32]~57           ; 1       ;
; LCD_Controller:lcd_ctrl|lpm_divide:Div3|lpm_divide_jhm:auto_generated|sign_div_unsign_bkh:divider|alt_u_div_a4f:divider|StageOut[33]~56           ; 1       ;
; LCD_Controller:lcd_ctrl|lpm_divide:Div3|lpm_divide_jhm:auto_generated|sign_div_unsign_bkh:divider|alt_u_div_a4f:divider|StageOut[25]~55           ; 1       ;
; LCD_Controller:lcd_ctrl|lpm_divide:Div3|lpm_divide_jhm:auto_generated|sign_div_unsign_bkh:divider|alt_u_div_a4f:divider|StageOut[25]~54           ; 1       ;
; LCD_Controller:lcd_ctrl|lpm_divide:Div3|lpm_divide_jhm:auto_generated|sign_div_unsign_bkh:divider|alt_u_div_a4f:divider|StageOut[26]~53           ; 1       ;
; LCD_Controller:lcd_ctrl|lpm_divide:Div3|lpm_divide_jhm:auto_generated|sign_div_unsign_bkh:divider|alt_u_div_a4f:divider|StageOut[26]~52           ; 1       ;
; LCD_Controller:lcd_ctrl|lpm_divide:Div3|lpm_divide_jhm:auto_generated|sign_div_unsign_bkh:divider|alt_u_div_a4f:divider|StageOut[27]~51           ; 1       ;
; LCD_Controller:lcd_ctrl|lpm_divide:Div3|lpm_divide_jhm:auto_generated|sign_div_unsign_bkh:divider|alt_u_div_a4f:divider|StageOut[28]~50           ; 1       ;
; LCD_Controller:lcd_ctrl|lpm_divide:Div3|lpm_divide_jhm:auto_generated|sign_div_unsign_bkh:divider|alt_u_div_a4f:divider|StageOut[20]~49           ; 1       ;
; LCD_Controller:lcd_ctrl|lpm_divide:Div3|lpm_divide_jhm:auto_generated|sign_div_unsign_bkh:divider|alt_u_div_a4f:divider|StageOut[20]~48           ; 1       ;
; LCD_Controller:lcd_ctrl|lpm_divide:Div3|lpm_divide_jhm:auto_generated|sign_div_unsign_bkh:divider|alt_u_div_a4f:divider|StageOut[21]~47           ; 1       ;
; LCD_Controller:lcd_ctrl|lpm_divide:Div3|lpm_divide_jhm:auto_generated|sign_div_unsign_bkh:divider|alt_u_div_a4f:divider|StageOut[21]~46           ; 1       ;
; LCD_Controller:lcd_ctrl|lpm_divide:Div3|lpm_divide_jhm:auto_generated|sign_div_unsign_bkh:divider|alt_u_div_a4f:divider|StageOut[22]~45           ; 1       ;
; LCD_Controller:lcd_ctrl|lpm_divide:Div3|lpm_divide_jhm:auto_generated|sign_div_unsign_bkh:divider|alt_u_div_a4f:divider|StageOut[23]~44           ; 1       ;
; LCD_Controller:lcd_ctrl|lpm_divide:Div3|lpm_divide_jhm:auto_generated|sign_div_unsign_bkh:divider|alt_u_div_a4f:divider|StageOut[15]~43           ; 1       ;
; LCD_Controller:lcd_ctrl|lpm_divide:Div3|lpm_divide_jhm:auto_generated|sign_div_unsign_bkh:divider|alt_u_div_a4f:divider|StageOut[15]~42           ; 1       ;
; LCD_Controller:lcd_ctrl|lpm_divide:Div3|lpm_divide_jhm:auto_generated|sign_div_unsign_bkh:divider|alt_u_div_a4f:divider|StageOut[16]~41           ; 1       ;
; LCD_Controller:lcd_ctrl|lpm_divide:Div3|lpm_divide_jhm:auto_generated|sign_div_unsign_bkh:divider|alt_u_div_a4f:divider|StageOut[16]~40           ; 1       ;
; LCD_Controller:lcd_ctrl|lpm_divide:Div3|lpm_divide_jhm:auto_generated|sign_div_unsign_bkh:divider|alt_u_div_a4f:divider|StageOut[17]~39           ; 1       ;
; LCD_Controller:lcd_ctrl|lpm_divide:Div3|lpm_divide_jhm:auto_generated|sign_div_unsign_bkh:divider|alt_u_div_a4f:divider|StageOut[17]~38           ; 1       ;
; LCD_Controller:lcd_ctrl|lpm_divide:Div3|lpm_divide_jhm:auto_generated|sign_div_unsign_bkh:divider|alt_u_div_a4f:divider|StageOut[18]~37           ; 1       ;
; LCD_Controller:lcd_ctrl|lpm_divide:Div3|lpm_divide_jhm:auto_generated|sign_div_unsign_bkh:divider|alt_u_div_a4f:divider|StageOut[18]~36           ; 1       ;
; LCD_Controller:lcd_ctrl|state~18                                                                                                                  ; 1       ;
; LCD_Controller:lcd_ctrl|state.000111                                                                                                              ; 1       ;
; DHT11_Controller:dht11_ctrl|data_valid~13                                                                                                         ; 1       ;
; DHT11_Controller:dht11_ctrl|data_valid~12                                                                                                         ; 1       ;
; DHT11_Controller:dht11_ctrl|data_valid~11                                                                                                         ; 1       ;
; DHT11_Controller:dht11_ctrl|data_valid~10                                                                                                         ; 1       ;
; DHT11_Controller:dht11_ctrl|data_valid~9                                                                                                          ; 1       ;
; DHT11_Controller:dht11_ctrl|data_valid~8                                                                                                          ; 1       ;
; DHT11_Controller:dht11_ctrl|data_valid~7                                                                                                          ; 1       ;
; DHT11_Controller:dht11_ctrl|data_valid~6                                                                                                          ; 1       ;
; DHT11_Controller:dht11_ctrl|data_valid~5                                                                                                          ; 1       ;
; DHT11_Controller:dht11_ctrl|data_valid~4                                                                                                          ; 1       ;
; DHT11_Controller:dht11_ctrl|data_valid~3                                                                                                          ; 1       ;
; DHT11_Controller:dht11_ctrl|data_valid~2                                                                                                          ; 1       ;
; DHT11_Controller:dht11_ctrl|data_valid~1                                                                                                          ; 1       ;
; Clock_1MHz:CLK1MHZ|clk_1M                                                                                                                         ; 1       ;
; DHT11_Controller:dht11_ctrl|data_valid~0                                                                                                          ; 1       ;
; DHT11_Controller:dht11_ctrl|Equal1~3                                                                                                              ; 1       ;
; DHT11_Controller:dht11_ctrl|Equal1~2                                                                                                              ; 1       ;
; DHT11_Controller:dht11_ctrl|Equal1~1                                                                                                              ; 1       ;
; DHT11_Controller:dht11_ctrl|Equal1~0                                                                                                              ; 1       ;
; LCD_Controller:lcd_ctrl|Selector1~2                                                                                                               ; 1       ;
; LCD_Controller:lcd_ctrl|Selector1~1                                                                                                               ; 1       ;
; LCD_Controller:lcd_ctrl|Selector2~0                                                                                                               ; 1       ;
; LCD_Controller:lcd_ctrl|Mux1~4                                                                                                                    ; 1       ;
; LCD_Controller:lcd_ctrl|Selector3~1                                                                                                               ; 1       ;
; LCD_Controller:lcd_ctrl|Selector3~0                                                                                                               ; 1       ;
; LCD_Controller:lcd_ctrl|Mux2~2                                                                                                                    ; 1       ;
; LCD_Controller:lcd_ctrl|char_array[13][5]                                                                                                         ; 1       ;
; LCD_Controller:lcd_ctrl|char_array[10][5]                                                                                                         ; 1       ;
; LCD_Controller:lcd_ctrl|Mux2~1                                                                                                                    ; 1       ;
; LCD_Controller:lcd_ctrl|char_array[24][5]                                                                                                         ; 1       ;
; LCD_Controller:lcd_ctrl|char_array[27][5]                                                                                                         ; 1       ;
; LCD_Controller:lcd_ctrl|Selector4~1                                                                                                               ; 1       ;
; LCD_Controller:lcd_ctrl|Selector5~1                                                                                                               ; 1       ;
; LCD_Controller:lcd_ctrl|Selector5~0                                                                                                               ; 1       ;
; LCD_Controller:lcd_ctrl|Selector6~1                                                                                                               ; 1       ;
; LCD_Controller:lcd_ctrl|Selector6~0                                                                                                               ; 1       ;
; LCD_Controller:lcd_ctrl|Selector7~1                                                                                                               ; 1       ;
; LCD_Controller:lcd_ctrl|Selector7~0                                                                                                               ; 1       ;
; LCD_Controller:lcd_ctrl|Selector8~1                                                                                                               ; 1       ;
; LCD_Controller:lcd_ctrl|Selector8~0                                                                                                               ; 1       ;
; LCD_Controller:lcd_ctrl|Selector0~2                                                                                                               ; 1       ;
; LCD_Controller:lcd_ctrl|Selector0~1                                                                                                               ; 1       ;
; LCD_Controller:lcd_ctrl|Selector0~0                                                                                                               ; 1       ;
; LCD_Controller:lcd_ctrl|Equal0~1                                                                                                                  ; 1       ;
; LCD_Controller:lcd_ctrl|Equal0~0                                                                                                                  ; 1       ;
; LCD_Controller:lcd_ctrl|Mux3~5                                                                                                                    ; 1       ;
; LCD_Controller:lcd_ctrl|Mux3~4                                                                                                                    ; 1       ;
; LCD_Controller:lcd_ctrl|Mux3~3                                                                                                                    ; 1       ;
; LCD_Controller:lcd_ctrl|Mux3~2                                                                                                                    ; 1       ;
; LCD_Controller:lcd_ctrl|char_array[13][4]                                                                                                         ; 1       ;
; LCD_Controller:lcd_ctrl|Mux3~1                                                                                                                    ; 1       ;
; LCD_Controller:lcd_ctrl|char_array[10][4]                                                                                                         ; 1       ;
; LCD_Controller:lcd_ctrl|Mux3~0                                                                                                                    ; 1       ;
; LCD_Controller:lcd_ctrl|char_array[24][4]                                                                                                         ; 1       ;
; LCD_Controller:lcd_ctrl|char_array[27][4]                                                                                                         ; 1       ;
; LCD_Controller:lcd_ctrl|Mux1~2                                                                                                                    ; 1       ;
; LCD_Controller:lcd_ctrl|char_array[13][6]                                                                                                         ; 1       ;
; LCD_Controller:lcd_ctrl|char_array[10][6]                                                                                                         ; 1       ;
; LCD_Controller:lcd_ctrl|Mux1~0                                                                                                                    ; 1       ;
; LCD_Controller:lcd_ctrl|char_array[24][6]                                                                                                         ; 1       ;
; LCD_Controller:lcd_ctrl|char_array[27][6]                                                                                                         ; 1       ;
; LCD_Controller:lcd_ctrl|Mux4~10                                                                                                                   ; 1       ;
; LCD_Controller:lcd_ctrl|Mux4~9                                                                                                                    ; 1       ;
; LCD_Controller:lcd_ctrl|Mux4~8                                                                                                                    ; 1       ;
; LCD_Controller:lcd_ctrl|char_array[24][3]                                                                                                         ; 1       ;
; LCD_Controller:lcd_ctrl|Mux4~7                                                                                                                    ; 1       ;
; LCD_Controller:lcd_ctrl|char_array[10][3]                                                                                                         ; 1       ;
; LCD_Controller:lcd_ctrl|char_array[14][3]                                                                                                         ; 1       ;
; LCD_Controller:lcd_ctrl|char_array[28][3]                                                                                                         ; 1       ;
; LCD_Controller:lcd_ctrl|Mux4~6                                                                                                                    ; 1       ;
; LCD_Controller:lcd_ctrl|Mux4~5                                                                                                                    ; 1       ;
; LCD_Controller:lcd_ctrl|Mux4~4                                                                                                                    ; 1       ;
; LCD_Controller:lcd_ctrl|char_array[13][3]                                                                                                         ; 1       ;
; LCD_Controller:lcd_ctrl|Mux4~3                                                                                                                    ; 1       ;
; LCD_Controller:lcd_ctrl|char_array[11][3]                                                                                                         ; 1       ;
; LCD_Controller:lcd_ctrl|Mux4~2                                                                                                                    ; 1       ;
; LCD_Controller:lcd_ctrl|char_array[25][3]                                                                                                         ; 1       ;
; LCD_Controller:lcd_ctrl|char_array[27][3]                                                                                                         ; 1       ;
; LCD_Controller:lcd_ctrl|Mux6~10                                                                                                                   ; 1       ;
; LCD_Controller:lcd_ctrl|Mux6~9                                                                                                                    ; 1       ;
; LCD_Controller:lcd_ctrl|Mux6~8                                                                                                                    ; 1       ;
; LCD_Controller:lcd_ctrl|char_array[24][1]                                                                                                         ; 1       ;
; LCD_Controller:lcd_ctrl|Mux6~6                                                                                                                    ; 1       ;
; LCD_Controller:lcd_ctrl|char_array[10][1]                                                                                                         ; 1       ;
; LCD_Controller:lcd_ctrl|char_array[14][1]                                                                                                         ; 1       ;
; LCD_Controller:lcd_ctrl|char_array[28][1]                                                                                                         ; 1       ;
; LCD_Controller:lcd_ctrl|Mux6~5                                                                                                                    ; 1       ;
; LCD_Controller:lcd_ctrl|Mux6~4                                                                                                                    ; 1       ;
; LCD_Controller:lcd_ctrl|Mux6~3                                                                                                                    ; 1       ;
; LCD_Controller:lcd_ctrl|char_array[13][1]                                                                                                         ; 1       ;
; LCD_Controller:lcd_ctrl|char_array[11][1]                                                                                                         ; 1       ;
; LCD_Controller:lcd_ctrl|Mux6~2                                                                                                                    ; 1       ;
; LCD_Controller:lcd_ctrl|char_array[25][1]                                                                                                         ; 1       ;
; LCD_Controller:lcd_ctrl|char_array[27][1]                                                                                                         ; 1       ;
; LCD_Controller:lcd_ctrl|Mux5~9                                                                                                                    ; 1       ;
; LCD_Controller:lcd_ctrl|Mux5~8                                                                                                                    ; 1       ;
; LCD_Controller:lcd_ctrl|Mux5~7                                                                                                                    ; 1       ;
; LCD_Controller:lcd_ctrl|char_array[28][2]                                                                                                         ; 1       ;
; LCD_Controller:lcd_ctrl|Mux5~6                                                                                                                    ; 1       ;
; LCD_Controller:lcd_ctrl|char_array[10][2]                                                                                                         ; 1       ;
; LCD_Controller:lcd_ctrl|char_array[14][2]                                                                                                         ; 1       ;
; LCD_Controller:lcd_ctrl|char_array[24][2]                                                                                                         ; 1       ;
; LCD_Controller:lcd_ctrl|Mux5~4                                                                                                                    ; 1       ;
; LCD_Controller:lcd_ctrl|char_array[27][2]                                                                                                         ; 1       ;
; LCD_Controller:lcd_ctrl|char_array[25][2]                                                                                                         ; 1       ;
; LCD_Controller:lcd_ctrl|Mux5~2                                                                                                                    ; 1       ;
; LCD_Controller:lcd_ctrl|char_array[11][2]                                                                                                         ; 1       ;
; LCD_Controller:lcd_ctrl|char_array[13][2]                                                                                                         ; 1       ;
; LCD_Controller:lcd_ctrl|Mux7~8                                                                                                                    ; 1       ;
; LCD_Controller:lcd_ctrl|char_array[28][0]                                                                                                         ; 1       ;
; LCD_Controller:lcd_ctrl|char_array[14][0]                                                                                                         ; 1       ;
; LCD_Controller:lcd_ctrl|Mux7~4                                                                                                                    ; 1       ;
; LCD_Controller:lcd_ctrl|Mux7~3                                                                                                                    ; 1       ;
; LCD_Controller:lcd_ctrl|Mux7~2                                                                                                                    ; 1       ;
; LCD_Controller:lcd_ctrl|char_array[11][0]                                                                                                         ; 1       ;
; LCD_Controller:lcd_ctrl|Mux7~0                                                                                                                    ; 1       ;
; LCD_Controller:lcd_ctrl|char_array[25][0]                                                                                                         ; 1       ;
; LCD_Controller:lcd_ctrl|lcd_db[5]                                                                                                                 ; 1       ;
; LCD_Controller:lcd_ctrl|lcd_db[4]                                                                                                                 ; 1       ;
; LCD_Controller:lcd_ctrl|lcd_e                                                                                                                     ; 1       ;
; Clock_1MHz:CLK1MHZ|clk_cnt[4]~13                                                                                                                  ; 1       ;
; Clock_1MHz:CLK1MHZ|clk_cnt[3]~12                                                                                                                  ; 1       ;
; Clock_1MHz:CLK1MHZ|clk_cnt[3]~11                                                                                                                  ; 1       ;
; Clock_1MHz:CLK1MHZ|clk_cnt[2]~10                                                                                                                  ; 1       ;
; Clock_1MHz:CLK1MHZ|clk_cnt[2]~9                                                                                                                   ; 1       ;
; Clock_1MHz:CLK1MHZ|clk_cnt[1]~8                                                                                                                   ; 1       ;
; Clock_1MHz:CLK1MHZ|clk_cnt[1]~7                                                                                                                   ; 1       ;
; Clock_1MHz:CLK1MHZ|clk_cnt[0]~6                                                                                                                   ; 1       ;
; Clock_1MHz:CLK1MHZ|clk_cnt[0]~5                                                                                                                   ; 1       ;
; Clock_1MHz:CLK1MHZ|clk_cnt[0]                                                                                                                     ; 1       ;
; Clock_1MHz:CLK1MHZ|clk_cnt[1]                                                                                                                     ; 1       ;
; Clock_1MHz:CLK1MHZ|clk_cnt[2]                                                                                                                     ; 1       ;
; DHT11_Controller:dht11_ctrl|count_1us[20]~61                                                                                                      ; 1       ;
; DHT11_Controller:dht11_ctrl|count_1us[19]~60                                                                                                      ; 1       ;
; DHT11_Controller:dht11_ctrl|count_1us[19]~59                                                                                                      ; 1       ;
; DHT11_Controller:dht11_ctrl|count_1us[18]~58                                                                                                      ; 1       ;
; DHT11_Controller:dht11_ctrl|count_1us[18]~57                                                                                                      ; 1       ;
; DHT11_Controller:dht11_ctrl|count_1us[17]~56                                                                                                      ; 1       ;
; DHT11_Controller:dht11_ctrl|count_1us[17]~55                                                                                                      ; 1       ;
; DHT11_Controller:dht11_ctrl|count_1us[16]~54                                                                                                      ; 1       ;
; DHT11_Controller:dht11_ctrl|count_1us[16]~53                                                                                                      ; 1       ;
; DHT11_Controller:dht11_ctrl|count_1us[15]~52                                                                                                      ; 1       ;
; DHT11_Controller:dht11_ctrl|count_1us[15]~51                                                                                                      ; 1       ;
; DHT11_Controller:dht11_ctrl|count_1us[14]~50                                                                                                      ; 1       ;
; DHT11_Controller:dht11_ctrl|count_1us[14]~49                                                                                                      ; 1       ;
; DHT11_Controller:dht11_ctrl|count_1us[13]~48                                                                                                      ; 1       ;
; DHT11_Controller:dht11_ctrl|count_1us[13]~47                                                                                                      ; 1       ;
; DHT11_Controller:dht11_ctrl|count_1us[12]~46                                                                                                      ; 1       ;
; DHT11_Controller:dht11_ctrl|count_1us[12]~45                                                                                                      ; 1       ;
; DHT11_Controller:dht11_ctrl|count_1us[11]~44                                                                                                      ; 1       ;
; DHT11_Controller:dht11_ctrl|count_1us[11]~43                                                                                                      ; 1       ;
; DHT11_Controller:dht11_ctrl|count_1us[10]~42                                                                                                      ; 1       ;
; DHT11_Controller:dht11_ctrl|count_1us[10]~41                                                                                                      ; 1       ;
; DHT11_Controller:dht11_ctrl|count_1us[9]~40                                                                                                       ; 1       ;
; DHT11_Controller:dht11_ctrl|count_1us[9]~39                                                                                                       ; 1       ;
; DHT11_Controller:dht11_ctrl|count_1us[8]~38                                                                                                       ; 1       ;
; DHT11_Controller:dht11_ctrl|count_1us[8]~37                                                                                                       ; 1       ;
; DHT11_Controller:dht11_ctrl|count_1us[7]~36                                                                                                       ; 1       ;
; DHT11_Controller:dht11_ctrl|count_1us[7]~35                                                                                                       ; 1       ;
; DHT11_Controller:dht11_ctrl|count_1us[6]~34                                                                                                       ; 1       ;
; DHT11_Controller:dht11_ctrl|count_1us[6]~33                                                                                                       ; 1       ;
; DHT11_Controller:dht11_ctrl|count_1us[5]~32                                                                                                       ; 1       ;
; DHT11_Controller:dht11_ctrl|count_1us[5]~31                                                                                                       ; 1       ;
; DHT11_Controller:dht11_ctrl|count_1us[4]~30                                                                                                       ; 1       ;
; DHT11_Controller:dht11_ctrl|count_1us[4]~29                                                                                                       ; 1       ;
; DHT11_Controller:dht11_ctrl|count_1us[3]~28                                                                                                       ; 1       ;
; DHT11_Controller:dht11_ctrl|count_1us[3]~27                                                                                                       ; 1       ;
; DHT11_Controller:dht11_ctrl|count_1us[2]~26                                                                                                       ; 1       ;
; DHT11_Controller:dht11_ctrl|count_1us[2]~25                                                                                                       ; 1       ;
; DHT11_Controller:dht11_ctrl|count_1us[1]~24                                                                                                       ; 1       ;
; DHT11_Controller:dht11_ctrl|count_1us[1]~23                                                                                                       ; 1       ;
; DHT11_Controller:dht11_ctrl|count_1us[0]~22                                                                                                       ; 1       ;
; DHT11_Controller:dht11_ctrl|count_1us[0]~21                                                                                                       ; 1       ;
; DHT11_Controller:dht11_ctrl|count_1us[0]                                                                                                          ; 1       ;
; DHT11_Controller:dht11_ctrl|count_1us[1]                                                                                                          ; 1       ;
; DHT11_Controller:dht11_ctrl|data_count[5]~16                                                                                                      ; 1       ;
; DHT11_Controller:dht11_ctrl|data_count[4]~15                                                                                                      ; 1       ;
; DHT11_Controller:dht11_ctrl|data_count[4]~14                                                                                                      ; 1       ;
; DHT11_Controller:dht11_ctrl|data_count[3]~13                                                                                                      ; 1       ;
; DHT11_Controller:dht11_ctrl|data_count[3]~12                                                                                                      ; 1       ;
; DHT11_Controller:dht11_ctrl|data_count[2]~11                                                                                                      ; 1       ;
; DHT11_Controller:dht11_ctrl|data_count[2]~10                                                                                                      ; 1       ;
; DHT11_Controller:dht11_ctrl|data_count[1]~9                                                                                                       ; 1       ;
; DHT11_Controller:dht11_ctrl|data_count[1]~8                                                                                                       ; 1       ;
; DHT11_Controller:dht11_ctrl|data_count[0]~7                                                                                                       ; 1       ;
; DHT11_Controller:dht11_ctrl|data_count[0]~6                                                                                                       ; 1       ;
; LCD_Controller:lcd_ctrl|counter[21]~64                                                                                                            ; 1       ;
; LCD_Controller:lcd_ctrl|counter[20]~63                                                                                                            ; 1       ;
; LCD_Controller:lcd_ctrl|counter[20]~62                                                                                                            ; 1       ;
; LCD_Controller:lcd_ctrl|counter[19]~61                                                                                                            ; 1       ;
; LCD_Controller:lcd_ctrl|counter[19]~60                                                                                                            ; 1       ;
; LCD_Controller:lcd_ctrl|counter[18]~59                                                                                                            ; 1       ;
; LCD_Controller:lcd_ctrl|counter[18]~58                                                                                                            ; 1       ;
; LCD_Controller:lcd_ctrl|counter[17]~57                                                                                                            ; 1       ;
; LCD_Controller:lcd_ctrl|counter[17]~56                                                                                                            ; 1       ;
; LCD_Controller:lcd_ctrl|counter[16]~55                                                                                                            ; 1       ;
; LCD_Controller:lcd_ctrl|counter[16]~54                                                                                                            ; 1       ;
; LCD_Controller:lcd_ctrl|counter[15]~53                                                                                                            ; 1       ;
; LCD_Controller:lcd_ctrl|counter[15]~52                                                                                                            ; 1       ;
; LCD_Controller:lcd_ctrl|counter[14]~51                                                                                                            ; 1       ;
; LCD_Controller:lcd_ctrl|counter[14]~50                                                                                                            ; 1       ;
; LCD_Controller:lcd_ctrl|counter[13]~49                                                                                                            ; 1       ;
; LCD_Controller:lcd_ctrl|counter[13]~48                                                                                                            ; 1       ;
; LCD_Controller:lcd_ctrl|counter[12]~47                                                                                                            ; 1       ;
; LCD_Controller:lcd_ctrl|counter[12]~46                                                                                                            ; 1       ;
; LCD_Controller:lcd_ctrl|counter[11]~45                                                                                                            ; 1       ;
; LCD_Controller:lcd_ctrl|counter[11]~44                                                                                                            ; 1       ;
; LCD_Controller:lcd_ctrl|counter[10]~43                                                                                                            ; 1       ;
; LCD_Controller:lcd_ctrl|counter[10]~42                                                                                                            ; 1       ;
; LCD_Controller:lcd_ctrl|counter[9]~41                                                                                                             ; 1       ;
; LCD_Controller:lcd_ctrl|counter[9]~40                                                                                                             ; 1       ;
; LCD_Controller:lcd_ctrl|counter[8]~39                                                                                                             ; 1       ;
; LCD_Controller:lcd_ctrl|counter[8]~38                                                                                                             ; 1       ;
; LCD_Controller:lcd_ctrl|counter[7]~37                                                                                                             ; 1       ;
; LCD_Controller:lcd_ctrl|counter[7]~36                                                                                                             ; 1       ;
; LCD_Controller:lcd_ctrl|counter[6]~35                                                                                                             ; 1       ;
; LCD_Controller:lcd_ctrl|counter[6]~34                                                                                                             ; 1       ;
; LCD_Controller:lcd_ctrl|counter[5]~33                                                                                                             ; 1       ;
; LCD_Controller:lcd_ctrl|counter[5]~32                                                                                                             ; 1       ;
; LCD_Controller:lcd_ctrl|counter[4]~31                                                                                                             ; 1       ;
; LCD_Controller:lcd_ctrl|counter[4]~30                                                                                                             ; 1       ;
; LCD_Controller:lcd_ctrl|counter[3]~29                                                                                                             ; 1       ;
; LCD_Controller:lcd_ctrl|counter[3]~28                                                                                                             ; 1       ;
; LCD_Controller:lcd_ctrl|counter[2]~27                                                                                                             ; 1       ;
; LCD_Controller:lcd_ctrl|counter[2]~26                                                                                                             ; 1       ;
; LCD_Controller:lcd_ctrl|counter[1]~25                                                                                                             ; 1       ;
; LCD_Controller:lcd_ctrl|counter[1]~24                                                                                                             ; 1       ;
; LCD_Controller:lcd_ctrl|counter[0]~23                                                                                                             ; 1       ;
; LCD_Controller:lcd_ctrl|counter[0]~22                                                                                                             ; 1       ;
; LCD_Controller:lcd_ctrl|counter[0]                                                                                                                ; 1       ;
; LCD_Controller:lcd_ctrl|counter[1]                                                                                                                ; 1       ;
; LCD_Controller:lcd_ctrl|counter[2]                                                                                                                ; 1       ;
; LCD_Controller:lcd_ctrl|counter[3]                                                                                                                ; 1       ;
; LCD_Controller:lcd_ctrl|counter[4]                                                                                                                ; 1       ;
; LCD_Controller:lcd_ctrl|counter[5]                                                                                                                ; 1       ;
; LCD_Controller:lcd_ctrl|counter[6]                                                                                                                ; 1       ;
; LCD_Controller:lcd_ctrl|counter[7]                                                                                                                ; 1       ;
; LCD_Controller:lcd_ctrl|counter[8]                                                                                                                ; 1       ;
; LCD_Controller:lcd_ctrl|counter[9]                                                                                                                ; 1       ;
; LCD_Controller:lcd_ctrl|counter[10]                                                                                                               ; 1       ;
; LCD_Controller:lcd_ctrl|counter[11]                                                                                                               ; 1       ;
; LCD_Controller:lcd_ctrl|counter[12]                                                                                                               ; 1       ;
; LCD_Controller:lcd_ctrl|counter[13]                                                                                                               ; 1       ;
; LCD_Controller:lcd_ctrl|counter[14]                                                                                                               ; 1       ;
; LCD_Controller:lcd_ctrl|counter[15]                                                                                                               ; 1       ;
; LCD_Controller:lcd_ctrl|counter[16]                                                                                                               ; 1       ;
; LCD_Controller:lcd_ctrl|counter[17]                                                                                                               ; 1       ;
; LCD_Controller:lcd_ctrl|counter[18]                                                                                                               ; 1       ;
; LCD_Controller:lcd_ctrl|counter[19]                                                                                                               ; 1       ;
; LCD_Controller:lcd_ctrl|counter[20]                                                                                                               ; 1       ;
; LCD_Controller:lcd_ctrl|lpm_divide:Mod3|lpm_divide_m9m:auto_generated|sign_div_unsign_bkh:divider|alt_u_div_a4f:divider|add_sub_7_result_int[4]~7 ; 1       ;
; LCD_Controller:lcd_ctrl|lpm_divide:Mod3|lpm_divide_m9m:auto_generated|sign_div_unsign_bkh:divider|alt_u_div_a4f:divider|add_sub_7_result_int[3]~5 ; 1       ;
; LCD_Controller:lcd_ctrl|lpm_divide:Mod3|lpm_divide_m9m:auto_generated|sign_div_unsign_bkh:divider|alt_u_div_a4f:divider|add_sub_7_result_int[3]~4 ; 1       ;
; LCD_Controller:lcd_ctrl|lpm_divide:Mod3|lpm_divide_m9m:auto_generated|sign_div_unsign_bkh:divider|alt_u_div_a4f:divider|add_sub_7_result_int[2]~3 ; 1       ;
; LCD_Controller:lcd_ctrl|lpm_divide:Mod3|lpm_divide_m9m:auto_generated|sign_div_unsign_bkh:divider|alt_u_div_a4f:divider|add_sub_7_result_int[2]~2 ; 1       ;
; LCD_Controller:lcd_ctrl|lpm_divide:Mod3|lpm_divide_m9m:auto_generated|sign_div_unsign_bkh:divider|alt_u_div_a4f:divider|add_sub_7_result_int[1]~1 ; 1       ;
; LCD_Controller:lcd_ctrl|lpm_divide:Mod3|lpm_divide_m9m:auto_generated|sign_div_unsign_bkh:divider|alt_u_div_a4f:divider|add_sub_7_result_int[1]~0 ; 1       ;
; LCD_Controller:lcd_ctrl|lpm_divide:Mod3|lpm_divide_m9m:auto_generated|sign_div_unsign_bkh:divider|alt_u_div_a4f:divider|add_sub_6_result_int[4]~7 ; 1       ;
; LCD_Controller:lcd_ctrl|lpm_divide:Mod3|lpm_divide_m9m:auto_generated|sign_div_unsign_bkh:divider|alt_u_div_a4f:divider|add_sub_6_result_int[3]~5 ; 1       ;
; LCD_Controller:lcd_ctrl|lpm_divide:Mod3|lpm_divide_m9m:auto_generated|sign_div_unsign_bkh:divider|alt_u_div_a4f:divider|add_sub_6_result_int[3]~4 ; 1       ;
; LCD_Controller:lcd_ctrl|lpm_divide:Mod3|lpm_divide_m9m:auto_generated|sign_div_unsign_bkh:divider|alt_u_div_a4f:divider|add_sub_6_result_int[2]~3 ; 1       ;
; LCD_Controller:lcd_ctrl|lpm_divide:Mod3|lpm_divide_m9m:auto_generated|sign_div_unsign_bkh:divider|alt_u_div_a4f:divider|add_sub_6_result_int[2]~2 ; 1       ;
; LCD_Controller:lcd_ctrl|lpm_divide:Mod3|lpm_divide_m9m:auto_generated|sign_div_unsign_bkh:divider|alt_u_div_a4f:divider|add_sub_6_result_int[1]~1 ; 1       ;
; LCD_Controller:lcd_ctrl|lpm_divide:Mod3|lpm_divide_m9m:auto_generated|sign_div_unsign_bkh:divider|alt_u_div_a4f:divider|add_sub_6_result_int[1]~0 ; 1       ;
; LCD_Controller:lcd_ctrl|lpm_divide:Mod3|lpm_divide_m9m:auto_generated|sign_div_unsign_bkh:divider|alt_u_div_a4f:divider|add_sub_5_result_int[4]~7 ; 1       ;
; LCD_Controller:lcd_ctrl|lpm_divide:Mod3|lpm_divide_m9m:auto_generated|sign_div_unsign_bkh:divider|alt_u_div_a4f:divider|add_sub_5_result_int[3]~5 ; 1       ;
; LCD_Controller:lcd_ctrl|lpm_divide:Mod3|lpm_divide_m9m:auto_generated|sign_div_unsign_bkh:divider|alt_u_div_a4f:divider|add_sub_5_result_int[3]~4 ; 1       ;
; LCD_Controller:lcd_ctrl|lpm_divide:Mod3|lpm_divide_m9m:auto_generated|sign_div_unsign_bkh:divider|alt_u_div_a4f:divider|add_sub_5_result_int[2]~3 ; 1       ;
; LCD_Controller:lcd_ctrl|lpm_divide:Mod3|lpm_divide_m9m:auto_generated|sign_div_unsign_bkh:divider|alt_u_div_a4f:divider|add_sub_5_result_int[1]~1 ; 1       ;
; LCD_Controller:lcd_ctrl|lpm_divide:Mod3|lpm_divide_m9m:auto_generated|sign_div_unsign_bkh:divider|alt_u_div_a4f:divider|add_sub_4_result_int[4]~7 ; 1       ;
; LCD_Controller:lcd_ctrl|lpm_divide:Mod3|lpm_divide_m9m:auto_generated|sign_div_unsign_bkh:divider|alt_u_div_a4f:divider|add_sub_4_result_int[3]~5 ; 1       ;
; LCD_Controller:lcd_ctrl|lpm_divide:Mod3|lpm_divide_m9m:auto_generated|sign_div_unsign_bkh:divider|alt_u_div_a4f:divider|add_sub_4_result_int[3]~4 ; 1       ;
; LCD_Controller:lcd_ctrl|lpm_divide:Mod3|lpm_divide_m9m:auto_generated|sign_div_unsign_bkh:divider|alt_u_div_a4f:divider|add_sub_4_result_int[2]~3 ; 1       ;
; LCD_Controller:lcd_ctrl|lpm_divide:Mod3|lpm_divide_m9m:auto_generated|sign_div_unsign_bkh:divider|alt_u_div_a4f:divider|add_sub_4_result_int[1]~1 ; 1       ;
; LCD_Controller:lcd_ctrl|lpm_divide:Mod3|lpm_divide_m9m:auto_generated|sign_div_unsign_bkh:divider|alt_u_div_a4f:divider|add_sub_3_result_int[3]~5 ; 1       ;
; LCD_Controller:lcd_ctrl|lpm_divide:Mod3|lpm_divide_m9m:auto_generated|sign_div_unsign_bkh:divider|alt_u_div_a4f:divider|add_sub_3_result_int[3]~4 ; 1       ;
; LCD_Controller:lcd_ctrl|lpm_divide:Mod3|lpm_divide_m9m:auto_generated|sign_div_unsign_bkh:divider|alt_u_div_a4f:divider|add_sub_3_result_int[2]~3 ; 1       ;
; LCD_Controller:lcd_ctrl|lpm_divide:Mod3|lpm_divide_m9m:auto_generated|sign_div_unsign_bkh:divider|alt_u_div_a4f:divider|add_sub_3_result_int[1]~1 ; 1       ;
; LCD_Controller:lcd_ctrl|lpm_divide:Mod1|lpm_divide_m9m:auto_generated|sign_div_unsign_bkh:divider|alt_u_div_a4f:divider|add_sub_7_result_int[4]~7 ; 1       ;
; LCD_Controller:lcd_ctrl|lpm_divide:Mod1|lpm_divide_m9m:auto_generated|sign_div_unsign_bkh:divider|alt_u_div_a4f:divider|add_sub_7_result_int[3]~5 ; 1       ;
; LCD_Controller:lcd_ctrl|lpm_divide:Mod1|lpm_divide_m9m:auto_generated|sign_div_unsign_bkh:divider|alt_u_div_a4f:divider|add_sub_7_result_int[3]~4 ; 1       ;
; LCD_Controller:lcd_ctrl|lpm_divide:Mod1|lpm_divide_m9m:auto_generated|sign_div_unsign_bkh:divider|alt_u_div_a4f:divider|add_sub_7_result_int[2]~3 ; 1       ;
; LCD_Controller:lcd_ctrl|lpm_divide:Mod1|lpm_divide_m9m:auto_generated|sign_div_unsign_bkh:divider|alt_u_div_a4f:divider|add_sub_7_result_int[2]~2 ; 1       ;
; LCD_Controller:lcd_ctrl|lpm_divide:Mod1|lpm_divide_m9m:auto_generated|sign_div_unsign_bkh:divider|alt_u_div_a4f:divider|add_sub_7_result_int[1]~1 ; 1       ;
; LCD_Controller:lcd_ctrl|lpm_divide:Mod1|lpm_divide_m9m:auto_generated|sign_div_unsign_bkh:divider|alt_u_div_a4f:divider|add_sub_7_result_int[1]~0 ; 1       ;
; LCD_Controller:lcd_ctrl|lpm_divide:Mod1|lpm_divide_m9m:auto_generated|sign_div_unsign_bkh:divider|alt_u_div_a4f:divider|add_sub_6_result_int[4]~7 ; 1       ;
; LCD_Controller:lcd_ctrl|lpm_divide:Mod1|lpm_divide_m9m:auto_generated|sign_div_unsign_bkh:divider|alt_u_div_a4f:divider|add_sub_6_result_int[3]~5 ; 1       ;
; LCD_Controller:lcd_ctrl|lpm_divide:Mod1|lpm_divide_m9m:auto_generated|sign_div_unsign_bkh:divider|alt_u_div_a4f:divider|add_sub_6_result_int[3]~4 ; 1       ;
; LCD_Controller:lcd_ctrl|lpm_divide:Mod1|lpm_divide_m9m:auto_generated|sign_div_unsign_bkh:divider|alt_u_div_a4f:divider|add_sub_6_result_int[2]~3 ; 1       ;
; LCD_Controller:lcd_ctrl|lpm_divide:Mod1|lpm_divide_m9m:auto_generated|sign_div_unsign_bkh:divider|alt_u_div_a4f:divider|add_sub_6_result_int[2]~2 ; 1       ;
; LCD_Controller:lcd_ctrl|lpm_divide:Mod1|lpm_divide_m9m:auto_generated|sign_div_unsign_bkh:divider|alt_u_div_a4f:divider|add_sub_6_result_int[1]~1 ; 1       ;
; LCD_Controller:lcd_ctrl|lpm_divide:Mod1|lpm_divide_m9m:auto_generated|sign_div_unsign_bkh:divider|alt_u_div_a4f:divider|add_sub_6_result_int[1]~0 ; 1       ;
; LCD_Controller:lcd_ctrl|lpm_divide:Mod1|lpm_divide_m9m:auto_generated|sign_div_unsign_bkh:divider|alt_u_div_a4f:divider|add_sub_5_result_int[4]~7 ; 1       ;
; LCD_Controller:lcd_ctrl|lpm_divide:Mod1|lpm_divide_m9m:auto_generated|sign_div_unsign_bkh:divider|alt_u_div_a4f:divider|add_sub_5_result_int[3]~5 ; 1       ;
; LCD_Controller:lcd_ctrl|lpm_divide:Mod1|lpm_divide_m9m:auto_generated|sign_div_unsign_bkh:divider|alt_u_div_a4f:divider|add_sub_5_result_int[3]~4 ; 1       ;
; LCD_Controller:lcd_ctrl|lpm_divide:Mod1|lpm_divide_m9m:auto_generated|sign_div_unsign_bkh:divider|alt_u_div_a4f:divider|add_sub_5_result_int[2]~3 ; 1       ;
; LCD_Controller:lcd_ctrl|lpm_divide:Mod1|lpm_divide_m9m:auto_generated|sign_div_unsign_bkh:divider|alt_u_div_a4f:divider|add_sub_5_result_int[1]~1 ; 1       ;
; LCD_Controller:lcd_ctrl|lpm_divide:Mod1|lpm_divide_m9m:auto_generated|sign_div_unsign_bkh:divider|alt_u_div_a4f:divider|add_sub_4_result_int[4]~7 ; 1       ;
; LCD_Controller:lcd_ctrl|lpm_divide:Mod1|lpm_divide_m9m:auto_generated|sign_div_unsign_bkh:divider|alt_u_div_a4f:divider|add_sub_4_result_int[3]~5 ; 1       ;
; LCD_Controller:lcd_ctrl|lpm_divide:Mod1|lpm_divide_m9m:auto_generated|sign_div_unsign_bkh:divider|alt_u_div_a4f:divider|add_sub_4_result_int[3]~4 ; 1       ;
; LCD_Controller:lcd_ctrl|lpm_divide:Mod1|lpm_divide_m9m:auto_generated|sign_div_unsign_bkh:divider|alt_u_div_a4f:divider|add_sub_4_result_int[2]~3 ; 1       ;
; LCD_Controller:lcd_ctrl|lpm_divide:Mod1|lpm_divide_m9m:auto_generated|sign_div_unsign_bkh:divider|alt_u_div_a4f:divider|add_sub_4_result_int[1]~1 ; 1       ;
; LCD_Controller:lcd_ctrl|lpm_divide:Mod1|lpm_divide_m9m:auto_generated|sign_div_unsign_bkh:divider|alt_u_div_a4f:divider|add_sub_3_result_int[3]~5 ; 1       ;
; LCD_Controller:lcd_ctrl|lpm_divide:Mod1|lpm_divide_m9m:auto_generated|sign_div_unsign_bkh:divider|alt_u_div_a4f:divider|add_sub_3_result_int[3]~4 ; 1       ;
; LCD_Controller:lcd_ctrl|lpm_divide:Mod1|lpm_divide_m9m:auto_generated|sign_div_unsign_bkh:divider|alt_u_div_a4f:divider|add_sub_3_result_int[2]~3 ; 1       ;
; LCD_Controller:lcd_ctrl|lpm_divide:Mod1|lpm_divide_m9m:auto_generated|sign_div_unsign_bkh:divider|alt_u_div_a4f:divider|add_sub_3_result_int[1]~1 ; 1       ;
; LCD_Controller:lcd_ctrl|lpm_divide:Mod2|lpm_divide_m9m:auto_generated|sign_div_unsign_bkh:divider|alt_u_div_a4f:divider|add_sub_7_result_int[4]~7 ; 1       ;
; LCD_Controller:lcd_ctrl|lpm_divide:Mod2|lpm_divide_m9m:auto_generated|sign_div_unsign_bkh:divider|alt_u_div_a4f:divider|add_sub_7_result_int[3]~5 ; 1       ;
; LCD_Controller:lcd_ctrl|lpm_divide:Mod2|lpm_divide_m9m:auto_generated|sign_div_unsign_bkh:divider|alt_u_div_a4f:divider|add_sub_7_result_int[3]~4 ; 1       ;
; LCD_Controller:lcd_ctrl|lpm_divide:Mod2|lpm_divide_m9m:auto_generated|sign_div_unsign_bkh:divider|alt_u_div_a4f:divider|add_sub_7_result_int[2]~3 ; 1       ;
; LCD_Controller:lcd_ctrl|lpm_divide:Mod2|lpm_divide_m9m:auto_generated|sign_div_unsign_bkh:divider|alt_u_div_a4f:divider|add_sub_7_result_int[2]~2 ; 1       ;
; LCD_Controller:lcd_ctrl|lpm_divide:Mod2|lpm_divide_m9m:auto_generated|sign_div_unsign_bkh:divider|alt_u_div_a4f:divider|add_sub_7_result_int[1]~1 ; 1       ;
; LCD_Controller:lcd_ctrl|lpm_divide:Mod2|lpm_divide_m9m:auto_generated|sign_div_unsign_bkh:divider|alt_u_div_a4f:divider|add_sub_7_result_int[1]~0 ; 1       ;
; LCD_Controller:lcd_ctrl|lpm_divide:Mod2|lpm_divide_m9m:auto_generated|sign_div_unsign_bkh:divider|alt_u_div_a4f:divider|add_sub_6_result_int[4]~7 ; 1       ;
; LCD_Controller:lcd_ctrl|lpm_divide:Mod2|lpm_divide_m9m:auto_generated|sign_div_unsign_bkh:divider|alt_u_div_a4f:divider|add_sub_6_result_int[3]~5 ; 1       ;
; LCD_Controller:lcd_ctrl|lpm_divide:Mod2|lpm_divide_m9m:auto_generated|sign_div_unsign_bkh:divider|alt_u_div_a4f:divider|add_sub_6_result_int[3]~4 ; 1       ;
; LCD_Controller:lcd_ctrl|lpm_divide:Mod2|lpm_divide_m9m:auto_generated|sign_div_unsign_bkh:divider|alt_u_div_a4f:divider|add_sub_6_result_int[2]~3 ; 1       ;
; LCD_Controller:lcd_ctrl|lpm_divide:Mod2|lpm_divide_m9m:auto_generated|sign_div_unsign_bkh:divider|alt_u_div_a4f:divider|add_sub_6_result_int[2]~2 ; 1       ;
; LCD_Controller:lcd_ctrl|lpm_divide:Mod2|lpm_divide_m9m:auto_generated|sign_div_unsign_bkh:divider|alt_u_div_a4f:divider|add_sub_6_result_int[1]~1 ; 1       ;
; LCD_Controller:lcd_ctrl|lpm_divide:Mod2|lpm_divide_m9m:auto_generated|sign_div_unsign_bkh:divider|alt_u_div_a4f:divider|add_sub_6_result_int[1]~0 ; 1       ;
; LCD_Controller:lcd_ctrl|lpm_divide:Mod2|lpm_divide_m9m:auto_generated|sign_div_unsign_bkh:divider|alt_u_div_a4f:divider|add_sub_5_result_int[4]~7 ; 1       ;
; LCD_Controller:lcd_ctrl|lpm_divide:Mod2|lpm_divide_m9m:auto_generated|sign_div_unsign_bkh:divider|alt_u_div_a4f:divider|add_sub_5_result_int[3]~5 ; 1       ;
; LCD_Controller:lcd_ctrl|lpm_divide:Mod2|lpm_divide_m9m:auto_generated|sign_div_unsign_bkh:divider|alt_u_div_a4f:divider|add_sub_5_result_int[3]~4 ; 1       ;
; LCD_Controller:lcd_ctrl|lpm_divide:Mod2|lpm_divide_m9m:auto_generated|sign_div_unsign_bkh:divider|alt_u_div_a4f:divider|add_sub_5_result_int[2]~3 ; 1       ;
; LCD_Controller:lcd_ctrl|lpm_divide:Mod2|lpm_divide_m9m:auto_generated|sign_div_unsign_bkh:divider|alt_u_div_a4f:divider|add_sub_5_result_int[1]~1 ; 1       ;
; LCD_Controller:lcd_ctrl|lpm_divide:Mod2|lpm_divide_m9m:auto_generated|sign_div_unsign_bkh:divider|alt_u_div_a4f:divider|add_sub_4_result_int[4]~7 ; 1       ;
; LCD_Controller:lcd_ctrl|lpm_divide:Mod2|lpm_divide_m9m:auto_generated|sign_div_unsign_bkh:divider|alt_u_div_a4f:divider|add_sub_4_result_int[3]~5 ; 1       ;
; LCD_Controller:lcd_ctrl|lpm_divide:Mod2|lpm_divide_m9m:auto_generated|sign_div_unsign_bkh:divider|alt_u_div_a4f:divider|add_sub_4_result_int[3]~4 ; 1       ;
; LCD_Controller:lcd_ctrl|lpm_divide:Mod2|lpm_divide_m9m:auto_generated|sign_div_unsign_bkh:divider|alt_u_div_a4f:divider|add_sub_4_result_int[2]~3 ; 1       ;
; LCD_Controller:lcd_ctrl|lpm_divide:Mod2|lpm_divide_m9m:auto_generated|sign_div_unsign_bkh:divider|alt_u_div_a4f:divider|add_sub_4_result_int[1]~1 ; 1       ;
; LCD_Controller:lcd_ctrl|lpm_divide:Mod2|lpm_divide_m9m:auto_generated|sign_div_unsign_bkh:divider|alt_u_div_a4f:divider|add_sub_3_result_int[3]~5 ; 1       ;
; LCD_Controller:lcd_ctrl|lpm_divide:Mod2|lpm_divide_m9m:auto_generated|sign_div_unsign_bkh:divider|alt_u_div_a4f:divider|add_sub_3_result_int[3]~4 ; 1       ;
; LCD_Controller:lcd_ctrl|lpm_divide:Mod2|lpm_divide_m9m:auto_generated|sign_div_unsign_bkh:divider|alt_u_div_a4f:divider|add_sub_3_result_int[2]~3 ; 1       ;
; LCD_Controller:lcd_ctrl|lpm_divide:Mod2|lpm_divide_m9m:auto_generated|sign_div_unsign_bkh:divider|alt_u_div_a4f:divider|add_sub_3_result_int[1]~1 ; 1       ;
; LCD_Controller:lcd_ctrl|lpm_divide:Mod0|lpm_divide_m9m:auto_generated|sign_div_unsign_bkh:divider|alt_u_div_a4f:divider|add_sub_7_result_int[4]~7 ; 1       ;
; LCD_Controller:lcd_ctrl|lpm_divide:Mod0|lpm_divide_m9m:auto_generated|sign_div_unsign_bkh:divider|alt_u_div_a4f:divider|add_sub_7_result_int[3]~5 ; 1       ;
; LCD_Controller:lcd_ctrl|lpm_divide:Mod0|lpm_divide_m9m:auto_generated|sign_div_unsign_bkh:divider|alt_u_div_a4f:divider|add_sub_7_result_int[3]~4 ; 1       ;
+---------------------------------------------------------------------------------------------------------------------------------------------------+---------+


+------------------------------------------------+
; Routing Usage Summary                          ;
+-----------------------+------------------------+
; Routing Resource Type ; Usage                  ;
+-----------------------+------------------------+
; Block interconnects   ; 775 / 71,559 ( 1 % )   ;
; C16 interconnects     ; 19 / 2,597 ( < 1 % )   ;
; C4 interconnects      ; 282 / 46,848 ( < 1 % ) ;
; Direct links          ; 253 / 71,559 ( < 1 % ) ;
; Global clocks         ; 2 / 20 ( 10 % )        ;
; Local interconnects   ; 479 / 24,624 ( 2 % )   ;
; R24 interconnects     ; 21 / 2,496 ( < 1 % )   ;
; R4 interconnects      ; 379 / 62,424 ( < 1 % ) ;
+-----------------------+------------------------+


+----------------------------------------------------------------------------+
; LAB Logic Elements                                                         ;
+---------------------------------------------+------------------------------+
; Number of Logic Elements  (Average = 12.23) ; Number of LABs  (Total = 65) ;
+---------------------------------------------+------------------------------+
; 1                                           ; 6                            ;
; 2                                           ; 1                            ;
; 3                                           ; 0                            ;
; 4                                           ; 0                            ;
; 5                                           ; 1                            ;
; 6                                           ; 2                            ;
; 7                                           ; 3                            ;
; 8                                           ; 2                            ;
; 9                                           ; 3                            ;
; 10                                          ; 1                            ;
; 11                                          ; 3                            ;
; 12                                          ; 1                            ;
; 13                                          ; 3                            ;
; 14                                          ; 3                            ;
; 15                                          ; 6                            ;
; 16                                          ; 30                           ;
+---------------------------------------------+------------------------------+


+-------------------------------------------------------------------+
; LAB-wide Signals                                                  ;
+------------------------------------+------------------------------+
; LAB-wide Signals  (Average = 1.42) ; Number of LABs  (Total = 65) ;
+------------------------------------+------------------------------+
; 1 Async. clear                     ; 22                           ;
; 1 Clock                            ; 40                           ;
; 1 Clock enable                     ; 16                           ;
; 1 Sync. clear                      ; 3                            ;
; 2 Clock enables                    ; 5                            ;
; 2 Clocks                           ; 6                            ;
+------------------------------------+------------------------------+


+-----------------------------------------------------------------------------+
; LAB Signals Sourced                                                         ;
+----------------------------------------------+------------------------------+
; Number of Signals Sourced  (Average = 14.85) ; Number of LABs  (Total = 65) ;
+----------------------------------------------+------------------------------+
; 0                                            ; 0                            ;
; 1                                            ; 5                            ;
; 2                                            ; 2                            ;
; 3                                            ; 0                            ;
; 4                                            ; 0                            ;
; 5                                            ; 0                            ;
; 6                                            ; 1                            ;
; 7                                            ; 2                            ;
; 8                                            ; 2                            ;
; 9                                            ; 0                            ;
; 10                                           ; 1                            ;
; 11                                           ; 2                            ;
; 12                                           ; 6                            ;
; 13                                           ; 0                            ;
; 14                                           ; 7                            ;
; 15                                           ; 7                            ;
; 16                                           ; 8                            ;
; 17                                           ; 4                            ;
; 18                                           ; 1                            ;
; 19                                           ; 1                            ;
; 20                                           ; 1                            ;
; 21                                           ; 4                            ;
; 22                                           ; 2                            ;
; 23                                           ; 1                            ;
; 24                                           ; 2                            ;
; 25                                           ; 2                            ;
; 26                                           ; 2                            ;
; 27                                           ; 1                            ;
; 28                                           ; 0                            ;
; 29                                           ; 0                            ;
; 30                                           ; 0                            ;
; 31                                           ; 0                            ;
; 32                                           ; 1                            ;
+----------------------------------------------+------------------------------+


+--------------------------------------------------------------------------------+
; LAB Signals Sourced Out                                                        ;
+-------------------------------------------------+------------------------------+
; Number of Signals Sourced Out  (Average = 6.25) ; Number of LABs  (Total = 65) ;
+-------------------------------------------------+------------------------------+
; 0                                               ; 1                            ;
; 1                                               ; 9                            ;
; 2                                               ; 4                            ;
; 3                                               ; 6                            ;
; 4                                               ; 0                            ;
; 5                                               ; 7                            ;
; 6                                               ; 6                            ;
; 7                                               ; 11                           ;
; 8                                               ; 8                            ;
; 9                                               ; 4                            ;
; 10                                              ; 3                            ;
; 11                                              ; 2                            ;
; 12                                              ; 0                            ;
; 13                                              ; 1                            ;
; 14                                              ; 0                            ;
; 15                                              ; 0                            ;
; 16                                              ; 1                            ;
; 17                                              ; 0                            ;
; 18                                              ; 1                            ;
; 19                                              ; 0                            ;
; 20                                              ; 0                            ;
; 21                                              ; 0                            ;
; 22                                              ; 0                            ;
; 23                                              ; 0                            ;
; 24                                              ; 1                            ;
+-------------------------------------------------+------------------------------+


+-----------------------------------------------------------------------------+
; LAB Distinct Inputs                                                         ;
+----------------------------------------------+------------------------------+
; Number of Distinct Inputs  (Average = 10.77) ; Number of LABs  (Total = 65) ;
+----------------------------------------------+------------------------------+
; 0                                            ; 0                            ;
; 1                                            ; 1                            ;
; 2                                            ; 7                            ;
; 3                                            ; 2                            ;
; 4                                            ; 1                            ;
; 5                                            ; 4                            ;
; 6                                            ; 2                            ;
; 7                                            ; 3                            ;
; 8                                            ; 2                            ;
; 9                                            ; 2                            ;
; 10                                           ; 5                            ;
; 11                                           ; 8                            ;
; 12                                           ; 8                            ;
; 13                                           ; 2                            ;
; 14                                           ; 2                            ;
; 15                                           ; 5                            ;
; 16                                           ; 1                            ;
; 17                                           ; 1                            ;
; 18                                           ; 3                            ;
; 19                                           ; 2                            ;
; 20                                           ; 2                            ;
; 21                                           ; 0                            ;
; 22                                           ; 0                            ;
; 23                                           ; 0                            ;
; 24                                           ; 0                            ;
; 25                                           ; 0                            ;
; 26                                           ; 0                            ;
; 27                                           ; 0                            ;
; 28                                           ; 0                            ;
; 29                                           ; 1                            ;
; 30                                           ; 0                            ;
; 31                                           ; 1                            ;
+----------------------------------------------+------------------------------+


+------------------------------------------+
; I/O Rules Summary                        ;
+----------------------------------+-------+
; I/O Rules Statistic              ; Total ;
+----------------------------------+-------+
; Total I/O Rules                  ; 30    ;
; Number of I/O Rules Passed       ; 13    ;
; Number of I/O Rules Failed       ; 0     ;
; Number of I/O Rules Unchecked    ; 0     ;
; Number of I/O Rules Inapplicable ; 17    ;
+----------------------------------+-------+


+-----------------------------------------------------------------------------------------------------------------------------------------------------------------------------------------------------------------------------------------------------------------------------------------------------+
; I/O Rules Details                                                                                                                                                                                                                                                                                   ;
+--------------+-----------+-----------------------------------+------------------------------------------------------------------------------------------------------+----------+--------------------------------------------------------------------------+---------------------+-------------------+
; Status       ; ID        ; Category                          ; Rule Description                                                                                     ; Severity ; Information                                                              ; Area                ; Extra Information ;
+--------------+-----------+-----------------------------------+------------------------------------------------------------------------------------------------------+----------+--------------------------------------------------------------------------+---------------------+-------------------+
; Pass         ; IO_000001 ; Capacity Checks                   ; Number of pins in an I/O bank should not exceed the number of locations available.                   ; Critical ; 0 such failures found.                                                   ; I/O                 ;                   ;
; Inapplicable ; IO_000002 ; Capacity Checks                   ; Number of clocks in an I/O bank should not exceed the number of clocks available.                    ; Critical ; No Global Signal assignments found.                                      ; I/O                 ;                   ;
; Pass         ; IO_000003 ; Capacity Checks                   ; Number of pins in a Vrefgroup should not exceed the number of locations available.                   ; Critical ; 0 such failures found.                                                   ; I/O                 ;                   ;
; Inapplicable ; IO_000004 ; Voltage Compatibility Checks      ; The I/O bank should support the requested VCCIO.                                                     ; Critical ; No IOBANK_VCCIO assignments found.                                       ; I/O                 ;                   ;
; Inapplicable ; IO_000005 ; Voltage Compatibility Checks      ; The I/O bank should not have competing VREF values.                                                  ; Critical ; No VREF I/O Standard assignments found.                                  ; I/O                 ;                   ;
; Pass         ; IO_000006 ; Voltage Compatibility Checks      ; The I/O bank should not have competing VCCIO values.                                                 ; Critical ; 0 such failures found.                                                   ; I/O                 ;                   ;
; Pass         ; IO_000007 ; Valid Location Checks             ; Checks for unavailable locations.                                                                    ; Critical ; 0 such failures found.                                                   ; I/O                 ;                   ;
; Inapplicable ; IO_000008 ; Valid Location Checks             ; Checks for reserved locations.                                                                       ; Critical ; No reserved LogicLock region found.                                      ; I/O                 ;                   ;
; Pass         ; IO_000009 ; I/O Properties Checks for One I/O ; The location should support the requested I/O standard.                                              ; Critical ; 0 such failures found.                                                   ; I/O                 ;                   ;
; Pass         ; IO_000010 ; I/O Properties Checks for One I/O ; The location should support the requested I/O direction.                                             ; Critical ; 0 such failures found.                                                   ; I/O                 ;                   ;
; Inapplicable ; IO_000011 ; I/O Properties Checks for One I/O ; The location should support the requested Current Strength.                                          ; Critical ; No Current Strength assignments found.                                   ; I/O                 ;                   ;
; Pass         ; IO_000012 ; I/O Properties Checks for One I/O ; The location should support the requested On Chip Termination value.                                 ; Critical ; 0 such failures found.                                                   ; I/O                 ;                   ;
; Inapplicable ; IO_000013 ; I/O Properties Checks for One I/O ; The location should support the requested Bus Hold value.                                            ; Critical ; No Enable Bus-Hold Circuitry assignments found.                          ; I/O                 ;                   ;
; Inapplicable ; IO_000014 ; I/O Properties Checks for One I/O ; The location should support the requested Weak Pull Up value.                                        ; Critical ; No Weak Pull-Up Resistor assignments found.                              ; I/O                 ;                   ;
; Pass         ; IO_000015 ; I/O Properties Checks for One I/O ; The location should support the requested PCI Clamp Diode.                                           ; Critical ; 0 such failures found.                                                   ; I/O                 ;                   ;
; Inapplicable ; IO_000018 ; I/O Properties Checks for One I/O ; The I/O standard should support the requested Current Strength.                                      ; Critical ; No Current Strength assignments found.                                   ; I/O                 ;                   ;
; Pass         ; IO_000019 ; I/O Properties Checks for One I/O ; The I/O standard should support the requested On Chip Termination value.                             ; Critical ; 0 such failures found.                                                   ; I/O                 ;                   ;
; Pass         ; IO_000020 ; I/O Properties Checks for One I/O ; The I/O standard should support the requested PCI Clamp Diode.                                       ; Critical ; 0 such failures found.                                                   ; I/O                 ;                   ;
; Inapplicable ; IO_000021 ; I/O Properties Checks for One I/O ; The I/O standard should support the requested Weak Pull Up value.                                    ; Critical ; No Weak Pull-Up Resistor assignments found.                              ; I/O                 ;                   ;
; Inapplicable ; IO_000022 ; I/O Properties Checks for One I/O ; The I/O standard should support the requested Bus Hold value.                                        ; Critical ; No Enable Bus-Hold Circuitry assignments found.                          ; I/O                 ;                   ;
; Pass         ; IO_000023 ; I/O Properties Checks for One I/O ; The I/O standard should support the Open Drain value.                                                ; Critical ; 0 such failures found.                                                   ; I/O                 ;                   ;
; Pass         ; IO_000024 ; I/O Properties Checks for One I/O ; The I/O direction should support the On Chip Termination value.                                      ; Critical ; 0 such failures found.                                                   ; I/O                 ;                   ;
; Inapplicable ; IO_000026 ; I/O Properties Checks for One I/O ; On Chip Termination and Current Strength should not be used at the same time.                        ; Critical ; No Current Strength assignments found.                                   ; I/O                 ;                   ;
; Inapplicable ; IO_000027 ; I/O Properties Checks for One I/O ; Weak Pull Up and Bus Hold should not be used at the same time.                                       ; Critical ; No Enable Bus-Hold Circuitry or Weak Pull-Up Resistor assignments found. ; I/O                 ;                   ;
; Inapplicable ; IO_000045 ; I/O Properties Checks for One I/O ; The I/O standard should support the requested Slew Rate value.                                       ; Critical ; No Slew Rate assignments found.                                          ; I/O                 ;                   ;
; Inapplicable ; IO_000046 ; I/O Properties Checks for One I/O ; The location should support the requested Slew Rate value.                                           ; Critical ; No Slew Rate assignments found.                                          ; I/O                 ;                   ;
; Inapplicable ; IO_000047 ; I/O Properties Checks for One I/O ; On Chip Termination and Slew Rate should not be used at the same time.                               ; Critical ; No Slew Rate assignments found.                                          ; I/O                 ;                   ;
; Pass         ; IO_000033 ; Electromigration Checks           ; Current density for consecutive I/Os should not exceed 240mA for row I/Os and 240mA for column I/Os. ; Critical ; 0 such failures found.                                                   ; I/O                 ;                   ;
; Inapplicable ; IO_000034 ; SI Related Distance Checks        ; Single-ended outputs should be 5 LAB row(s) away from a differential I/O.                            ; High     ; No Differential I/O Standard assignments found.                          ; I/O                 ;                   ;
; Inapplicable ; IO_000042 ; SI Related SSO Limit Checks       ; No more than 20 outputs are allowed in a VREF group when VREF is being read from.                    ; High     ; No VREF I/O Standard assignments found.                                  ; I/O                 ;                   ;
; ----         ; ----      ; Disclaimer                        ; OCT rules are checked but not reported.                                                              ; None     ; ----                                                                     ; On Chip Termination ;                   ;
+--------------+-----------+-----------------------------------+------------------------------------------------------------------------------------------------------+----------+--------------------------------------------------------------------------+---------------------+-------------------+


+-----------------------------------------------------------------------------------------------------------------------------------------------------------------------------------------------------------------------------------------------------------------------------------------------------------------------------------------------------------------------------------------------------------------------------------------------------------------+
; I/O Rules Matrix                                                                                                                                                                                                                                                                                                                                                                                                                                                ;
+--------------------+-----------+--------------+-----------+--------------+--------------+-----------+-----------+--------------+-----------+-----------+--------------+--------------+--------------+--------------+--------------+--------------+--------------+--------------+--------------+--------------+--------------+--------------+--------------+--------------+--------------+--------------+--------------+-----------+--------------+--------------+
; Pin/Rules          ; IO_000001 ; IO_000002    ; IO_000003 ; IO_000004    ; IO_000005    ; IO_000006 ; IO_000007 ; IO_000008    ; IO_000009 ; IO_000010 ; IO_000011    ; IO_000012    ; IO_000013    ; IO_000014    ; IO_000015    ; IO_000018    ; IO_000019    ; IO_000020    ; IO_000021    ; IO_000022    ; IO_000023    ; IO_000024    ; IO_000026    ; IO_000027    ; IO_000045    ; IO_000046    ; IO_000047    ; IO_000033 ; IO_000034    ; IO_000042    ;
+--------------------+-----------+--------------+-----------+--------------+--------------+-----------+-----------+--------------+-----------+-----------+--------------+--------------+--------------+--------------+--------------+--------------+--------------+--------------+--------------+--------------+--------------+--------------+--------------+--------------+--------------+--------------+--------------+-----------+--------------+--------------+
; Total Pass         ; 27        ; 0            ; 27        ; 0            ; 0            ; 27        ; 27        ; 0            ; 27        ; 27        ; 0            ; 25           ; 0            ; 0            ; 3            ; 0            ; 25           ; 3            ; 0            ; 0            ; 1            ; 25           ; 0            ; 0            ; 0            ; 0            ; 0            ; 27        ; 0            ; 0            ;
; Total Unchecked    ; 0         ; 0            ; 0         ; 0            ; 0            ; 0         ; 0         ; 0            ; 0         ; 0         ; 0            ; 0            ; 0            ; 0            ; 0            ; 0            ; 0            ; 0            ; 0            ; 0            ; 0            ; 0            ; 0            ; 0            ; 0            ; 0            ; 0            ; 0         ; 0            ; 0            ;
; Total Inapplicable ; 0         ; 27           ; 0         ; 27           ; 27           ; 0         ; 0         ; 27           ; 0         ; 0         ; 27           ; 2            ; 27           ; 27           ; 24           ; 27           ; 2            ; 24           ; 27           ; 27           ; 26           ; 2            ; 27           ; 27           ; 27           ; 27           ; 27           ; 0         ; 27           ; 27           ;
; Total Fail         ; 0         ; 0            ; 0         ; 0            ; 0            ; 0         ; 0         ; 0            ; 0         ; 0         ; 0            ; 0            ; 0            ; 0            ; 0            ; 0            ; 0            ; 0            ; 0            ; 0            ; 0            ; 0            ; 0            ; 0            ; 0            ; 0            ; 0            ; 0         ; 0            ; 0            ;
; lcd_rs             ; Pass      ; Inapplicable ; Pass      ; Inapplicable ; Inapplicable ; Pass      ; Pass      ; Inapplicable ; Pass      ; Pass      ; Inapplicable ; Pass         ; Inapplicable ; Inapplicable ; Inapplicable ; Inapplicable ; Pass         ; Inapplicable ; Inapplicable ; Inapplicable ; Inapplicable ; Pass         ; Inapplicable ; Inapplicable ; Inapplicable ; Inapplicable ; Inapplicable ; Pass      ; Inapplicable ; Inapplicable ;
; lcd_e              ; Pass      ; Inapplicable ; Pass      ; Inapplicable ; Inapplicable ; Pass      ; Pass      ; Inapplicable ; Pass      ; Pass      ; Inapplicable ; Pass         ; Inapplicable ; Inapplicable ; Inapplicable ; Inapplicable ; Pass         ; Inapplicable ; Inapplicable ; Inapplicable ; Inapplicable ; Pass         ; Inapplicable ; Inapplicable ; Inapplicable ; Inapplicable ; Inapplicable ; Pass      ; Inapplicable ; Inapplicable ;
; lcd_db[0]          ; Pass      ; Inapplicable ; Pass      ; Inapplicable ; Inapplicable ; Pass      ; Pass      ; Inapplicable ; Pass      ; Pass      ; Inapplicable ; Pass         ; Inapplicable ; Inapplicable ; Inapplicable ; Inapplicable ; Pass         ; Inapplicable ; Inapplicable ; Inapplicable ; Inapplicable ; Pass         ; Inapplicable ; Inapplicable ; Inapplicable ; Inapplicable ; Inapplicable ; Pass      ; Inapplicable ; Inapplicable ;
; lcd_db[1]          ; Pass      ; Inapplicable ; Pass      ; Inapplicable ; Inapplicable ; Pass      ; Pass      ; Inapplicable ; Pass      ; Pass      ; Inapplicable ; Pass         ; Inapplicable ; Inapplicable ; Inapplicable ; Inapplicable ; Pass         ; Inapplicable ; Inapplicable ; Inapplicable ; Inapplicable ; Pass         ; Inapplicable ; Inapplicable ; Inapplicable ; Inapplicable ; Inapplicable ; Pass      ; Inapplicable ; Inapplicable ;
; lcd_db[2]          ; Pass      ; Inapplicable ; Pass      ; Inapplicable ; Inapplicable ; Pass      ; Pass      ; Inapplicable ; Pass      ; Pass      ; Inapplicable ; Pass         ; Inapplicable ; Inapplicable ; Inapplicable ; Inapplicable ; Pass         ; Inapplicable ; Inapplicable ; Inapplicable ; Inapplicable ; Pass         ; Inapplicable ; Inapplicable ; Inapplicable ; Inapplicable ; Inapplicable ; Pass      ; Inapplicable ; Inapplicable ;
; lcd_db[3]          ; Pass      ; Inapplicable ; Pass      ; Inapplicable ; Inapplicable ; Pass      ; Pass      ; Inapplicable ; Pass      ; Pass      ; Inapplicable ; Pass         ; Inapplicable ; Inapplicable ; Inapplicable ; Inapplicable ; Pass         ; Inapplicable ; Inapplicable ; Inapplicable ; Inapplicable ; Pass         ; Inapplicable ; Inapplicable ; Inapplicable ; Inapplicable ; Inapplicable ; Pass      ; Inapplicable ; Inapplicable ;
; lcd_db[4]          ; Pass      ; Inapplicable ; Pass      ; Inapplicable ; Inapplicable ; Pass      ; Pass      ; Inapplicable ; Pass      ; Pass      ; Inapplicable ; Pass         ; Inapplicable ; Inapplicable ; Inapplicable ; Inapplicable ; Pass         ; Inapplicable ; Inapplicable ; Inapplicable ; Inapplicable ; Pass         ; Inapplicable ; Inapplicable ; Inapplicable ; Inapplicable ; Inapplicable ; Pass      ; Inapplicable ; Inapplicable ;
; lcd_db[5]          ; Pass      ; Inapplicable ; Pass      ; Inapplicable ; Inapplicable ; Pass      ; Pass      ; Inapplicable ; Pass      ; Pass      ; Inapplicable ; Pass         ; Inapplicable ; Inapplicable ; Inapplicable ; Inapplicable ; Pass         ; Inapplicable ; Inapplicable ; Inapplicable ; Inapplicable ; Pass         ; Inapplicable ; Inapplicable ; Inapplicable ; Inapplicable ; Inapplicable ; Pass      ; Inapplicable ; Inapplicable ;
; lcd_db[6]          ; Pass      ; Inapplicable ; Pass      ; Inapplicable ; Inapplicable ; Pass      ; Pass      ; Inapplicable ; Pass      ; Pass      ; Inapplicable ; Pass         ; Inapplicable ; Inapplicable ; Inapplicable ; Inapplicable ; Pass         ; Inapplicable ; Inapplicable ; Inapplicable ; Inapplicable ; Pass         ; Inapplicable ; Inapplicable ; Inapplicable ; Inapplicable ; Inapplicable ; Pass      ; Inapplicable ; Inapplicable ;
; lcd_db[7]          ; Pass      ; Inapplicable ; Pass      ; Inapplicable ; Inapplicable ; Pass      ; Pass      ; Inapplicable ; Pass      ; Pass      ; Inapplicable ; Pass         ; Inapplicable ; Inapplicable ; Inapplicable ; Inapplicable ; Pass         ; Inapplicable ; Inapplicable ; Inapplicable ; Inapplicable ; Pass         ; Inapplicable ; Inapplicable ; Inapplicable ; Inapplicable ; Inapplicable ; Pass      ; Inapplicable ; Inapplicable ;
; led_hum[0]         ; Pass      ; Inapplicable ; Pass      ; Inapplicable ; Inapplicable ; Pass      ; Pass      ; Inapplicable ; Pass      ; Pass      ; Inapplicable ; Pass         ; Inapplicable ; Inapplicable ; Inapplicable ; Inapplicable ; Pass         ; Inapplicable ; Inapplicable ; Inapplicable ; Inapplicable ; Pass         ; Inapplicable ; Inapplicable ; Inapplicable ; Inapplicable ; Inapplicable ; Pass      ; Inapplicable ; Inapplicable ;
; led_hum[1]         ; Pass      ; Inapplicable ; Pass      ; Inapplicable ; Inapplicable ; Pass      ; Pass      ; Inapplicable ; Pass      ; Pass      ; Inapplicable ; Pass         ; Inapplicable ; Inapplicable ; Inapplicable ; Inapplicable ; Pass         ; Inapplicable ; Inapplicable ; Inapplicable ; Inapplicable ; Pass         ; Inapplicable ; Inapplicable ; Inapplicable ; Inapplicable ; Inapplicable ; Pass      ; Inapplicable ; Inapplicable ;
; led_hum[2]         ; Pass      ; Inapplicable ; Pass      ; Inapplicable ; Inapplicable ; Pass      ; Pass      ; Inapplicable ; Pass      ; Pass      ; Inapplicable ; Pass         ; Inapplicable ; Inapplicable ; Inapplicable ; Inapplicable ; Pass         ; Inapplicable ; Inapplicable ; Inapplicable ; Inapplicable ; Pass         ; Inapplicable ; Inapplicable ; Inapplicable ; Inapplicable ; Inapplicable ; Pass      ; Inapplicable ; Inapplicable ;
; led_hum[3]         ; Pass      ; Inapplicable ; Pass      ; Inapplicable ; Inapplicable ; Pass      ; Pass      ; Inapplicable ; Pass      ; Pass      ; Inapplicable ; Pass         ; Inapplicable ; Inapplicable ; Inapplicable ; Inapplicable ; Pass         ; Inapplicable ; Inapplicable ; Inapplicable ; Inapplicable ; Pass         ; Inapplicable ; Inapplicable ; Inapplicable ; Inapplicable ; Inapplicable ; Pass      ; Inapplicable ; Inapplicable ;
; led_hum[4]         ; Pass      ; Inapplicable ; Pass      ; Inapplicable ; Inapplicable ; Pass      ; Pass      ; Inapplicable ; Pass      ; Pass      ; Inapplicable ; Pass         ; Inapplicable ; Inapplicable ; Inapplicable ; Inapplicable ; Pass         ; Inapplicable ; Inapplicable ; Inapplicable ; Inapplicable ; Pass         ; Inapplicable ; Inapplicable ; Inapplicable ; Inapplicable ; Inapplicable ; Pass      ; Inapplicable ; Inapplicable ;
; led_hum[5]         ; Pass      ; Inapplicable ; Pass      ; Inapplicable ; Inapplicable ; Pass      ; Pass      ; Inapplicable ; Pass      ; Pass      ; Inapplicable ; Pass         ; Inapplicable ; Inapplicable ; Inapplicable ; Inapplicable ; Pass         ; Inapplicable ; Inapplicable ; Inapplicable ; Inapplicable ; Pass         ; Inapplicable ; Inapplicable ; Inapplicable ; Inapplicable ; Inapplicable ; Pass      ; Inapplicable ; Inapplicable ;
; led_hum[6]         ; Pass      ; Inapplicable ; Pass      ; Inapplicable ; Inapplicable ; Pass      ; Pass      ; Inapplicable ; Pass      ; Pass      ; Inapplicable ; Pass         ; Inapplicable ; Inapplicable ; Inapplicable ; Inapplicable ; Pass         ; Inapplicable ; Inapplicable ; Inapplicable ; Inapplicable ; Pass         ; Inapplicable ; Inapplicable ; Inapplicable ; Inapplicable ; Inapplicable ; Pass      ; Inapplicable ; Inapplicable ;
; led_hum[7]         ; Pass      ; Inapplicable ; Pass      ; Inapplicable ; Inapplicable ; Pass      ; Pass      ; Inapplicable ; Pass      ; Pass      ; Inapplicable ; Pass         ; Inapplicable ; Inapplicable ; Inapplicable ; Inapplicable ; Pass         ; Inapplicable ; Inapplicable ; Inapplicable ; Inapplicable ; Pass         ; Inapplicable ; Inapplicable ; Inapplicable ; Inapplicable ; Inapplicable ; Pass      ; Inapplicable ; Inapplicable ;
; led_temp[0]        ; Pass      ; Inapplicable ; Pass      ; Inapplicable ; Inapplicable ; Pass      ; Pass      ; Inapplicable ; Pass      ; Pass      ; Inapplicable ; Pass         ; Inapplicable ; Inapplicable ; Inapplicable ; Inapplicable ; Pass         ; Inapplicable ; Inapplicable ; Inapplicable ; Inapplicable ; Pass         ; Inapplicable ; Inapplicable ; Inapplicable ; Inapplicable ; Inapplicable ; Pass      ; Inapplicable ; Inapplicable ;
; led_temp[1]        ; Pass      ; Inapplicable ; Pass      ; Inapplicable ; Inapplicable ; Pass      ; Pass      ; Inapplicable ; Pass      ; Pass      ; Inapplicable ; Pass         ; Inapplicable ; Inapplicable ; Inapplicable ; Inapplicable ; Pass         ; Inapplicable ; Inapplicable ; Inapplicable ; Inapplicable ; Pass         ; Inapplicable ; Inapplicable ; Inapplicable ; Inapplicable ; Inapplicable ; Pass      ; Inapplicable ; Inapplicable ;
; led_temp[2]        ; Pass      ; Inapplicable ; Pass      ; Inapplicable ; Inapplicable ; Pass      ; Pass      ; Inapplicable ; Pass      ; Pass      ; Inapplicable ; Pass         ; Inapplicable ; Inapplicable ; Inapplicable ; Inapplicable ; Pass         ; Inapplicable ; Inapplicable ; Inapplicable ; Inapplicable ; Pass         ; Inapplicable ; Inapplicable ; Inapplicable ; Inapplicable ; Inapplicable ; Pass      ; Inapplicable ; Inapplicable ;
; led_temp[3]        ; Pass      ; Inapplicable ; Pass      ; Inapplicable ; Inapplicable ; Pass      ; Pass      ; Inapplicable ; Pass      ; Pass      ; Inapplicable ; Pass         ; Inapplicable ; Inapplicable ; Inapplicable ; Inapplicable ; Pass         ; Inapplicable ; Inapplicable ; Inapplicable ; Inapplicable ; Pass         ; Inapplicable ; Inapplicable ; Inapplicable ; Inapplicable ; Inapplicable ; Pass      ; Inapplicable ; Inapplicable ;
; led_temp[4]        ; Pass      ; Inapplicable ; Pass      ; Inapplicable ; Inapplicable ; Pass      ; Pass      ; Inapplicable ; Pass      ; Pass      ; Inapplicable ; Pass         ; Inapplicable ; Inapplicable ; Inapplicable ; Inapplicable ; Pass         ; Inapplicable ; Inapplicable ; Inapplicable ; Inapplicable ; Pass         ; Inapplicable ; Inapplicable ; Inapplicable ; Inapplicable ; Inapplicable ; Pass      ; Inapplicable ; Inapplicable ;
; led_temp[5]        ; Pass      ; Inapplicable ; Pass      ; Inapplicable ; Inapplicable ; Pass      ; Pass      ; Inapplicable ; Pass      ; Pass      ; Inapplicable ; Pass         ; Inapplicable ; Inapplicable ; Inapplicable ; Inapplicable ; Pass         ; Inapplicable ; Inapplicable ; Inapplicable ; Inapplicable ; Pass         ; Inapplicable ; Inapplicable ; Inapplicable ; Inapplicable ; Inapplicable ; Pass      ; Inapplicable ; Inapplicable ;
; dht11              ; Pass      ; Inapplicable ; Pass      ; Inapplicable ; Inapplicable ; Pass      ; Pass      ; Inapplicable ; Pass      ; Pass      ; Inapplicable ; Pass         ; Inapplicable ; Inapplicable ; Pass         ; Inapplicable ; Pass         ; Pass         ; Inapplicable ; Inapplicable ; Pass         ; Pass         ; Inapplicable ; Inapplicable ; Inapplicable ; Inapplicable ; Inapplicable ; Pass      ; Inapplicable ; Inapplicable ;
; clk                ; Pass      ; Inapplicable ; Pass      ; Inapplicable ; Inapplicable ; Pass      ; Pass      ; Inapplicable ; Pass      ; Pass      ; Inapplicable ; Inapplicable ; Inapplicable ; Inapplicable ; Pass         ; Inapplicable ; Inapplicable ; Pass         ; Inapplicable ; Inapplicable ; Inapplicable ; Inapplicable ; Inapplicable ; Inapplicable ; Inapplicable ; Inapplicable ; Inapplicable ; Pass      ; Inapplicable ; Inapplicable ;
; rst_n              ; Pass      ; Inapplicable ; Pass      ; Inapplicable ; Inapplicable ; Pass      ; Pass      ; Inapplicable ; Pass      ; Pass      ; Inapplicable ; Inapplicable ; Inapplicable ; Inapplicable ; Pass         ; Inapplicable ; Inapplicable ; Pass         ; Inapplicable ; Inapplicable ; Inapplicable ; Inapplicable ; Inapplicable ; Inapplicable ; Inapplicable ; Inapplicable ; Inapplicable ; Pass      ; Inapplicable ; Inapplicable ;
+--------------------+-----------+--------------+-----------+--------------+--------------+-----------+-----------+--------------+-----------+-----------+--------------+--------------+--------------+--------------+--------------+--------------+--------------+--------------+--------------+--------------+--------------+--------------+--------------+--------------+--------------+--------------+--------------+-----------+--------------+--------------+


+---------------------------------------------------------------------------------------------+
; Fitter Device Options                                                                       ;
+------------------------------------------------------------------+--------------------------+
; Option                                                           ; Setting                  ;
+------------------------------------------------------------------+--------------------------+
; Enable user-supplied start-up clock (CLKUSR)                     ; Off                      ;
; Enable device-wide reset (DEV_CLRn)                              ; Off                      ;
; Enable device-wide output enable (DEV_OE)                        ; Off                      ;
; Enable INIT_DONE output                                          ; Off                      ;
; Configuration scheme                                             ; Active Serial            ;
; Error detection CRC                                              ; Off                      ;
; Enable open drain on CRC_ERROR pin                               ; Off                      ;
; Enable input tri-state on active configuration pins in user mode ; Off                      ;
; Configuration Voltage Level                                      ; Auto                     ;
; Force Configuration Voltage Level                                ; Off                      ;
; nCEO                                                             ; As output driving ground ;
; Data[0]                                                          ; As input tri-stated      ;
; Data[1]/ASDO                                                     ; As input tri-stated      ;
; Data[7..2]                                                       ; Unreserved               ;
; FLASH_nCE/nCSO                                                   ; As input tri-stated      ;
; Other Active Parallel pins                                       ; Unreserved               ;
; DCLK                                                             ; As output driving ground ;
; Base pin-out file on sameframe device                            ; Off                      ;
+------------------------------------------------------------------+--------------------------+


+------------------------------------+
; Operating Settings and Conditions  ;
+---------------------------+--------+
; Setting                   ; Value  ;
+---------------------------+--------+
; Nominal Core Voltage      ; 1.20 V ;
; Low Junction Temperature  ; 0 °C   ;
; High Junction Temperature ; 85 °C  ;
+---------------------------+--------+


+------------------------------------------------------------+
; Estimated Delay Added for Hold Timing Summary              ;
+-----------------+----------------------+-------------------+
; Source Clock(s) ; Destination Clock(s) ; Delay Added in ns ;
+-----------------+----------------------+-------------------+
; clk             ; clk                  ; 1.7               ;
+-----------------+----------------------+-------------------+
Note: For more information on problematic transfers, consider running the Fitter again with the Optimize hold timing option (Settings Menu) turned off.
This will disable optimization of problematic paths and expose them for further analysis using the TimeQuest Timing Analyzer.


+-------------------------------------------------------------------------------+
; Estimated Delay Added for Hold Timing Details                                 ;
+-------------------------------+---------------------------+-------------------+
; Source Register               ; Destination Register      ; Delay Added in ns ;
+-------------------------------+---------------------------+-------------------+
; Clock_1MHz:CLK1MHZ|clk_1M     ; Clock_1MHz:CLK1MHZ|clk_1M ; 1.744             ;
; Clock_1MHz:CLK1MHZ|clk_cnt[3] ; Clock_1MHz:CLK1MHZ|clk_1M ; 0.872             ;
; Clock_1MHz:CLK1MHZ|clk_cnt[4] ; Clock_1MHz:CLK1MHZ|clk_1M ; 0.872             ;
+-------------------------------+---------------------------+-------------------+
Note: This table only shows the top 3 path(s) that have the largest delay added for hold.


+-----------------+
; Fitter Messages ;
+-----------------+
Info (11104): Parallel Compilation has detected 12 hyper-threaded processors. However, the extra hyper-threaded processors will not be used by default. Parallel Compilation will use 6 of the 6 physical processors detected instead.
Info (119006): Selected device EP4CE22F17C6 for design "Top_Module"
Info (21077): Core supply voltage is 1.2V
Info (21077): Low junction temperature is 0 degrees C
Info (21077): High junction temperature is 85 degrees C
Info (171003): Fitter is performing an Auto Fit compilation, which may decrease Fitter effort to reduce compilation time
Warning (292013): Feature LogicLock is only available with a valid subscription license. You can purchase a software subscription to gain full access to this feature.
Info (176444): Device migration not selected. If you intend to use device migration later, you may need to change the pin assignments as they may be incompatible with other devices
    Info (176445): Device EP4CE10F17C6 is compatible
    Info (176445): Device EP4CE6F17C6 is compatible
    Info (176445): Device EP4CE15F17C6 is compatible
Info (169124): Fitter converted 5 user pins into dedicated programming pins
    Info (169125): Pin ~ALTERA_ASDO_DATA1~ is reserved at location C1
    Info (169125): Pin ~ALTERA_FLASH_nCE_nCSO~ is reserved at location D2
    Info (169125): Pin ~ALTERA_DCLK~ is reserved at location H1
    Info (169125): Pin ~ALTERA_DATA0~ is reserved at location H2
    Info (169125): Pin ~ALTERA_nCEO~ is reserved at location F16
Warning (15714): Some pins have incomplete I/O assignments. Refer to the I/O Assignment Warnings report for details
Critical Warning (332012): Synopsys Design Constraints File file not found: 'Top_Module.sdc'. A Synopsys Design Constraints File is required by the TimeQuest Timing Analyzer to get proper timing constraints. Without it, the Compiler will not properly optimize the design.
Info (332144): No user constrained base clocks found in the design
Info (332143): No user constrained clock uncertainty found in the design. Calling "derive_clock_uncertainty"
Info (332123): Deriving Clock Uncertainty. Please refer to report_sdc in TimeQuest to see clock uncertainties.
Info (332130): Timing requirements not specified -- quality metrics such as performance may be sacrificed to reduce compilation time.
Info (176353): Automatically promoted node clk~input (placed in PIN R8 (CLK15, DIFFCLK_6p))
    Info (176355): Automatically promoted destinations to use location or clock signal Global Clock CLKCTRL_G18
Info (176353): Automatically promoted node Clock_1MHz:CLK1MHZ|clk_1M 
    Info (176355): Automatically promoted destinations to use location or clock signal Global Clock
    Info (176356): Following destination nodes may be non-global or may not use global or regional clocks
        Info (176357): Destination node Clock_1MHz:CLK1MHZ|clk_1M~0
Info (176233): Starting register packing
Info (176235): Finished register packing
    Extra Info (176219): No registers were packed into other blocks
Info (171121): Fitter preparation operations ending: elapsed time is 00:00:01
Info (170189): Fitter placement preparation operations beginning
Info (170190): Fitter placement preparation operations ending: elapsed time is 00:00:00
Info (170191): Fitter placement operations beginning
Info (170137): Fitter placement was successful
Info (170192): Fitter placement operations ending: elapsed time is 00:00:01
Info (170193): Fitter routing operations beginning
Info (170195): Router estimated average interconnect usage is 0% of the available device resources
    Info (170196): Router estimated peak interconnect usage is 3% of the available device resources in the region that extends from location X32_Y23 to location X42_Y34
Info (170194): Fitter routing operations ending: elapsed time is 00:00:01
Info (170199): The Fitter performed an Auto Fit compilation.  Optimizations were skipped to reduce compilation time.
    Info (170201): Optimizations that may affect the design's routability were skipped
Info (11888): Total time spent on timing analysis during the Fitter is 0.08 seconds.
Info (334003): Started post-fitting delay annotation
Info (334004): Delay annotation completed successfully
Info (334003): Started post-fitting delay annotation
Info (334004): Delay annotation completed successfully
Info (11218): Fitter post-fit operations ending: elapsed time is 00:00:00
Info (144001): Generated suppressed messages file C:/altera/New12/New/output_files/Top_Module.fit.smsg
Info: Quartus II 64-Bit Fitter was successful. 0 errors, 3 warnings
    Info: Peak virtual memory: 5560 megabytes
    Info: Processing ended: Sat Mar 29 10:05:36 2025
    Info: Elapsed time: 00:00:06
    Info: Total CPU time (on all processors): 00:00:04


+----------------------------+
; Fitter Suppressed Messages ;
+----------------------------+
The suppressed messages can be found in C:/altera/New12/New/output_files/Top_Module.fit.smsg.


