TimeQuest Timing Analyzer report for Top_Module
Sat Mar 29 10:05:41 2025
Quartus II 64-Bit Version 13.1.0 Build 162 10/23/2013 SJ Web Edition


---------------------
; Table of Contents ;
---------------------
  1. Legal Notice
  2. TimeQuest Timing Analyzer Summary
  3. Parallel Compilation
  4. Clocks
  5. Slow 1200mV 85C Model Fmax Summary
  6. Timing Closure Recommendations
  7. Slow 1200mV 85C Model Setup Summary
  8. Slow 1200mV 85C Model Hold Summary
  9. Slow 1200mV 85C Model Recovery Summary
 10. Slow 1200mV 85C Model Removal Summary
 11. Slow 1200mV 85C Model Minimum Pulse Width Summary
 12. Slow 1200mV 85C Model Setup: 'clk'
 13. Slow 1200mV 85C Model Setup: 'Clock_1MHz:CLK1MHZ|clk_1M'
 14. Slow 1200mV 85C Model Hold: 'clk'
 15. Slow 1200mV 85C Model Hold: 'Clock_1MHz:CLK1MHZ|clk_1M'
 16. Slow 1200mV 85C Model Minimum Pulse Width: 'clk'
 17. Slow 1200mV 85C Model Minimum Pulse Width: 'Clock_1MHz:CLK1MHZ|clk_1M'
 18. Setup Times
 19. Hold Times
 20. Clock to Output Times
 21. Minimum Clock to Output Times
 22. Slow 1200mV 85C Model Metastability Report
 23. Slow 1200mV 0C Model Fmax Summary
 24. Slow 1200mV 0C Model Setup Summary
 25. Slow 1200mV 0C Model Hold Summary
 26. Slow 1200mV 0C Model Recovery Summary
 27. Slow 1200mV 0C Model Removal Summary
 28. Slow 1200mV 0C Model Minimum Pulse Width Summary
 29. Slow 1200mV 0C Model Setup: 'clk'
 30. Slow 1200mV 0C Model Setup: 'Clock_1MHz:CLK1MHZ|clk_1M'
 31. Slow 1200mV 0C Model Hold: 'clk'
 32. Slow 1200mV 0C Model Hold: 'Clock_1MHz:CLK1MHZ|clk_1M'
 33. Slow 1200mV 0C Model Minimum Pulse Width: 'clk'
 34. Slow 1200mV 0C Model Minimum Pulse Width: 'Clock_1MHz:CLK1MHZ|clk_1M'
 35. Setup Times
 36. Hold Times
 37. Clock to Output Times
 38. Minimum Clock to Output Times
 39. Slow 1200mV 0C Model Metastability Report
 40. Fast 1200mV 0C Model Setup Summary
 41. Fast 1200mV 0C Model Hold Summary
 42. Fast 1200mV 0C Model Recovery Summary
 43. Fast 1200mV 0C Model Removal Summary
 44. Fast 1200mV 0C Model Minimum Pulse Width Summary
 45. Fast 1200mV 0C Model Setup: 'clk'
 46. Fast 1200mV 0C Model Setup: 'Clock_1MHz:CLK1MHZ|clk_1M'
 47. Fast 1200mV 0C Model Hold: 'clk'
 48. Fast 1200mV 0C Model Hold: 'Clock_1MHz:CLK1MHZ|clk_1M'
 49. Fast 1200mV 0C Model Minimum Pulse Width: 'clk'
 50. Fast 1200mV 0C Model Minimum Pulse Width: 'Clock_1MHz:CLK1MHZ|clk_1M'
 51. Setup Times
 52. Hold Times
 53. Clock to Output Times
 54. Minimum Clock to Output Times
 55. Fast 1200mV 0C Model Metastability Report
 56. Multicorner Timing Analysis Summary
 57. Setup Times
 58. Hold Times
 59. Clock to Output Times
 60. Minimum Clock to Output Times
 61. Board Trace Model Assignments
 62. Input Transition Times
 63. Signal Integrity Metrics (Slow 1200mv 0c Model)
 64. Signal Integrity Metrics (Slow 1200mv 85c Model)
 65. Signal Integrity Metrics (Fast 1200mv 0c Model)
 66. Setup Transfers
 67. Hold Transfers
 68. Report TCCS
 69. Report RSKM
 70. Unconstrained Paths
 71. TimeQuest Timing Analyzer Messages



----------------
; Legal Notice ;
----------------
Copyright (C) 1991-2013 Altera Corporation
Your use of Altera Corporation's design tools, logic functions 
and other software and tools, and its AMPP partner logic 
functions, and any output files from any of the foregoing 
(including device programming or simulation files), and any 
associated documentation or information are expressly subject 
to the terms and conditions of the Altera Program License 
Subscription Agreement, Altera MegaCore Function License 
Agreement, or other applicable license agreement, including, 
without limitation, that your use is for the sole purpose of 
programming logic devices manufactured by Altera and sold by 
Altera or its authorized distributors.  Please refer to the 
applicable agreement for further details.



+-------------------------------------------------------------------------+
; TimeQuest Timing Analyzer Summary                                       ;
+--------------------+----------------------------------------------------+
; Quartus II Version ; Version 13.1.0 Build 162 10/23/2013 SJ Web Edition ;
; Revision Name      ; Top_Module                                         ;
; Device Family      ; Cyclone IV E                                       ;
; Device Name        ; EP4CE22F17C6                                       ;
; Timing Models      ; Final                                              ;
; Delay Model        ; Combined                                           ;
; Rise/Fall Delays   ; Enabled                                            ;
+--------------------+----------------------------------------------------+


+------------------------------------------+
; Parallel Compilation                     ;
+----------------------------+-------------+
; Processors                 ; Number      ;
+----------------------------+-------------+
; Number detected on machine ; 12          ;
; Maximum allowed            ; 6           ;
;                            ;             ;
; Average used               ; 1.00        ;
; Maximum used               ; 6           ;
;                            ;             ;
; Usage by Processor         ; % Time Used ;
;     Processor 1            ; 100.0%      ;
;     Processors 2-6         ; < 0.1%      ;
;     Processors 7-12        ;   0.0%      ;
+----------------------------+-------------+


+----------------------------------------------------------------------------------------------------------------------------------------------------------------------------------------------------------------------+
; Clocks                                                                                                                                                                                                               ;
+---------------------------+------+--------+------------+-------+-------+------------+-----------+-------------+-------+--------+-----------+------------+----------+--------+--------+-------------------------------+
; Clock Name                ; Type ; Period ; Frequency  ; Rise  ; Fall  ; Duty Cycle ; Divide by ; Multiply by ; Phase ; Offset ; Edge List ; Edge Shift ; Inverted ; Master ; Source ; Targets                       ;
+---------------------------+------+--------+------------+-------+-------+------------+-----------+-------------+-------+--------+-----------+------------+----------+--------+--------+-------------------------------+
; clk                       ; Base ; 1.000  ; 1000.0 MHz ; 0.000 ; 0.500 ;            ;           ;             ;       ;        ;           ;            ;          ;        ;        ; { clk }                       ;
; Clock_1MHz:CLK1MHZ|clk_1M ; Base ; 1.000  ; 1000.0 MHz ; 0.000 ; 0.500 ;            ;           ;             ;       ;        ;           ;            ;          ;        ;        ; { Clock_1MHz:CLK1MHZ|clk_1M } ;
+---------------------------+------+--------+------------+-------+-------+------------+-----------+-------------+-------+--------+-----------+------------+----------+--------+--------+-------------------------------+


+-----------------------------------------------------------------+
; Slow 1200mV 85C Model Fmax Summary                              ;
+------------+-----------------+---------------------------+------+
; Fmax       ; Restricted Fmax ; Clock Name                ; Note ;
+------------+-----------------+---------------------------+------+
; 176.8 MHz  ; 176.8 MHz       ; Clock_1MHz:CLK1MHZ|clk_1M ;      ;
; 230.31 MHz ; 230.31 MHz      ; clk                       ;      ;
+------------+-----------------+---------------------------+------+
This panel reports FMAX for every clock in the design, regardless of the user-specified clock periods.  FMAX is only computed for paths where the source and destination registers or ports are driven by the same clock.  Paths of different clocks, including generated clocks, are ignored.  For paths between a clock and its inversion, FMAX is computed as if the rising and falling edges are scaled along with FMAX, such that the duty cycle (in terms of a percentage) is maintained. Altera recommends that you always use clock constraints and other slack reports for sign-off analysis.


----------------------------------
; Timing Closure Recommendations ;
----------------------------------
HTML report is unavailable in plain text report export.


+----------------------------------------------------+
; Slow 1200mV 85C Model Setup Summary                ;
+---------------------------+--------+---------------+
; Clock                     ; Slack  ; End Point TNS ;
+---------------------------+--------+---------------+
; clk                       ; -9.314 ; -306.290      ;
; Clock_1MHz:CLK1MHZ|clk_1M ; -4.656 ; -291.262      ;
+---------------------------+--------+---------------+


+----------------------------------------------------+
; Slow 1200mV 85C Model Hold Summary                 ;
+---------------------------+--------+---------------+
; Clock                     ; Slack  ; End Point TNS ;
+---------------------------+--------+---------------+
; clk                       ; -0.141 ; -0.141        ;
; Clock_1MHz:CLK1MHZ|clk_1M ; 0.356  ; 0.000         ;
+---------------------------+--------+---------------+


------------------------------------------
; Slow 1200mV 85C Model Recovery Summary ;
------------------------------------------
No paths to report.


-----------------------------------------
; Slow 1200mV 85C Model Removal Summary ;
-----------------------------------------
No paths to report.


+----------------------------------------------------+
; Slow 1200mV 85C Model Minimum Pulse Width Summary  ;
+---------------------------+--------+---------------+
; Clock                     ; Slack  ; End Point TNS ;
+---------------------------+--------+---------------+
; clk                       ; -3.000 ; -100.000      ;
; Clock_1MHz:CLK1MHZ|clk_1M ; -1.000 ; -118.000      ;
+---------------------------+--------+---------------+


+------------------------------------------------------------------------------------------------------------------------------------------------------------------------------------+
; Slow 1200mV 85C Model Setup: 'clk'                                                                                                                                                 ;
+--------+--------------------------------------------+-------------------------------------------+---------------------------+-------------+--------------+------------+------------+
; Slack  ; From Node                                  ; To Node                                   ; Launch Clock              ; Latch Clock ; Relationship ; Clock Skew ; Data Delay ;
+--------+--------------------------------------------+-------------------------------------------+---------------------------+-------------+--------------+------------+------------+
; -9.314 ; DHT11_Controller:dht11_ctrl|data_valid[22] ; LCD_Controller:lcd_ctrl|char_array[28][3] ; Clock_1MHz:CLK1MHZ|clk_1M ; clk         ; 1.000        ; -0.065     ; 10.234     ;
; -9.281 ; DHT11_Controller:dht11_ctrl|data_valid[21] ; LCD_Controller:lcd_ctrl|char_array[28][3] ; Clock_1MHz:CLK1MHZ|clk_1M ; clk         ; 1.000        ; -0.066     ; 10.200     ;
; -9.215 ; DHT11_Controller:dht11_ctrl|data_valid[22] ; LCD_Controller:lcd_ctrl|char_array[28][2] ; Clock_1MHz:CLK1MHZ|clk_1M ; clk         ; 1.000        ; -0.065     ; 10.135     ;
; -9.182 ; DHT11_Controller:dht11_ctrl|data_valid[21] ; LCD_Controller:lcd_ctrl|char_array[28][2] ; Clock_1MHz:CLK1MHZ|clk_1M ; clk         ; 1.000        ; -0.066     ; 10.101     ;
; -9.145 ; DHT11_Controller:dht11_ctrl|data_valid[22] ; LCD_Controller:lcd_ctrl|char_array[28][1] ; Clock_1MHz:CLK1MHZ|clk_1M ; clk         ; 1.000        ; -0.065     ; 10.065     ;
; -9.120 ; DHT11_Controller:dht11_ctrl|data_valid[23] ; LCD_Controller:lcd_ctrl|char_array[28][3] ; Clock_1MHz:CLK1MHZ|clk_1M ; clk         ; 1.000        ; -0.066     ; 10.039     ;
; -9.112 ; DHT11_Controller:dht11_ctrl|data_valid[21] ; LCD_Controller:lcd_ctrl|char_array[28][1] ; Clock_1MHz:CLK1MHZ|clk_1M ; clk         ; 1.000        ; -0.066     ; 10.031     ;
; -9.021 ; DHT11_Controller:dht11_ctrl|data_valid[23] ; LCD_Controller:lcd_ctrl|char_array[28][2] ; Clock_1MHz:CLK1MHZ|clk_1M ; clk         ; 1.000        ; -0.066     ; 9.940      ;
; -8.960 ; DHT11_Controller:dht11_ctrl|data_valid[29] ; LCD_Controller:lcd_ctrl|char_array[25][1] ; Clock_1MHz:CLK1MHZ|clk_1M ; clk         ; 1.000        ; -0.049     ; 9.896      ;
; -8.960 ; DHT11_Controller:dht11_ctrl|data_valid[29] ; LCD_Controller:lcd_ctrl|char_array[25][3] ; Clock_1MHz:CLK1MHZ|clk_1M ; clk         ; 1.000        ; -0.049     ; 9.896      ;
; -8.957 ; DHT11_Controller:dht11_ctrl|data_valid[29] ; LCD_Controller:lcd_ctrl|char_array[25][2] ; Clock_1MHz:CLK1MHZ|clk_1M ; clk         ; 1.000        ; -0.049     ; 9.893      ;
; -8.951 ; DHT11_Controller:dht11_ctrl|data_valid[23] ; LCD_Controller:lcd_ctrl|char_array[28][1] ; Clock_1MHz:CLK1MHZ|clk_1M ; clk         ; 1.000        ; -0.066     ; 9.870      ;
; -8.949 ; DHT11_Controller:dht11_ctrl|data_valid[5]  ; LCD_Controller:lcd_ctrl|char_array[14][2] ; Clock_1MHz:CLK1MHZ|clk_1M ; clk         ; 1.000        ; -0.012     ; 9.922      ;
; -8.895 ; DHT11_Controller:dht11_ctrl|data_valid[30] ; LCD_Controller:lcd_ctrl|char_array[25][1] ; Clock_1MHz:CLK1MHZ|clk_1M ; clk         ; 1.000        ; -0.049     ; 9.831      ;
; -8.895 ; DHT11_Controller:dht11_ctrl|data_valid[30] ; LCD_Controller:lcd_ctrl|char_array[25][3] ; Clock_1MHz:CLK1MHZ|clk_1M ; clk         ; 1.000        ; -0.049     ; 9.831      ;
; -8.892 ; DHT11_Controller:dht11_ctrl|data_valid[30] ; LCD_Controller:lcd_ctrl|char_array[25][2] ; Clock_1MHz:CLK1MHZ|clk_1M ; clk         ; 1.000        ; -0.049     ; 9.828      ;
; -8.842 ; DHT11_Controller:dht11_ctrl|data_valid[7]  ; LCD_Controller:lcd_ctrl|char_array[14][2] ; Clock_1MHz:CLK1MHZ|clk_1M ; clk         ; 1.000        ; -0.013     ; 9.814      ;
; -8.839 ; DHT11_Controller:dht11_ctrl|data_valid[31] ; LCD_Controller:lcd_ctrl|char_array[25][1] ; Clock_1MHz:CLK1MHZ|clk_1M ; clk         ; 1.000        ; -0.049     ; 9.775      ;
; -8.839 ; DHT11_Controller:dht11_ctrl|data_valid[31] ; LCD_Controller:lcd_ctrl|char_array[25][3] ; Clock_1MHz:CLK1MHZ|clk_1M ; clk         ; 1.000        ; -0.049     ; 9.775      ;
; -8.836 ; DHT11_Controller:dht11_ctrl|data_valid[31] ; LCD_Controller:lcd_ctrl|char_array[25][2] ; Clock_1MHz:CLK1MHZ|clk_1M ; clk         ; 1.000        ; -0.049     ; 9.772      ;
; -8.825 ; DHT11_Controller:dht11_ctrl|data_valid[6]  ; LCD_Controller:lcd_ctrl|char_array[14][2] ; Clock_1MHz:CLK1MHZ|clk_1M ; clk         ; 1.000        ; -0.012     ; 9.798      ;
; -8.780 ; DHT11_Controller:dht11_ctrl|data_valid[5]  ; LCD_Controller:lcd_ctrl|char_array[14][1] ; Clock_1MHz:CLK1MHZ|clk_1M ; clk         ; 1.000        ; -0.012     ; 9.753      ;
; -8.779 ; DHT11_Controller:dht11_ctrl|data_valid[5]  ; LCD_Controller:lcd_ctrl|char_array[14][3] ; Clock_1MHz:CLK1MHZ|clk_1M ; clk         ; 1.000        ; -0.012     ; 9.752      ;
; -8.763 ; DHT11_Controller:dht11_ctrl|data_valid[30] ; LCD_Controller:lcd_ctrl|char_array[24][0] ; Clock_1MHz:CLK1MHZ|clk_1M ; clk         ; 1.000        ; -0.039     ; 9.709      ;
; -8.723 ; DHT11_Controller:dht11_ctrl|data_valid[22] ; LCD_Controller:lcd_ctrl|char_array[27][0] ; Clock_1MHz:CLK1MHZ|clk_1M ; clk         ; 1.000        ; -0.043     ; 9.665      ;
; -8.717 ; DHT11_Controller:dht11_ctrl|data_valid[21] ; LCD_Controller:lcd_ctrl|char_array[27][0] ; Clock_1MHz:CLK1MHZ|clk_1M ; clk         ; 1.000        ; -0.044     ; 9.658      ;
; -8.673 ; DHT11_Controller:dht11_ctrl|data_valid[7]  ; LCD_Controller:lcd_ctrl|char_array[14][1] ; Clock_1MHz:CLK1MHZ|clk_1M ; clk         ; 1.000        ; -0.013     ; 9.645      ;
; -8.672 ; DHT11_Controller:dht11_ctrl|data_valid[7]  ; LCD_Controller:lcd_ctrl|char_array[14][3] ; Clock_1MHz:CLK1MHZ|clk_1M ; clk         ; 1.000        ; -0.013     ; 9.644      ;
; -8.656 ; DHT11_Controller:dht11_ctrl|data_valid[6]  ; LCD_Controller:lcd_ctrl|char_array[14][1] ; Clock_1MHz:CLK1MHZ|clk_1M ; clk         ; 1.000        ; -0.012     ; 9.629      ;
; -8.655 ; DHT11_Controller:dht11_ctrl|data_valid[6]  ; LCD_Controller:lcd_ctrl|char_array[14][3] ; Clock_1MHz:CLK1MHZ|clk_1M ; clk         ; 1.000        ; -0.012     ; 9.628      ;
; -8.642 ; DHT11_Controller:dht11_ctrl|data_valid[6]  ; LCD_Controller:lcd_ctrl|char_array[13][0] ; Clock_1MHz:CLK1MHZ|clk_1M ; clk         ; 1.000        ; -0.032     ; 9.595      ;
; -8.635 ; DHT11_Controller:dht11_ctrl|data_valid[5]  ; LCD_Controller:lcd_ctrl|char_array[13][0] ; Clock_1MHz:CLK1MHZ|clk_1M ; clk         ; 1.000        ; -0.032     ; 9.588      ;
; -8.615 ; DHT11_Controller:dht11_ctrl|data_valid[23] ; LCD_Controller:lcd_ctrl|char_array[27][0] ; Clock_1MHz:CLK1MHZ|clk_1M ; clk         ; 1.000        ; -0.044     ; 9.556      ;
; -8.577 ; DHT11_Controller:dht11_ctrl|data_valid[31] ; LCD_Controller:lcd_ctrl|char_array[24][0] ; Clock_1MHz:CLK1MHZ|clk_1M ; clk         ; 1.000        ; -0.039     ; 9.523      ;
; -8.549 ; DHT11_Controller:dht11_ctrl|data_valid[13] ; LCD_Controller:lcd_ctrl|char_array[11][2] ; Clock_1MHz:CLK1MHZ|clk_1M ; clk         ; 1.000        ; -0.045     ; 9.489      ;
; -8.533 ; DHT11_Controller:dht11_ctrl|data_valid[29] ; LCD_Controller:lcd_ctrl|char_array[24][0] ; Clock_1MHz:CLK1MHZ|clk_1M ; clk         ; 1.000        ; -0.039     ; 9.479      ;
; -8.508 ; DHT11_Controller:dht11_ctrl|data_valid[13] ; LCD_Controller:lcd_ctrl|char_array[10][0] ; Clock_1MHz:CLK1MHZ|clk_1M ; clk         ; 1.000        ; -0.044     ; 9.449      ;
; -8.502 ; DHT11_Controller:dht11_ctrl|data_valid[7]  ; LCD_Controller:lcd_ctrl|char_array[13][0] ; Clock_1MHz:CLK1MHZ|clk_1M ; clk         ; 1.000        ; -0.033     ; 9.454      ;
; -8.502 ; DHT11_Controller:dht11_ctrl|data_valid[14] ; LCD_Controller:lcd_ctrl|char_array[11][2] ; Clock_1MHz:CLK1MHZ|clk_1M ; clk         ; 1.000        ; -0.045     ; 9.442      ;
; -8.460 ; DHT11_Controller:dht11_ctrl|data_valid[13] ; LCD_Controller:lcd_ctrl|char_array[11][3] ; Clock_1MHz:CLK1MHZ|clk_1M ; clk         ; 1.000        ; -0.045     ; 9.400      ;
; -8.456 ; DHT11_Controller:dht11_ctrl|data_valid[13] ; LCD_Controller:lcd_ctrl|char_array[11][1] ; Clock_1MHz:CLK1MHZ|clk_1M ; clk         ; 1.000        ; -0.045     ; 9.396      ;
; -8.424 ; DHT11_Controller:dht11_ctrl|data_valid[14] ; LCD_Controller:lcd_ctrl|char_array[10][0] ; Clock_1MHz:CLK1MHZ|clk_1M ; clk         ; 1.000        ; -0.044     ; 9.365      ;
; -8.413 ; DHT11_Controller:dht11_ctrl|data_valid[14] ; LCD_Controller:lcd_ctrl|char_array[11][3] ; Clock_1MHz:CLK1MHZ|clk_1M ; clk         ; 1.000        ; -0.045     ; 9.353      ;
; -8.409 ; DHT11_Controller:dht11_ctrl|data_valid[14] ; LCD_Controller:lcd_ctrl|char_array[11][1] ; Clock_1MHz:CLK1MHZ|clk_1M ; clk         ; 1.000        ; -0.045     ; 9.349      ;
; -8.388 ; DHT11_Controller:dht11_ctrl|data_valid[15] ; LCD_Controller:lcd_ctrl|char_array[10][0] ; Clock_1MHz:CLK1MHZ|clk_1M ; clk         ; 1.000        ; -0.044     ; 9.329      ;
; -8.376 ; DHT11_Controller:dht11_ctrl|data_valid[15] ; LCD_Controller:lcd_ctrl|char_array[11][2] ; Clock_1MHz:CLK1MHZ|clk_1M ; clk         ; 1.000        ; -0.045     ; 9.316      ;
; -8.287 ; DHT11_Controller:dht11_ctrl|data_valid[15] ; LCD_Controller:lcd_ctrl|char_array[11][3] ; Clock_1MHz:CLK1MHZ|clk_1M ; clk         ; 1.000        ; -0.045     ; 9.227      ;
; -8.283 ; DHT11_Controller:dht11_ctrl|data_valid[15] ; LCD_Controller:lcd_ctrl|char_array[11][1] ; Clock_1MHz:CLK1MHZ|clk_1M ; clk         ; 1.000        ; -0.045     ; 9.223      ;
; -8.028 ; DHT11_Controller:dht11_ctrl|data_valid[12] ; LCD_Controller:lcd_ctrl|char_array[11][2] ; Clock_1MHz:CLK1MHZ|clk_1M ; clk         ; 1.000        ; -0.405     ; 8.608      ;
; -7.939 ; DHT11_Controller:dht11_ctrl|data_valid[12] ; LCD_Controller:lcd_ctrl|char_array[11][3] ; Clock_1MHz:CLK1MHZ|clk_1M ; clk         ; 1.000        ; -0.405     ; 8.519      ;
; -7.935 ; DHT11_Controller:dht11_ctrl|data_valid[12] ; LCD_Controller:lcd_ctrl|char_array[11][1] ; Clock_1MHz:CLK1MHZ|clk_1M ; clk         ; 1.000        ; -0.405     ; 8.515      ;
; -7.856 ; DHT11_Controller:dht11_ctrl|data_valid[20] ; LCD_Controller:lcd_ctrl|char_array[28][3] ; Clock_1MHz:CLK1MHZ|clk_1M ; clk         ; 1.000        ; -0.066     ; 8.775      ;
; -7.851 ; DHT11_Controller:dht11_ctrl|data_valid[12] ; LCD_Controller:lcd_ctrl|char_array[10][0] ; Clock_1MHz:CLK1MHZ|clk_1M ; clk         ; 1.000        ; -0.404     ; 8.432      ;
; -7.757 ; DHT11_Controller:dht11_ctrl|data_valid[20] ; LCD_Controller:lcd_ctrl|char_array[28][2] ; Clock_1MHz:CLK1MHZ|clk_1M ; clk         ; 1.000        ; -0.066     ; 8.676      ;
; -7.755 ; DHT11_Controller:dht11_ctrl|data_valid[4]  ; LCD_Controller:lcd_ctrl|char_array[14][2] ; Clock_1MHz:CLK1MHZ|clk_1M ; clk         ; 1.000        ; -0.013     ; 8.727      ;
; -7.747 ; DHT11_Controller:dht11_ctrl|data_valid[22] ; LCD_Controller:lcd_ctrl|char_array[27][1] ; Clock_1MHz:CLK1MHZ|clk_1M ; clk         ; 1.000        ; -0.394     ; 8.338      ;
; -7.711 ; DHT11_Controller:dht11_ctrl|data_valid[21] ; LCD_Controller:lcd_ctrl|char_array[27][1] ; Clock_1MHz:CLK1MHZ|clk_1M ; clk         ; 1.000        ; -0.395     ; 8.301      ;
; -7.687 ; DHT11_Controller:dht11_ctrl|data_valid[20] ; LCD_Controller:lcd_ctrl|char_array[28][1] ; Clock_1MHz:CLK1MHZ|clk_1M ; clk         ; 1.000        ; -0.066     ; 8.606      ;
; -7.623 ; DHT11_Controller:dht11_ctrl|data_valid[6]  ; LCD_Controller:lcd_ctrl|char_array[13][1] ; Clock_1MHz:CLK1MHZ|clk_1M ; clk         ; 1.000        ; -0.384     ; 8.224      ;
; -7.615 ; DHT11_Controller:dht11_ctrl|data_valid[5]  ; LCD_Controller:lcd_ctrl|char_array[13][1] ; Clock_1MHz:CLK1MHZ|clk_1M ; clk         ; 1.000        ; -0.384     ; 8.216      ;
; -7.609 ; DHT11_Controller:dht11_ctrl|data_valid[23] ; LCD_Controller:lcd_ctrl|char_array[27][1] ; Clock_1MHz:CLK1MHZ|clk_1M ; clk         ; 1.000        ; -0.395     ; 8.199      ;
; -7.586 ; DHT11_Controller:dht11_ctrl|data_valid[4]  ; LCD_Controller:lcd_ctrl|char_array[14][1] ; Clock_1MHz:CLK1MHZ|clk_1M ; clk         ; 1.000        ; -0.013     ; 8.558      ;
; -7.585 ; DHT11_Controller:dht11_ctrl|data_valid[4]  ; LCD_Controller:lcd_ctrl|char_array[14][3] ; Clock_1MHz:CLK1MHZ|clk_1M ; clk         ; 1.000        ; -0.013     ; 8.557      ;
; -7.563 ; DHT11_Controller:dht11_ctrl|data_valid[28] ; LCD_Controller:lcd_ctrl|char_array[25][1] ; Clock_1MHz:CLK1MHZ|clk_1M ; clk         ; 1.000        ; -0.044     ; 8.504      ;
; -7.563 ; DHT11_Controller:dht11_ctrl|data_valid[28] ; LCD_Controller:lcd_ctrl|char_array[25][3] ; Clock_1MHz:CLK1MHZ|clk_1M ; clk         ; 1.000        ; -0.044     ; 8.504      ;
; -7.560 ; DHT11_Controller:dht11_ctrl|data_valid[28] ; LCD_Controller:lcd_ctrl|char_array[25][2] ; Clock_1MHz:CLK1MHZ|clk_1M ; clk         ; 1.000        ; -0.044     ; 8.501      ;
; -7.560 ; DHT11_Controller:dht11_ctrl|data_valid[20] ; LCD_Controller:lcd_ctrl|char_array[27][0] ; Clock_1MHz:CLK1MHZ|clk_1M ; clk         ; 1.000        ; -0.044     ; 8.501      ;
; -7.520 ; DHT11_Controller:dht11_ctrl|data_valid[28] ; LCD_Controller:lcd_ctrl|char_array[24][0] ; Clock_1MHz:CLK1MHZ|clk_1M ; clk         ; 1.000        ; -0.034     ; 8.471      ;
; -7.492 ; DHT11_Controller:dht11_ctrl|data_valid[13] ; LCD_Controller:lcd_ctrl|char_array[10][1] ; Clock_1MHz:CLK1MHZ|clk_1M ; clk         ; 1.000        ; -0.395     ; 8.082      ;
; -7.482 ; DHT11_Controller:dht11_ctrl|data_valid[7]  ; LCD_Controller:lcd_ctrl|char_array[13][1] ; Clock_1MHz:CLK1MHZ|clk_1M ; clk         ; 1.000        ; -0.385     ; 8.082      ;
; -7.417 ; DHT11_Controller:dht11_ctrl|data_valid[30] ; LCD_Controller:lcd_ctrl|char_array[24][1] ; Clock_1MHz:CLK1MHZ|clk_1M ; clk         ; 1.000        ; -0.039     ; 8.363      ;
; -7.408 ; DHT11_Controller:dht11_ctrl|data_valid[14] ; LCD_Controller:lcd_ctrl|char_array[10][1] ; Clock_1MHz:CLK1MHZ|clk_1M ; clk         ; 1.000        ; -0.395     ; 7.998      ;
; -7.372 ; DHT11_Controller:dht11_ctrl|data_valid[15] ; LCD_Controller:lcd_ctrl|char_array[10][1] ; Clock_1MHz:CLK1MHZ|clk_1M ; clk         ; 1.000        ; -0.395     ; 7.962      ;
; -7.296 ; DHT11_Controller:dht11_ctrl|data_valid[4]  ; LCD_Controller:lcd_ctrl|char_array[13][0] ; Clock_1MHz:CLK1MHZ|clk_1M ; clk         ; 1.000        ; -0.033     ; 8.248      ;
; -7.231 ; DHT11_Controller:dht11_ctrl|data_valid[31] ; LCD_Controller:lcd_ctrl|char_array[24][1] ; Clock_1MHz:CLK1MHZ|clk_1M ; clk         ; 1.000        ; -0.039     ; 8.177      ;
; -7.187 ; DHT11_Controller:dht11_ctrl|data_valid[29] ; LCD_Controller:lcd_ctrl|char_array[24][1] ; Clock_1MHz:CLK1MHZ|clk_1M ; clk         ; 1.000        ; -0.039     ; 8.133      ;
; -6.878 ; DHT11_Controller:dht11_ctrl|data_valid[13] ; LCD_Controller:lcd_ctrl|char_array[10][2] ; Clock_1MHz:CLK1MHZ|clk_1M ; clk         ; 1.000        ; -0.392     ; 7.471      ;
; -6.835 ; DHT11_Controller:dht11_ctrl|data_valid[12] ; LCD_Controller:lcd_ctrl|char_array[10][1] ; Clock_1MHz:CLK1MHZ|clk_1M ; clk         ; 1.000        ; -0.755     ; 7.065      ;
; -6.794 ; DHT11_Controller:dht11_ctrl|data_valid[14] ; LCD_Controller:lcd_ctrl|char_array[10][2] ; Clock_1MHz:CLK1MHZ|clk_1M ; clk         ; 1.000        ; -0.392     ; 7.387      ;
; -6.758 ; DHT11_Controller:dht11_ctrl|data_valid[15] ; LCD_Controller:lcd_ctrl|char_array[10][2] ; Clock_1MHz:CLK1MHZ|clk_1M ; clk         ; 1.000        ; -0.392     ; 7.351      ;
; -6.554 ; DHT11_Controller:dht11_ctrl|data_valid[20] ; LCD_Controller:lcd_ctrl|char_array[27][1] ; Clock_1MHz:CLK1MHZ|clk_1M ; clk         ; 1.000        ; -0.395     ; 7.144      ;
; -6.433 ; DHT11_Controller:dht11_ctrl|data_valid[3]  ; LCD_Controller:lcd_ctrl|char_array[14][2] ; Clock_1MHz:CLK1MHZ|clk_1M ; clk         ; 1.000        ; -0.382     ; 7.036      ;
; -6.276 ; DHT11_Controller:dht11_ctrl|data_valid[4]  ; LCD_Controller:lcd_ctrl|char_array[13][1] ; Clock_1MHz:CLK1MHZ|clk_1M ; clk         ; 1.000        ; -0.385     ; 6.876      ;
; -6.264 ; DHT11_Controller:dht11_ctrl|data_valid[3]  ; LCD_Controller:lcd_ctrl|char_array[14][1] ; Clock_1MHz:CLK1MHZ|clk_1M ; clk         ; 1.000        ; -0.382     ; 6.867      ;
; -6.263 ; DHT11_Controller:dht11_ctrl|data_valid[3]  ; LCD_Controller:lcd_ctrl|char_array[14][3] ; Clock_1MHz:CLK1MHZ|clk_1M ; clk         ; 1.000        ; -0.382     ; 6.866      ;
; -6.251 ; DHT11_Controller:dht11_ctrl|data_valid[11] ; LCD_Controller:lcd_ctrl|char_array[11][2] ; Clock_1MHz:CLK1MHZ|clk_1M ; clk         ; 1.000        ; -0.423     ; 6.813      ;
; -6.221 ; DHT11_Controller:dht11_ctrl|data_valid[12] ; LCD_Controller:lcd_ctrl|char_array[10][2] ; Clock_1MHz:CLK1MHZ|clk_1M ; clk         ; 1.000        ; -0.752     ; 6.454      ;
; -6.208 ; DHT11_Controller:dht11_ctrl|data_valid[19] ; LCD_Controller:lcd_ctrl|char_array[28][3] ; Clock_1MHz:CLK1MHZ|clk_1M ; clk         ; 1.000        ; -0.066     ; 7.127      ;
; -6.174 ; DHT11_Controller:dht11_ctrl|data_valid[28] ; LCD_Controller:lcd_ctrl|char_array[24][1] ; Clock_1MHz:CLK1MHZ|clk_1M ; clk         ; 1.000        ; -0.034     ; 7.125      ;
; -6.162 ; DHT11_Controller:dht11_ctrl|data_valid[11] ; LCD_Controller:lcd_ctrl|char_array[11][3] ; Clock_1MHz:CLK1MHZ|clk_1M ; clk         ; 1.000        ; -0.423     ; 6.724      ;
; -6.159 ; DHT11_Controller:dht11_ctrl|data_valid[30] ; LCD_Controller:lcd_ctrl|char_array[24][2] ; Clock_1MHz:CLK1MHZ|clk_1M ; clk         ; 1.000        ; -0.393     ; 6.751      ;
; -6.158 ; DHT11_Controller:dht11_ctrl|data_valid[11] ; LCD_Controller:lcd_ctrl|char_array[11][1] ; Clock_1MHz:CLK1MHZ|clk_1M ; clk         ; 1.000        ; -0.423     ; 6.720      ;
; -6.147 ; DHT11_Controller:dht11_ctrl|data_valid[27] ; LCD_Controller:lcd_ctrl|char_array[25][1] ; Clock_1MHz:CLK1MHZ|clk_1M ; clk         ; 1.000        ; -0.044     ; 7.088      ;
; -6.147 ; DHT11_Controller:dht11_ctrl|data_valid[27] ; LCD_Controller:lcd_ctrl|char_array[25][3] ; Clock_1MHz:CLK1MHZ|clk_1M ; clk         ; 1.000        ; -0.044     ; 7.088      ;
; -6.144 ; DHT11_Controller:dht11_ctrl|data_valid[27] ; LCD_Controller:lcd_ctrl|char_array[25][2] ; Clock_1MHz:CLK1MHZ|clk_1M ; clk         ; 1.000        ; -0.044     ; 7.085      ;
; -6.109 ; DHT11_Controller:dht11_ctrl|data_valid[19] ; LCD_Controller:lcd_ctrl|char_array[28][2] ; Clock_1MHz:CLK1MHZ|clk_1M ; clk         ; 1.000        ; -0.066     ; 7.028      ;
; -6.039 ; DHT11_Controller:dht11_ctrl|data_valid[19] ; LCD_Controller:lcd_ctrl|char_array[28][1] ; Clock_1MHz:CLK1MHZ|clk_1M ; clk         ; 1.000        ; -0.066     ; 6.958      ;
; -5.977 ; DHT11_Controller:dht11_ctrl|data_valid[3]  ; LCD_Controller:lcd_ctrl|char_array[13][0] ; Clock_1MHz:CLK1MHZ|clk_1M ; clk         ; 1.000        ; -0.402     ; 6.560      ;
; -5.973 ; DHT11_Controller:dht11_ctrl|data_valid[31] ; LCD_Controller:lcd_ctrl|char_array[24][2] ; Clock_1MHz:CLK1MHZ|clk_1M ; clk         ; 1.000        ; -0.393     ; 6.565      ;
; -5.929 ; DHT11_Controller:dht11_ctrl|data_valid[29] ; LCD_Controller:lcd_ctrl|char_array[24][2] ; Clock_1MHz:CLK1MHZ|clk_1M ; clk         ; 1.000        ; -0.393     ; 6.521      ;
+--------+--------------------------------------------+-------------------------------------------+---------------------------+-------------+--------------+------------+------------+


+--------------------------------------------------------------------------------------------------------------------------------------------------------------------------------------------------+
; Slow 1200mV 85C Model Setup: 'Clock_1MHz:CLK1MHZ|clk_1M'                                                                                                                                         ;
+--------+-------------------------------------------+--------------------------------------------+---------------------------+---------------------------+--------------+------------+------------+
; Slack  ; From Node                                 ; To Node                                    ; Launch Clock              ; Latch Clock               ; Relationship ; Clock Skew ; Data Delay ;
+--------+-------------------------------------------+--------------------------------------------+---------------------------+---------------------------+--------------+------------+------------+
; -4.656 ; DHT11_Controller:dht11_ctrl|data_temp[33] ; DHT11_Controller:dht11_ctrl|data_valid[22] ; Clock_1MHz:CLK1MHZ|clk_1M ; Clock_1MHz:CLK1MHZ|clk_1M ; 1.000        ; -0.078     ; 5.573      ;
; -4.588 ; DHT11_Controller:dht11_ctrl|data_temp[16] ; DHT11_Controller:dht11_ctrl|data_valid[22] ; Clock_1MHz:CLK1MHZ|clk_1M ; Clock_1MHz:CLK1MHZ|clk_1M ; 1.000        ; -0.080     ; 5.503      ;
; -4.587 ; DHT11_Controller:dht11_ctrl|data_temp[32] ; DHT11_Controller:dht11_ctrl|data_valid[22] ; Clock_1MHz:CLK1MHZ|clk_1M ; Clock_1MHz:CLK1MHZ|clk_1M ; 1.000        ; -0.078     ; 5.504      ;
; -4.584 ; DHT11_Controller:dht11_ctrl|data_temp[8]  ; DHT11_Controller:dht11_ctrl|data_valid[22] ; Clock_1MHz:CLK1MHZ|clk_1M ; Clock_1MHz:CLK1MHZ|clk_1M ; 1.000        ; -0.080     ; 5.499      ;
; -4.552 ; DHT11_Controller:dht11_ctrl|data_temp[35] ; DHT11_Controller:dht11_ctrl|data_valid[22] ; Clock_1MHz:CLK1MHZ|clk_1M ; Clock_1MHz:CLK1MHZ|clk_1M ; 1.000        ; -0.077     ; 5.470      ;
; -4.542 ; DHT11_Controller:dht11_ctrl|data_temp[33] ; DHT11_Controller:dht11_ctrl|data_valid[13] ; Clock_1MHz:CLK1MHZ|clk_1M ; Clock_1MHz:CLK1MHZ|clk_1M ; 1.000        ; -0.070     ; 5.467      ;
; -4.538 ; DHT11_Controller:dht11_ctrl|data_temp[33] ; DHT11_Controller:dht11_ctrl|data_valid[14] ; Clock_1MHz:CLK1MHZ|clk_1M ; Clock_1MHz:CLK1MHZ|clk_1M ; 1.000        ; -0.070     ; 5.463      ;
; -4.538 ; DHT11_Controller:dht11_ctrl|data_temp[33] ; DHT11_Controller:dht11_ctrl|data_valid[15] ; Clock_1MHz:CLK1MHZ|clk_1M ; Clock_1MHz:CLK1MHZ|clk_1M ; 1.000        ; -0.070     ; 5.463      ;
; -4.537 ; DHT11_Controller:dht11_ctrl|data_temp[25] ; DHT11_Controller:dht11_ctrl|data_valid[22] ; Clock_1MHz:CLK1MHZ|clk_1M ; Clock_1MHz:CLK1MHZ|clk_1M ; 1.000        ; -0.078     ; 5.454      ;
; -4.480 ; DHT11_Controller:dht11_ctrl|data_temp[24] ; DHT11_Controller:dht11_ctrl|data_valid[22] ; Clock_1MHz:CLK1MHZ|clk_1M ; Clock_1MHz:CLK1MHZ|clk_1M ; 1.000        ; -0.078     ; 5.397      ;
; -4.479 ; DHT11_Controller:dht11_ctrl|data_temp[17] ; DHT11_Controller:dht11_ctrl|data_valid[22] ; Clock_1MHz:CLK1MHZ|clk_1M ; Clock_1MHz:CLK1MHZ|clk_1M ; 1.000        ; -0.080     ; 5.394      ;
; -4.476 ; DHT11_Controller:dht11_ctrl|data_temp[18] ; DHT11_Controller:dht11_ctrl|data_valid[22] ; Clock_1MHz:CLK1MHZ|clk_1M ; Clock_1MHz:CLK1MHZ|clk_1M ; 1.000        ; -0.078     ; 5.393      ;
; -4.475 ; DHT11_Controller:dht11_ctrl|data_temp[9]  ; DHT11_Controller:dht11_ctrl|data_valid[22] ; Clock_1MHz:CLK1MHZ|clk_1M ; Clock_1MHz:CLK1MHZ|clk_1M ; 1.000        ; -0.080     ; 5.390      ;
; -4.474 ; DHT11_Controller:dht11_ctrl|data_temp[16] ; DHT11_Controller:dht11_ctrl|data_valid[13] ; Clock_1MHz:CLK1MHZ|clk_1M ; Clock_1MHz:CLK1MHZ|clk_1M ; 1.000        ; -0.072     ; 5.397      ;
; -4.473 ; DHT11_Controller:dht11_ctrl|data_temp[32] ; DHT11_Controller:dht11_ctrl|data_valid[13] ; Clock_1MHz:CLK1MHZ|clk_1M ; Clock_1MHz:CLK1MHZ|clk_1M ; 1.000        ; -0.070     ; 5.398      ;
; -4.470 ; DHT11_Controller:dht11_ctrl|data_temp[16] ; DHT11_Controller:dht11_ctrl|data_valid[14] ; Clock_1MHz:CLK1MHZ|clk_1M ; Clock_1MHz:CLK1MHZ|clk_1M ; 1.000        ; -0.072     ; 5.393      ;
; -4.470 ; DHT11_Controller:dht11_ctrl|data_temp[16] ; DHT11_Controller:dht11_ctrl|data_valid[15] ; Clock_1MHz:CLK1MHZ|clk_1M ; Clock_1MHz:CLK1MHZ|clk_1M ; 1.000        ; -0.072     ; 5.393      ;
; -4.470 ; DHT11_Controller:dht11_ctrl|data_temp[8]  ; DHT11_Controller:dht11_ctrl|data_valid[13] ; Clock_1MHz:CLK1MHZ|clk_1M ; Clock_1MHz:CLK1MHZ|clk_1M ; 1.000        ; -0.072     ; 5.393      ;
; -4.469 ; DHT11_Controller:dht11_ctrl|data_temp[32] ; DHT11_Controller:dht11_ctrl|data_valid[14] ; Clock_1MHz:CLK1MHZ|clk_1M ; Clock_1MHz:CLK1MHZ|clk_1M ; 1.000        ; -0.070     ; 5.394      ;
; -4.469 ; DHT11_Controller:dht11_ctrl|data_temp[32] ; DHT11_Controller:dht11_ctrl|data_valid[15] ; Clock_1MHz:CLK1MHZ|clk_1M ; Clock_1MHz:CLK1MHZ|clk_1M ; 1.000        ; -0.070     ; 5.394      ;
; -4.466 ; DHT11_Controller:dht11_ctrl|data_temp[8]  ; DHT11_Controller:dht11_ctrl|data_valid[14] ; Clock_1MHz:CLK1MHZ|clk_1M ; Clock_1MHz:CLK1MHZ|clk_1M ; 1.000        ; -0.072     ; 5.389      ;
; -4.466 ; DHT11_Controller:dht11_ctrl|data_temp[8]  ; DHT11_Controller:dht11_ctrl|data_valid[15] ; Clock_1MHz:CLK1MHZ|clk_1M ; Clock_1MHz:CLK1MHZ|clk_1M ; 1.000        ; -0.072     ; 5.389      ;
; -4.438 ; DHT11_Controller:dht11_ctrl|data_temp[35] ; DHT11_Controller:dht11_ctrl|data_valid[13] ; Clock_1MHz:CLK1MHZ|clk_1M ; Clock_1MHz:CLK1MHZ|clk_1M ; 1.000        ; -0.069     ; 5.364      ;
; -4.434 ; DHT11_Controller:dht11_ctrl|data_temp[35] ; DHT11_Controller:dht11_ctrl|data_valid[14] ; Clock_1MHz:CLK1MHZ|clk_1M ; Clock_1MHz:CLK1MHZ|clk_1M ; 1.000        ; -0.069     ; 5.360      ;
; -4.434 ; DHT11_Controller:dht11_ctrl|data_temp[35] ; DHT11_Controller:dht11_ctrl|data_valid[15] ; Clock_1MHz:CLK1MHZ|clk_1M ; Clock_1MHz:CLK1MHZ|clk_1M ; 1.000        ; -0.069     ; 5.360      ;
; -4.423 ; DHT11_Controller:dht11_ctrl|data_temp[25] ; DHT11_Controller:dht11_ctrl|data_valid[13] ; Clock_1MHz:CLK1MHZ|clk_1M ; Clock_1MHz:CLK1MHZ|clk_1M ; 1.000        ; -0.070     ; 5.348      ;
; -4.422 ; DHT11_Controller:dht11_ctrl|data_temp[27] ; DHT11_Controller:dht11_ctrl|data_valid[22] ; Clock_1MHz:CLK1MHZ|clk_1M ; Clock_1MHz:CLK1MHZ|clk_1M ; 1.000        ; -0.078     ; 5.339      ;
; -4.419 ; DHT11_Controller:dht11_ctrl|data_temp[25] ; DHT11_Controller:dht11_ctrl|data_valid[14] ; Clock_1MHz:CLK1MHZ|clk_1M ; Clock_1MHz:CLK1MHZ|clk_1M ; 1.000        ; -0.070     ; 5.344      ;
; -4.419 ; DHT11_Controller:dht11_ctrl|data_temp[25] ; DHT11_Controller:dht11_ctrl|data_valid[15] ; Clock_1MHz:CLK1MHZ|clk_1M ; Clock_1MHz:CLK1MHZ|clk_1M ; 1.000        ; -0.070     ; 5.344      ;
; -4.370 ; DHT11_Controller:dht11_ctrl|data_temp[20] ; DHT11_Controller:dht11_ctrl|data_valid[22] ; Clock_1MHz:CLK1MHZ|clk_1M ; Clock_1MHz:CLK1MHZ|clk_1M ; 1.000        ; -0.083     ; 5.282      ;
; -4.366 ; DHT11_Controller:dht11_ctrl|data_temp[24] ; DHT11_Controller:dht11_ctrl|data_valid[13] ; Clock_1MHz:CLK1MHZ|clk_1M ; Clock_1MHz:CLK1MHZ|clk_1M ; 1.000        ; -0.070     ; 5.291      ;
; -4.365 ; DHT11_Controller:dht11_ctrl|data_temp[17] ; DHT11_Controller:dht11_ctrl|data_valid[13] ; Clock_1MHz:CLK1MHZ|clk_1M ; Clock_1MHz:CLK1MHZ|clk_1M ; 1.000        ; -0.072     ; 5.288      ;
; -4.362 ; DHT11_Controller:dht11_ctrl|data_temp[24] ; DHT11_Controller:dht11_ctrl|data_valid[14] ; Clock_1MHz:CLK1MHZ|clk_1M ; Clock_1MHz:CLK1MHZ|clk_1M ; 1.000        ; -0.070     ; 5.287      ;
; -4.362 ; DHT11_Controller:dht11_ctrl|data_temp[24] ; DHT11_Controller:dht11_ctrl|data_valid[15] ; Clock_1MHz:CLK1MHZ|clk_1M ; Clock_1MHz:CLK1MHZ|clk_1M ; 1.000        ; -0.070     ; 5.287      ;
; -4.362 ; DHT11_Controller:dht11_ctrl|data_temp[18] ; DHT11_Controller:dht11_ctrl|data_valid[13] ; Clock_1MHz:CLK1MHZ|clk_1M ; Clock_1MHz:CLK1MHZ|clk_1M ; 1.000        ; -0.070     ; 5.287      ;
; -4.361 ; DHT11_Controller:dht11_ctrl|data_temp[17] ; DHT11_Controller:dht11_ctrl|data_valid[14] ; Clock_1MHz:CLK1MHZ|clk_1M ; Clock_1MHz:CLK1MHZ|clk_1M ; 1.000        ; -0.072     ; 5.284      ;
; -4.361 ; DHT11_Controller:dht11_ctrl|data_temp[17] ; DHT11_Controller:dht11_ctrl|data_valid[15] ; Clock_1MHz:CLK1MHZ|clk_1M ; Clock_1MHz:CLK1MHZ|clk_1M ; 1.000        ; -0.072     ; 5.284      ;
; -4.361 ; DHT11_Controller:dht11_ctrl|data_temp[9]  ; DHT11_Controller:dht11_ctrl|data_valid[13] ; Clock_1MHz:CLK1MHZ|clk_1M ; Clock_1MHz:CLK1MHZ|clk_1M ; 1.000        ; -0.072     ; 5.284      ;
; -4.358 ; DHT11_Controller:dht11_ctrl|data_temp[18] ; DHT11_Controller:dht11_ctrl|data_valid[14] ; Clock_1MHz:CLK1MHZ|clk_1M ; Clock_1MHz:CLK1MHZ|clk_1M ; 1.000        ; -0.070     ; 5.283      ;
; -4.358 ; DHT11_Controller:dht11_ctrl|data_temp[18] ; DHT11_Controller:dht11_ctrl|data_valid[15] ; Clock_1MHz:CLK1MHZ|clk_1M ; Clock_1MHz:CLK1MHZ|clk_1M ; 1.000        ; -0.070     ; 5.283      ;
; -4.357 ; DHT11_Controller:dht11_ctrl|data_temp[9]  ; DHT11_Controller:dht11_ctrl|data_valid[14] ; Clock_1MHz:CLK1MHZ|clk_1M ; Clock_1MHz:CLK1MHZ|clk_1M ; 1.000        ; -0.072     ; 5.280      ;
; -4.357 ; DHT11_Controller:dht11_ctrl|data_temp[9]  ; DHT11_Controller:dht11_ctrl|data_valid[15] ; Clock_1MHz:CLK1MHZ|clk_1M ; Clock_1MHz:CLK1MHZ|clk_1M ; 1.000        ; -0.072     ; 5.280      ;
; -4.340 ; DHT11_Controller:dht11_ctrl|data_temp[34] ; DHT11_Controller:dht11_ctrl|data_valid[22] ; Clock_1MHz:CLK1MHZ|clk_1M ; Clock_1MHz:CLK1MHZ|clk_1M ; 1.000        ; -0.078     ; 5.257      ;
; -4.339 ; DHT11_Controller:dht11_ctrl|data_temp[26] ; DHT11_Controller:dht11_ctrl|data_valid[22] ; Clock_1MHz:CLK1MHZ|clk_1M ; Clock_1MHz:CLK1MHZ|clk_1M ; 1.000        ; -0.078     ; 5.256      ;
; -4.308 ; DHT11_Controller:dht11_ctrl|data_temp[27] ; DHT11_Controller:dht11_ctrl|data_valid[13] ; Clock_1MHz:CLK1MHZ|clk_1M ; Clock_1MHz:CLK1MHZ|clk_1M ; 1.000        ; -0.070     ; 5.233      ;
; -4.304 ; DHT11_Controller:dht11_ctrl|data_temp[27] ; DHT11_Controller:dht11_ctrl|data_valid[14] ; Clock_1MHz:CLK1MHZ|clk_1M ; Clock_1MHz:CLK1MHZ|clk_1M ; 1.000        ; -0.070     ; 5.229      ;
; -4.304 ; DHT11_Controller:dht11_ctrl|data_temp[27] ; DHT11_Controller:dht11_ctrl|data_valid[15] ; Clock_1MHz:CLK1MHZ|clk_1M ; Clock_1MHz:CLK1MHZ|clk_1M ; 1.000        ; -0.070     ; 5.229      ;
; -4.285 ; DHT11_Controller:dht11_ctrl|data_temp[37] ; DHT11_Controller:dht11_ctrl|data_valid[22] ; Clock_1MHz:CLK1MHZ|clk_1M ; Clock_1MHz:CLK1MHZ|clk_1M ; 1.000        ; -0.078     ; 5.202      ;
; -4.277 ; DHT11_Controller:dht11_ctrl|data_temp[11] ; DHT11_Controller:dht11_ctrl|data_valid[22] ; Clock_1MHz:CLK1MHZ|clk_1M ; Clock_1MHz:CLK1MHZ|clk_1M ; 1.000        ; -0.080     ; 5.192      ;
; -4.275 ; DHT11_Controller:dht11_ctrl|data_temp[29] ; DHT11_Controller:dht11_ctrl|data_valid[22] ; Clock_1MHz:CLK1MHZ|clk_1M ; Clock_1MHz:CLK1MHZ|clk_1M ; 1.000        ; -0.078     ; 5.192      ;
; -4.256 ; DHT11_Controller:dht11_ctrl|data_temp[20] ; DHT11_Controller:dht11_ctrl|data_valid[13] ; Clock_1MHz:CLK1MHZ|clk_1M ; Clock_1MHz:CLK1MHZ|clk_1M ; 1.000        ; -0.075     ; 5.176      ;
; -4.252 ; DHT11_Controller:dht11_ctrl|data_temp[20] ; DHT11_Controller:dht11_ctrl|data_valid[14] ; Clock_1MHz:CLK1MHZ|clk_1M ; Clock_1MHz:CLK1MHZ|clk_1M ; 1.000        ; -0.075     ; 5.172      ;
; -4.252 ; DHT11_Controller:dht11_ctrl|data_temp[20] ; DHT11_Controller:dht11_ctrl|data_valid[15] ; Clock_1MHz:CLK1MHZ|clk_1M ; Clock_1MHz:CLK1MHZ|clk_1M ; 1.000        ; -0.075     ; 5.172      ;
; -4.226 ; DHT11_Controller:dht11_ctrl|data_temp[34] ; DHT11_Controller:dht11_ctrl|data_valid[13] ; Clock_1MHz:CLK1MHZ|clk_1M ; Clock_1MHz:CLK1MHZ|clk_1M ; 1.000        ; -0.070     ; 5.151      ;
; -4.225 ; DHT11_Controller:dht11_ctrl|data_temp[26] ; DHT11_Controller:dht11_ctrl|data_valid[13] ; Clock_1MHz:CLK1MHZ|clk_1M ; Clock_1MHz:CLK1MHZ|clk_1M ; 1.000        ; -0.070     ; 5.150      ;
; -4.222 ; DHT11_Controller:dht11_ctrl|data_temp[34] ; DHT11_Controller:dht11_ctrl|data_valid[14] ; Clock_1MHz:CLK1MHZ|clk_1M ; Clock_1MHz:CLK1MHZ|clk_1M ; 1.000        ; -0.070     ; 5.147      ;
; -4.222 ; DHT11_Controller:dht11_ctrl|data_temp[34] ; DHT11_Controller:dht11_ctrl|data_valid[15] ; Clock_1MHz:CLK1MHZ|clk_1M ; Clock_1MHz:CLK1MHZ|clk_1M ; 1.000        ; -0.070     ; 5.147      ;
; -4.221 ; DHT11_Controller:dht11_ctrl|data_temp[26] ; DHT11_Controller:dht11_ctrl|data_valid[14] ; Clock_1MHz:CLK1MHZ|clk_1M ; Clock_1MHz:CLK1MHZ|clk_1M ; 1.000        ; -0.070     ; 5.146      ;
; -4.221 ; DHT11_Controller:dht11_ctrl|data_temp[26] ; DHT11_Controller:dht11_ctrl|data_valid[15] ; Clock_1MHz:CLK1MHZ|clk_1M ; Clock_1MHz:CLK1MHZ|clk_1M ; 1.000        ; -0.070     ; 5.146      ;
; -4.206 ; DHT11_Controller:dht11_ctrl|data_temp[28] ; DHT11_Controller:dht11_ctrl|data_valid[22] ; Clock_1MHz:CLK1MHZ|clk_1M ; Clock_1MHz:CLK1MHZ|clk_1M ; 1.000        ; -0.078     ; 5.123      ;
; -4.203 ; DHT11_Controller:dht11_ctrl|data_temp[36] ; DHT11_Controller:dht11_ctrl|data_valid[22] ; Clock_1MHz:CLK1MHZ|clk_1M ; Clock_1MHz:CLK1MHZ|clk_1M ; 1.000        ; -0.078     ; 5.120      ;
; -4.171 ; DHT11_Controller:dht11_ctrl|data_temp[37] ; DHT11_Controller:dht11_ctrl|data_valid[13] ; Clock_1MHz:CLK1MHZ|clk_1M ; Clock_1MHz:CLK1MHZ|clk_1M ; 1.000        ; -0.070     ; 5.096      ;
; -4.167 ; DHT11_Controller:dht11_ctrl|data_temp[37] ; DHT11_Controller:dht11_ctrl|data_valid[14] ; Clock_1MHz:CLK1MHZ|clk_1M ; Clock_1MHz:CLK1MHZ|clk_1M ; 1.000        ; -0.070     ; 5.092      ;
; -4.167 ; DHT11_Controller:dht11_ctrl|data_temp[37] ; DHT11_Controller:dht11_ctrl|data_valid[15] ; Clock_1MHz:CLK1MHZ|clk_1M ; Clock_1MHz:CLK1MHZ|clk_1M ; 1.000        ; -0.070     ; 5.092      ;
; -4.163 ; DHT11_Controller:dht11_ctrl|data_temp[11] ; DHT11_Controller:dht11_ctrl|data_valid[13] ; Clock_1MHz:CLK1MHZ|clk_1M ; Clock_1MHz:CLK1MHZ|clk_1M ; 1.000        ; -0.072     ; 5.086      ;
; -4.161 ; DHT11_Controller:dht11_ctrl|data_temp[29] ; DHT11_Controller:dht11_ctrl|data_valid[13] ; Clock_1MHz:CLK1MHZ|clk_1M ; Clock_1MHz:CLK1MHZ|clk_1M ; 1.000        ; -0.070     ; 5.086      ;
; -4.159 ; DHT11_Controller:dht11_ctrl|data_temp[11] ; DHT11_Controller:dht11_ctrl|data_valid[14] ; Clock_1MHz:CLK1MHZ|clk_1M ; Clock_1MHz:CLK1MHZ|clk_1M ; 1.000        ; -0.072     ; 5.082      ;
; -4.159 ; DHT11_Controller:dht11_ctrl|data_temp[11] ; DHT11_Controller:dht11_ctrl|data_valid[15] ; Clock_1MHz:CLK1MHZ|clk_1M ; Clock_1MHz:CLK1MHZ|clk_1M ; 1.000        ; -0.072     ; 5.082      ;
; -4.157 ; DHT11_Controller:dht11_ctrl|data_temp[29] ; DHT11_Controller:dht11_ctrl|data_valid[14] ; Clock_1MHz:CLK1MHZ|clk_1M ; Clock_1MHz:CLK1MHZ|clk_1M ; 1.000        ; -0.070     ; 5.082      ;
; -4.157 ; DHT11_Controller:dht11_ctrl|data_temp[29] ; DHT11_Controller:dht11_ctrl|data_valid[15] ; Clock_1MHz:CLK1MHZ|clk_1M ; Clock_1MHz:CLK1MHZ|clk_1M ; 1.000        ; -0.070     ; 5.082      ;
; -4.143 ; DHT11_Controller:dht11_ctrl|data_temp[33] ; DHT11_Controller:dht11_ctrl|data_valid[5]  ; Clock_1MHz:CLK1MHZ|clk_1M ; Clock_1MHz:CLK1MHZ|clk_1M ; 1.000        ; -0.080     ; 5.058      ;
; -4.143 ; DHT11_Controller:dht11_ctrl|data_temp[33] ; DHT11_Controller:dht11_ctrl|data_valid[6]  ; Clock_1MHz:CLK1MHZ|clk_1M ; Clock_1MHz:CLK1MHZ|clk_1M ; 1.000        ; -0.080     ; 5.058      ;
; -4.139 ; DHT11_Controller:dht11_ctrl|data_temp[19] ; DHT11_Controller:dht11_ctrl|data_valid[22] ; Clock_1MHz:CLK1MHZ|clk_1M ; Clock_1MHz:CLK1MHZ|clk_1M ; 1.000        ; -0.080     ; 5.054      ;
; -4.092 ; DHT11_Controller:dht11_ctrl|data_temp[28] ; DHT11_Controller:dht11_ctrl|data_valid[13] ; Clock_1MHz:CLK1MHZ|clk_1M ; Clock_1MHz:CLK1MHZ|clk_1M ; 1.000        ; -0.070     ; 5.017      ;
; -4.089 ; DHT11_Controller:dht11_ctrl|data_temp[36] ; DHT11_Controller:dht11_ctrl|data_valid[13] ; Clock_1MHz:CLK1MHZ|clk_1M ; Clock_1MHz:CLK1MHZ|clk_1M ; 1.000        ; -0.070     ; 5.014      ;
; -4.088 ; DHT11_Controller:dht11_ctrl|data_temp[28] ; DHT11_Controller:dht11_ctrl|data_valid[14] ; Clock_1MHz:CLK1MHZ|clk_1M ; Clock_1MHz:CLK1MHZ|clk_1M ; 1.000        ; -0.070     ; 5.013      ;
; -4.088 ; DHT11_Controller:dht11_ctrl|data_temp[28] ; DHT11_Controller:dht11_ctrl|data_valid[15] ; Clock_1MHz:CLK1MHZ|clk_1M ; Clock_1MHz:CLK1MHZ|clk_1M ; 1.000        ; -0.070     ; 5.013      ;
; -4.088 ; DHT11_Controller:dht11_ctrl|data_temp[38] ; DHT11_Controller:dht11_ctrl|data_valid[22] ; Clock_1MHz:CLK1MHZ|clk_1M ; Clock_1MHz:CLK1MHZ|clk_1M ; 1.000        ; -0.073     ; 5.010      ;
; -4.085 ; DHT11_Controller:dht11_ctrl|data_temp[36] ; DHT11_Controller:dht11_ctrl|data_valid[14] ; Clock_1MHz:CLK1MHZ|clk_1M ; Clock_1MHz:CLK1MHZ|clk_1M ; 1.000        ; -0.070     ; 5.010      ;
; -4.085 ; DHT11_Controller:dht11_ctrl|data_temp[36] ; DHT11_Controller:dht11_ctrl|data_valid[15] ; Clock_1MHz:CLK1MHZ|clk_1M ; Clock_1MHz:CLK1MHZ|clk_1M ; 1.000        ; -0.070     ; 5.010      ;
; -4.076 ; DHT11_Controller:dht11_ctrl|data_temp[33] ; DHT11_Controller:dht11_ctrl|data_valid[23] ; Clock_1MHz:CLK1MHZ|clk_1M ; Clock_1MHz:CLK1MHZ|clk_1M ; 1.000        ; -0.076     ; 4.995      ;
; -4.075 ; DHT11_Controller:dht11_ctrl|data_temp[16] ; DHT11_Controller:dht11_ctrl|data_valid[5]  ; Clock_1MHz:CLK1MHZ|clk_1M ; Clock_1MHz:CLK1MHZ|clk_1M ; 1.000        ; -0.082     ; 4.988      ;
; -4.075 ; DHT11_Controller:dht11_ctrl|data_temp[16] ; DHT11_Controller:dht11_ctrl|data_valid[6]  ; Clock_1MHz:CLK1MHZ|clk_1M ; Clock_1MHz:CLK1MHZ|clk_1M ; 1.000        ; -0.082     ; 4.988      ;
; -4.074 ; DHT11_Controller:dht11_ctrl|data_temp[33] ; DHT11_Controller:dht11_ctrl|data_valid[21] ; Clock_1MHz:CLK1MHZ|clk_1M ; Clock_1MHz:CLK1MHZ|clk_1M ; 1.000        ; -0.076     ; 4.993      ;
; -4.074 ; DHT11_Controller:dht11_ctrl|data_temp[32] ; DHT11_Controller:dht11_ctrl|data_valid[5]  ; Clock_1MHz:CLK1MHZ|clk_1M ; Clock_1MHz:CLK1MHZ|clk_1M ; 1.000        ; -0.080     ; 4.989      ;
; -4.074 ; DHT11_Controller:dht11_ctrl|data_temp[32] ; DHT11_Controller:dht11_ctrl|data_valid[6]  ; Clock_1MHz:CLK1MHZ|clk_1M ; Clock_1MHz:CLK1MHZ|clk_1M ; 1.000        ; -0.080     ; 4.989      ;
; -4.073 ; DHT11_Controller:dht11_ctrl|data_temp[33] ; DHT11_Controller:dht11_ctrl|data_valid[24] ; Clock_1MHz:CLK1MHZ|clk_1M ; Clock_1MHz:CLK1MHZ|clk_1M ; 1.000        ; -0.076     ; 4.992      ;
; -4.071 ; DHT11_Controller:dht11_ctrl|data_temp[33] ; DHT11_Controller:dht11_ctrl|data_valid[20] ; Clock_1MHz:CLK1MHZ|clk_1M ; Clock_1MHz:CLK1MHZ|clk_1M ; 1.000        ; -0.076     ; 4.990      ;
; -4.071 ; DHT11_Controller:dht11_ctrl|data_temp[33] ; DHT11_Controller:dht11_ctrl|data_valid[19] ; Clock_1MHz:CLK1MHZ|clk_1M ; Clock_1MHz:CLK1MHZ|clk_1M ; 1.000        ; -0.076     ; 4.990      ;
; -4.071 ; DHT11_Controller:dht11_ctrl|data_temp[10] ; DHT11_Controller:dht11_ctrl|data_valid[22] ; Clock_1MHz:CLK1MHZ|clk_1M ; Clock_1MHz:CLK1MHZ|clk_1M ; 1.000        ; -0.080     ; 4.986      ;
; -4.071 ; DHT11_Controller:dht11_ctrl|data_temp[8]  ; DHT11_Controller:dht11_ctrl|data_valid[5]  ; Clock_1MHz:CLK1MHZ|clk_1M ; Clock_1MHz:CLK1MHZ|clk_1M ; 1.000        ; -0.082     ; 4.984      ;
; -4.071 ; DHT11_Controller:dht11_ctrl|data_temp[8]  ; DHT11_Controller:dht11_ctrl|data_valid[6]  ; Clock_1MHz:CLK1MHZ|clk_1M ; Clock_1MHz:CLK1MHZ|clk_1M ; 1.000        ; -0.082     ; 4.984      ;
; -4.039 ; DHT11_Controller:dht11_ctrl|data_temp[35] ; DHT11_Controller:dht11_ctrl|data_valid[5]  ; Clock_1MHz:CLK1MHZ|clk_1M ; Clock_1MHz:CLK1MHZ|clk_1M ; 1.000        ; -0.079     ; 4.955      ;
; -4.039 ; DHT11_Controller:dht11_ctrl|data_temp[35] ; DHT11_Controller:dht11_ctrl|data_valid[6]  ; Clock_1MHz:CLK1MHZ|clk_1M ; Clock_1MHz:CLK1MHZ|clk_1M ; 1.000        ; -0.079     ; 4.955      ;
; -4.038 ; DHT11_Controller:dht11_ctrl|data_temp[33] ; DHT11_Controller:dht11_ctrl|data_valid[18] ; Clock_1MHz:CLK1MHZ|clk_1M ; Clock_1MHz:CLK1MHZ|clk_1M ; 1.000        ; -0.074     ; 4.959      ;
; -4.037 ; DHT11_Controller:dht11_ctrl|data_temp[33] ; DHT11_Controller:dht11_ctrl|data_valid[17] ; Clock_1MHz:CLK1MHZ|clk_1M ; Clock_1MHz:CLK1MHZ|clk_1M ; 1.000        ; -0.074     ; 4.958      ;
; -4.034 ; DHT11_Controller:dht11_ctrl|data_temp[33] ; DHT11_Controller:dht11_ctrl|data_valid[10] ; Clock_1MHz:CLK1MHZ|clk_1M ; Clock_1MHz:CLK1MHZ|clk_1M ; 1.000        ; -0.074     ; 4.955      ;
; -4.025 ; DHT11_Controller:dht11_ctrl|data_temp[19] ; DHT11_Controller:dht11_ctrl|data_valid[13] ; Clock_1MHz:CLK1MHZ|clk_1M ; Clock_1MHz:CLK1MHZ|clk_1M ; 1.000        ; -0.072     ; 4.948      ;
; -4.024 ; DHT11_Controller:dht11_ctrl|data_temp[25] ; DHT11_Controller:dht11_ctrl|data_valid[5]  ; Clock_1MHz:CLK1MHZ|clk_1M ; Clock_1MHz:CLK1MHZ|clk_1M ; 1.000        ; -0.080     ; 4.939      ;
; -4.024 ; DHT11_Controller:dht11_ctrl|data_temp[25] ; DHT11_Controller:dht11_ctrl|data_valid[6]  ; Clock_1MHz:CLK1MHZ|clk_1M ; Clock_1MHz:CLK1MHZ|clk_1M ; 1.000        ; -0.080     ; 4.939      ;
+--------+-------------------------------------------+--------------------------------------------+---------------------------+---------------------------+--------------+------------+------------+


+------------------------------------------------------------------------------------------------------------------------------------------------------------------------------------+
; Slow 1200mV 85C Model Hold: 'clk'                                                                                                                                                  ;
+--------+--------------------------------------------+-------------------------------------------+---------------------------+-------------+--------------+------------+------------+
; Slack  ; From Node                                  ; To Node                                   ; Launch Clock              ; Latch Clock ; Relationship ; Clock Skew ; Data Delay ;
+--------+--------------------------------------------+-------------------------------------------+---------------------------+-------------+--------------+------------+------------+
; -0.141 ; Clock_1MHz:CLK1MHZ|clk_1M                  ; Clock_1MHz:CLK1MHZ|clk_1M                 ; Clock_1MHz:CLK1MHZ|clk_1M ; clk         ; 0.000        ; 2.204      ; 2.449      ;
; 0.342  ; LCD_Controller:lcd_ctrl|lcd_db[7]          ; LCD_Controller:lcd_ctrl|lcd_db[7]         ; clk                       ; clk         ; 0.000        ; 0.078      ; 0.577      ;
; 0.342  ; LCD_Controller:lcd_ctrl|lcd_rs             ; LCD_Controller:lcd_ctrl|lcd_rs            ; clk                       ; clk         ; 0.000        ; 0.078      ; 0.577      ;
; 0.358  ; LCD_Controller:lcd_ctrl|lcd_db[6]          ; LCD_Controller:lcd_ctrl|lcd_db[6]         ; clk                       ; clk         ; 0.000        ; 0.062      ; 0.577      ;
; 0.371  ; LCD_Controller:lcd_ctrl|state.000011       ; LCD_Controller:lcd_ctrl|state.000100      ; clk                       ; clk         ; 0.000        ; 0.063      ; 0.591      ;
; 0.373  ; LCD_Controller:lcd_ctrl|state.000001       ; LCD_Controller:lcd_ctrl|state.000010      ; clk                       ; clk         ; 0.000        ; 0.063      ; 0.593      ;
; 0.398  ; LCD_Controller:lcd_ctrl|counter[21]        ; LCD_Controller:lcd_ctrl|counter[21]       ; clk                       ; clk         ; 0.000        ; 0.062      ; 0.617      ;
; 0.404  ; Clock_1MHz:CLK1MHZ|clk_1M                  ; Clock_1MHz:CLK1MHZ|clk_1M                 ; Clock_1MHz:CLK1MHZ|clk_1M ; clk         ; -0.500       ; 2.204      ; 2.494      ;
; 0.406  ; LCD_Controller:lcd_ctrl|state.000010       ; LCD_Controller:lcd_ctrl|state.000011      ; clk                       ; clk         ; 0.000        ; 0.063      ; 0.626      ;
; 0.512  ; LCD_Controller:lcd_ctrl|state.000000       ; LCD_Controller:lcd_ctrl|state.000001      ; clk                       ; clk         ; 0.000        ; 0.063      ; 0.732      ;
; 0.532  ; LCD_Controller:lcd_ctrl|state.000110       ; LCD_Controller:lcd_ctrl|state.000111      ; clk                       ; clk         ; 0.000        ; 0.063      ; 0.752      ;
; 0.549  ; LCD_Controller:lcd_ctrl|state.000100       ; LCD_Controller:lcd_ctrl|state.000101      ; clk                       ; clk         ; 0.000        ; 0.063      ; 0.769      ;
; 0.549  ; LCD_Controller:lcd_ctrl|counter[10]        ; LCD_Controller:lcd_ctrl|counter[10]       ; clk                       ; clk         ; 0.000        ; 0.062      ; 0.768      ;
; 0.549  ; LCD_Controller:lcd_ctrl|counter[8]         ; LCD_Controller:lcd_ctrl|counter[8]        ; clk                       ; clk         ; 0.000        ; 0.062      ; 0.768      ;
; 0.549  ; LCD_Controller:lcd_ctrl|counter[1]         ; LCD_Controller:lcd_ctrl|counter[1]        ; clk                       ; clk         ; 0.000        ; 0.062      ; 0.768      ;
; 0.550  ; LCD_Controller:lcd_ctrl|counter[17]        ; LCD_Controller:lcd_ctrl|counter[17]       ; clk                       ; clk         ; 0.000        ; 0.062      ; 0.769      ;
; 0.550  ; LCD_Controller:lcd_ctrl|counter[14]        ; LCD_Controller:lcd_ctrl|counter[14]       ; clk                       ; clk         ; 0.000        ; 0.062      ; 0.769      ;
; 0.550  ; LCD_Controller:lcd_ctrl|counter[11]        ; LCD_Controller:lcd_ctrl|counter[11]       ; clk                       ; clk         ; 0.000        ; 0.062      ; 0.769      ;
; 0.550  ; LCD_Controller:lcd_ctrl|counter[9]         ; LCD_Controller:lcd_ctrl|counter[9]        ; clk                       ; clk         ; 0.000        ; 0.062      ; 0.769      ;
; 0.550  ; LCD_Controller:lcd_ctrl|counter[6]         ; LCD_Controller:lcd_ctrl|counter[6]        ; clk                       ; clk         ; 0.000        ; 0.062      ; 0.769      ;
; 0.550  ; Clock_1MHz:CLK1MHZ|clk_cnt[2]              ; Clock_1MHz:CLK1MHZ|clk_cnt[2]             ; clk                       ; clk         ; 0.000        ; 0.062      ; 0.769      ;
; 0.551  ; LCD_Controller:lcd_ctrl|counter[16]        ; LCD_Controller:lcd_ctrl|counter[16]       ; clk                       ; clk         ; 0.000        ; 0.062      ; 0.770      ;
; 0.551  ; LCD_Controller:lcd_ctrl|counter[13]        ; LCD_Controller:lcd_ctrl|counter[13]       ; clk                       ; clk         ; 0.000        ; 0.062      ; 0.770      ;
; 0.551  ; LCD_Controller:lcd_ctrl|counter[7]         ; LCD_Controller:lcd_ctrl|counter[7]        ; clk                       ; clk         ; 0.000        ; 0.062      ; 0.770      ;
; 0.552  ; LCD_Controller:lcd_ctrl|counter[15]        ; LCD_Controller:lcd_ctrl|counter[15]       ; clk                       ; clk         ; 0.000        ; 0.062      ; 0.771      ;
; 0.552  ; LCD_Controller:lcd_ctrl|counter[12]        ; LCD_Controller:lcd_ctrl|counter[12]       ; clk                       ; clk         ; 0.000        ; 0.062      ; 0.771      ;
; 0.552  ; LCD_Controller:lcd_ctrl|counter[5]         ; LCD_Controller:lcd_ctrl|counter[5]        ; clk                       ; clk         ; 0.000        ; 0.062      ; 0.771      ;
; 0.552  ; LCD_Controller:lcd_ctrl|counter[3]         ; LCD_Controller:lcd_ctrl|counter[3]        ; clk                       ; clk         ; 0.000        ; 0.062      ; 0.771      ;
; 0.552  ; Clock_1MHz:CLK1MHZ|clk_cnt[1]              ; Clock_1MHz:CLK1MHZ|clk_cnt[1]             ; clk                       ; clk         ; 0.000        ; 0.062      ; 0.771      ;
; 0.553  ; LCD_Controller:lcd_ctrl|counter[19]        ; LCD_Controller:lcd_ctrl|counter[19]       ; clk                       ; clk         ; 0.000        ; 0.062      ; 0.772      ;
; 0.554  ; LCD_Controller:lcd_ctrl|counter[4]         ; LCD_Controller:lcd_ctrl|counter[4]        ; clk                       ; clk         ; 0.000        ; 0.062      ; 0.773      ;
; 0.554  ; LCD_Controller:lcd_ctrl|counter[2]         ; LCD_Controller:lcd_ctrl|counter[2]        ; clk                       ; clk         ; 0.000        ; 0.062      ; 0.773      ;
; 0.555  ; LCD_Controller:lcd_ctrl|counter[20]        ; LCD_Controller:lcd_ctrl|counter[20]       ; clk                       ; clk         ; 0.000        ; 0.062      ; 0.774      ;
; 0.555  ; LCD_Controller:lcd_ctrl|counter[18]        ; LCD_Controller:lcd_ctrl|counter[18]       ; clk                       ; clk         ; 0.000        ; 0.062      ; 0.774      ;
; 0.568  ; LCD_Controller:lcd_ctrl|char_index[4]      ; LCD_Controller:lcd_ctrl|char_index[4]     ; clk                       ; clk         ; 0.000        ; 0.062      ; 0.787      ;
; 0.568  ; LCD_Controller:lcd_ctrl|counter[0]         ; LCD_Controller:lcd_ctrl|counter[0]        ; clk                       ; clk         ; 0.000        ; 0.062      ; 0.787      ;
; 0.568  ; Clock_1MHz:CLK1MHZ|clk_cnt[4]              ; Clock_1MHz:CLK1MHZ|clk_cnt[4]             ; clk                       ; clk         ; 0.000        ; 0.062      ; 0.787      ;
; 0.569  ; Clock_1MHz:CLK1MHZ|clk_cnt[0]              ; Clock_1MHz:CLK1MHZ|clk_cnt[0]             ; clk                       ; clk         ; 0.000        ; 0.062      ; 0.788      ;
; 0.579  ; Clock_1MHz:CLK1MHZ|clk_cnt[3]              ; Clock_1MHz:CLK1MHZ|clk_cnt[3]             ; clk                       ; clk         ; 0.000        ; 0.062      ; 0.798      ;
; 0.612  ; DHT11_Controller:dht11_ctrl|data_valid[24] ; LCD_Controller:lcd_ctrl|char_array[25][0] ; Clock_1MHz:CLK1MHZ|clk_1M ; clk         ; 0.000        ; -0.186     ; 0.613      ;
; 0.617  ; LCD_Controller:lcd_ctrl|state.001000       ; LCD_Controller:lcd_ctrl|lcd_db[2]         ; clk                       ; clk         ; 0.000        ; 0.063      ; 0.837      ;
; 0.632  ; LCD_Controller:lcd_ctrl|state.000000       ; LCD_Controller:lcd_ctrl|lcd_rs            ; clk                       ; clk         ; 0.000        ; 0.462      ; 1.251      ;
; 0.634  ; DHT11_Controller:dht11_ctrl|data_valid[17] ; LCD_Controller:lcd_ctrl|char_array[28][1] ; Clock_1MHz:CLK1MHZ|clk_1M ; clk         ; 0.000        ; 0.145      ; 0.966      ;
; 0.635  ; LCD_Controller:lcd_ctrl|char_index[2]      ; LCD_Controller:lcd_ctrl|char_index[2]     ; clk                       ; clk         ; 0.000        ; 0.062      ; 0.854      ;
; 0.649  ; LCD_Controller:lcd_ctrl|char_index[1]      ; LCD_Controller:lcd_ctrl|char_index[1]     ; clk                       ; clk         ; 0.000        ; 0.062      ; 0.868      ;
; 0.656  ; LCD_Controller:lcd_ctrl|state.000101       ; LCD_Controller:lcd_ctrl|state.000110      ; clk                       ; clk         ; 0.000        ; 0.063      ; 0.876      ;
; 0.659  ; LCD_Controller:lcd_ctrl|state.000010       ; LCD_Controller:lcd_ctrl|lcd_db[5]         ; clk                       ; clk         ; 0.000        ; 0.403      ; 1.219      ;
; 0.700  ; LCD_Controller:lcd_ctrl|state.000010       ; LCD_Controller:lcd_ctrl|lcd_db[2]         ; clk                       ; clk         ; 0.000        ; 0.063      ; 0.920      ;
; 0.706  ; LCD_Controller:lcd_ctrl|counter[21]        ; LCD_Controller:lcd_ctrl|counter[20]       ; clk                       ; clk         ; 0.000        ; 0.062      ; 0.925      ;
; 0.706  ; LCD_Controller:lcd_ctrl|counter[21]        ; LCD_Controller:lcd_ctrl|counter[19]       ; clk                       ; clk         ; 0.000        ; 0.062      ; 0.925      ;
; 0.706  ; LCD_Controller:lcd_ctrl|counter[21]        ; LCD_Controller:lcd_ctrl|counter[18]       ; clk                       ; clk         ; 0.000        ; 0.062      ; 0.925      ;
; 0.706  ; LCD_Controller:lcd_ctrl|counter[21]        ; LCD_Controller:lcd_ctrl|counter[17]       ; clk                       ; clk         ; 0.000        ; 0.062      ; 0.925      ;
; 0.706  ; LCD_Controller:lcd_ctrl|counter[21]        ; LCD_Controller:lcd_ctrl|counter[16]       ; clk                       ; clk         ; 0.000        ; 0.062      ; 0.925      ;
; 0.706  ; LCD_Controller:lcd_ctrl|counter[21]        ; LCD_Controller:lcd_ctrl|counter[15]       ; clk                       ; clk         ; 0.000        ; 0.062      ; 0.925      ;
; 0.706  ; LCD_Controller:lcd_ctrl|counter[21]        ; LCD_Controller:lcd_ctrl|counter[14]       ; clk                       ; clk         ; 0.000        ; 0.062      ; 0.925      ;
; 0.706  ; LCD_Controller:lcd_ctrl|counter[21]        ; LCD_Controller:lcd_ctrl|counter[13]       ; clk                       ; clk         ; 0.000        ; 0.062      ; 0.925      ;
; 0.706  ; LCD_Controller:lcd_ctrl|counter[21]        ; LCD_Controller:lcd_ctrl|counter[12]       ; clk                       ; clk         ; 0.000        ; 0.062      ; 0.925      ;
; 0.706  ; LCD_Controller:lcd_ctrl|counter[21]        ; LCD_Controller:lcd_ctrl|counter[11]       ; clk                       ; clk         ; 0.000        ; 0.062      ; 0.925      ;
; 0.729  ; LCD_Controller:lcd_ctrl|state.000111       ; LCD_Controller:lcd_ctrl|state.001000      ; clk                       ; clk         ; 0.000        ; 0.063      ; 0.949      ;
; 0.739  ; LCD_Controller:lcd_ctrl|state.001001       ; LCD_Controller:lcd_ctrl|state.001000      ; clk                       ; clk         ; 0.000        ; 0.062      ; 0.958      ;
; 0.749  ; DHT11_Controller:dht11_ctrl|data_valid[16] ; LCD_Controller:lcd_ctrl|char_array[28][0] ; Clock_1MHz:CLK1MHZ|clk_1M ; clk         ; 0.000        ; -0.199     ; 0.737      ;
; 0.756  ; LCD_Controller:lcd_ctrl|state.001000       ; LCD_Controller:lcd_ctrl|state.001001      ; clk                       ; clk         ; 0.000        ; 0.063      ; 0.976      ;
; 0.764  ; LCD_Controller:lcd_ctrl|state.000100       ; LCD_Controller:lcd_ctrl|lcd_db[5]         ; clk                       ; clk         ; 0.000        ; 0.403      ; 1.324      ;
; 0.789  ; LCD_Controller:lcd_ctrl|char_index[0]      ; LCD_Controller:lcd_ctrl|lcd_db[1]         ; clk                       ; clk         ; 0.000        ; 0.454      ; 1.400      ;
; 0.797  ; LCD_Controller:lcd_ctrl|state.001000       ; LCD_Controller:lcd_ctrl|lcd_db[7]         ; clk                       ; clk         ; 0.000        ; 0.462      ; 1.416      ;
; 0.802  ; LCD_Controller:lcd_ctrl|state.000100       ; LCD_Controller:lcd_ctrl|lcd_db[1]         ; clk                       ; clk         ; 0.000        ; 0.462      ; 1.421      ;
; 0.807  ; LCD_Controller:lcd_ctrl|state.000100       ; LCD_Controller:lcd_ctrl|lcd_db[2]         ; clk                       ; clk         ; 0.000        ; 0.063      ; 1.027      ;
; 0.824  ; LCD_Controller:lcd_ctrl|counter[9]         ; LCD_Controller:lcd_ctrl|counter[10]       ; clk                       ; clk         ; 0.000        ; 0.062      ; 1.043      ;
; 0.824  ; LCD_Controller:lcd_ctrl|counter[11]        ; LCD_Controller:lcd_ctrl|counter[12]       ; clk                       ; clk         ; 0.000        ; 0.062      ; 1.043      ;
; 0.824  ; LCD_Controller:lcd_ctrl|counter[1]         ; LCD_Controller:lcd_ctrl|counter[2]        ; clk                       ; clk         ; 0.000        ; 0.062      ; 1.043      ;
; 0.825  ; LCD_Controller:lcd_ctrl|counter[7]         ; LCD_Controller:lcd_ctrl|counter[8]        ; clk                       ; clk         ; 0.000        ; 0.062      ; 1.044      ;
; 0.825  ; LCD_Controller:lcd_ctrl|counter[13]        ; LCD_Controller:lcd_ctrl|counter[14]       ; clk                       ; clk         ; 0.000        ; 0.062      ; 1.044      ;
; 0.825  ; LCD_Controller:lcd_ctrl|counter[17]        ; LCD_Controller:lcd_ctrl|counter[18]       ; clk                       ; clk         ; 0.000        ; 0.062      ; 1.044      ;
; 0.826  ; LCD_Controller:lcd_ctrl|counter[5]         ; LCD_Controller:lcd_ctrl|counter[6]        ; clk                       ; clk         ; 0.000        ; 0.062      ; 1.045      ;
; 0.826  ; Clock_1MHz:CLK1MHZ|clk_cnt[1]              ; Clock_1MHz:CLK1MHZ|clk_cnt[2]             ; clk                       ; clk         ; 0.000        ; 0.062      ; 1.045      ;
; 0.826  ; LCD_Controller:lcd_ctrl|counter[15]        ; LCD_Controller:lcd_ctrl|counter[16]       ; clk                       ; clk         ; 0.000        ; 0.062      ; 1.045      ;
; 0.826  ; LCD_Controller:lcd_ctrl|counter[3]         ; LCD_Controller:lcd_ctrl|counter[4]        ; clk                       ; clk         ; 0.000        ; 0.062      ; 1.045      ;
; 0.827  ; LCD_Controller:lcd_ctrl|counter[19]        ; LCD_Controller:lcd_ctrl|counter[20]       ; clk                       ; clk         ; 0.000        ; 0.062      ; 1.046      ;
; 0.836  ; LCD_Controller:lcd_ctrl|counter[10]        ; LCD_Controller:lcd_ctrl|counter[11]       ; clk                       ; clk         ; 0.000        ; 0.063      ; 1.056      ;
; 0.837  ; LCD_Controller:lcd_ctrl|counter[8]         ; LCD_Controller:lcd_ctrl|counter[9]        ; clk                       ; clk         ; 0.000        ; 0.062      ; 1.056      ;
; 0.837  ; LCD_Controller:lcd_ctrl|state.001000       ; LCD_Controller:lcd_ctrl|lcd_db[1]         ; clk                       ; clk         ; 0.000        ; 0.462      ; 1.456      ;
; 0.838  ; LCD_Controller:lcd_ctrl|counter[0]         ; LCD_Controller:lcd_ctrl|counter[1]        ; clk                       ; clk         ; 0.000        ; 0.062      ; 1.057      ;
; 0.838  ; LCD_Controller:lcd_ctrl|counter[6]         ; LCD_Controller:lcd_ctrl|counter[7]        ; clk                       ; clk         ; 0.000        ; 0.062      ; 1.057      ;
; 0.838  ; LCD_Controller:lcd_ctrl|counter[14]        ; LCD_Controller:lcd_ctrl|counter[15]       ; clk                       ; clk         ; 0.000        ; 0.062      ; 1.057      ;
; 0.838  ; Clock_1MHz:CLK1MHZ|clk_cnt[2]              ; Clock_1MHz:CLK1MHZ|clk_cnt[3]             ; clk                       ; clk         ; 0.000        ; 0.062      ; 1.057      ;
; 0.838  ; LCD_Controller:lcd_ctrl|counter[10]        ; LCD_Controller:lcd_ctrl|counter[12]       ; clk                       ; clk         ; 0.000        ; 0.063      ; 1.058      ;
; 0.839  ; LCD_Controller:lcd_ctrl|counter[16]        ; LCD_Controller:lcd_ctrl|counter[17]       ; clk                       ; clk         ; 0.000        ; 0.062      ; 1.058      ;
; 0.839  ; LCD_Controller:lcd_ctrl|counter[12]        ; LCD_Controller:lcd_ctrl|counter[13]       ; clk                       ; clk         ; 0.000        ; 0.062      ; 1.058      ;
; 0.839  ; Clock_1MHz:CLK1MHZ|clk_cnt[0]              ; Clock_1MHz:CLK1MHZ|clk_cnt[1]             ; clk                       ; clk         ; 0.000        ; 0.062      ; 1.058      ;
; 0.839  ; LCD_Controller:lcd_ctrl|counter[8]         ; LCD_Controller:lcd_ctrl|counter[10]       ; clk                       ; clk         ; 0.000        ; 0.062      ; 1.058      ;
; 0.840  ; Clock_1MHz:CLK1MHZ|clk_cnt[2]              ; Clock_1MHz:CLK1MHZ|clk_cnt[4]             ; clk                       ; clk         ; 0.000        ; 0.062      ; 1.059      ;
; 0.840  ; LCD_Controller:lcd_ctrl|counter[0]         ; LCD_Controller:lcd_ctrl|counter[2]        ; clk                       ; clk         ; 0.000        ; 0.062      ; 1.059      ;
; 0.840  ; LCD_Controller:lcd_ctrl|counter[6]         ; LCD_Controller:lcd_ctrl|counter[8]        ; clk                       ; clk         ; 0.000        ; 0.062      ; 1.059      ;
; 0.840  ; LCD_Controller:lcd_ctrl|counter[14]        ; LCD_Controller:lcd_ctrl|counter[16]       ; clk                       ; clk         ; 0.000        ; 0.062      ; 1.059      ;
; 0.841  ; LCD_Controller:lcd_ctrl|counter[4]         ; LCD_Controller:lcd_ctrl|counter[5]        ; clk                       ; clk         ; 0.000        ; 0.062      ; 1.060      ;
; 0.841  ; LCD_Controller:lcd_ctrl|counter[2]         ; LCD_Controller:lcd_ctrl|counter[3]        ; clk                       ; clk         ; 0.000        ; 0.062      ; 1.060      ;
; 0.841  ; LCD_Controller:lcd_ctrl|counter[12]        ; LCD_Controller:lcd_ctrl|counter[14]       ; clk                       ; clk         ; 0.000        ; 0.062      ; 1.060      ;
; 0.841  ; LCD_Controller:lcd_ctrl|counter[16]        ; LCD_Controller:lcd_ctrl|counter[18]       ; clk                       ; clk         ; 0.000        ; 0.062      ; 1.060      ;
; 0.841  ; Clock_1MHz:CLK1MHZ|clk_cnt[0]              ; Clock_1MHz:CLK1MHZ|clk_cnt[2]             ; clk                       ; clk         ; 0.000        ; 0.062      ; 1.060      ;
; 0.842  ; LCD_Controller:lcd_ctrl|counter[20]        ; LCD_Controller:lcd_ctrl|counter[21]       ; clk                       ; clk         ; 0.000        ; 0.062      ; 1.061      ;
+--------+--------------------------------------------+-------------------------------------------+---------------------------+-------------+--------------+------------+------------+


+------------------------------------------------------------------------------------------------------------------------------------------------------------------------------------------------------------------------------+
; Slow 1200mV 85C Model Hold: 'Clock_1MHz:CLK1MHZ|clk_1M'                                                                                                                                                                      ;
+-------+----------------------------------------------------------+----------------------------------------------------------+---------------------------+---------------------------+--------------+------------+------------+
; Slack ; From Node                                                ; To Node                                                  ; Launch Clock              ; Latch Clock               ; Relationship ; Clock Skew ; Data Delay ;
+-------+----------------------------------------------------------+----------------------------------------------------------+---------------------------+---------------------------+--------------+------------+------------+
; 0.356 ; DHT11_Controller:dht11_ctrl|next_state.READ_DATA         ; DHT11_Controller:dht11_ctrl|next_state.READ_DATA         ; Clock_1MHz:CLK1MHZ|clk_1M ; Clock_1MHz:CLK1MHZ|clk_1M ; 0.000        ; 0.064      ; 0.577      ;
; 0.356 ; DHT11_Controller:dht11_ctrl|next_state.READ_LOW_83US     ; DHT11_Controller:dht11_ctrl|next_state.READ_LOW_83US     ; Clock_1MHz:CLK1MHZ|clk_1M ; Clock_1MHz:CLK1MHZ|clk_1M ; 0.000        ; 0.064      ; 0.577      ;
; 0.357 ; DHT11_Controller:dht11_ctrl|next_state.KEEP_DELAY        ; DHT11_Controller:dht11_ctrl|next_state.KEEP_DELAY        ; Clock_1MHz:CLK1MHZ|clk_1M ; Clock_1MHz:CLK1MHZ|clk_1M ; 0.000        ; 0.063      ; 0.577      ;
; 0.357 ; DHT11_Controller:dht11_ctrl|next_state.CONTROL_LOW       ; DHT11_Controller:dht11_ctrl|next_state.CONTROL_LOW       ; Clock_1MHz:CLK1MHZ|clk_1M ; Clock_1MHz:CLK1MHZ|clk_1M ; 0.000        ; 0.063      ; 0.577      ;
; 0.357 ; DHT11_Controller:dht11_ctrl|next_state.CONTROL_LOW_20MS  ; DHT11_Controller:dht11_ctrl|next_state.CONTROL_LOW_20MS  ; Clock_1MHz:CLK1MHZ|clk_1M ; Clock_1MHz:CLK1MHZ|clk_1M ; 0.000        ; 0.063      ; 0.577      ;
; 0.357 ; DHT11_Controller:dht11_ctrl|next_state.READ_HIGH_87US    ; DHT11_Controller:dht11_ctrl|next_state.READ_HIGH_87US    ; Clock_1MHz:CLK1MHZ|clk_1M ; Clock_1MHz:CLK1MHZ|clk_1M ; 0.000        ; 0.063      ; 0.577      ;
; 0.357 ; DHT11_Controller:dht11_ctrl|state                        ; DHT11_Controller:dht11_ctrl|state                        ; Clock_1MHz:CLK1MHZ|clk_1M ; Clock_1MHz:CLK1MHZ|clk_1M ; 0.000        ; 0.063      ; 0.577      ;
; 0.393 ; DHT11_Controller:dht11_ctrl|data_temp[22]                ; DHT11_Controller:dht11_ctrl|data_temp[23]                ; Clock_1MHz:CLK1MHZ|clk_1M ; Clock_1MHz:CLK1MHZ|clk_1M ; 0.000        ; 0.063      ; 0.613      ;
; 0.393 ; DHT11_Controller:dht11_ctrl|data_temp[14]                ; DHT11_Controller:dht11_ctrl|data_temp[15]                ; Clock_1MHz:CLK1MHZ|clk_1M ; Clock_1MHz:CLK1MHZ|clk_1M ; 0.000        ; 0.062      ; 0.612      ;
; 0.397 ; DHT11_Controller:dht11_ctrl|count_1us[20]                ; DHT11_Controller:dht11_ctrl|count_1us[20]                ; Clock_1MHz:CLK1MHZ|clk_1M ; Clock_1MHz:CLK1MHZ|clk_1M ; 0.000        ; 0.063      ; 0.617      ;
; 0.497 ; DHT11_Controller:dht11_ctrl|data_temp[5]                 ; DHT11_Controller:dht11_ctrl|data_temp[6]                 ; Clock_1MHz:CLK1MHZ|clk_1M ; Clock_1MHz:CLK1MHZ|clk_1M ; 0.000        ; 0.063      ; 0.717      ;
; 0.499 ; DHT11_Controller:dht11_ctrl|data_temp[15]                ; DHT11_Controller:dht11_ctrl|data_valid[7]                ; Clock_1MHz:CLK1MHZ|clk_1M ; Clock_1MHz:CLK1MHZ|clk_1M ; 0.000        ; 0.062      ; 0.718      ;
; 0.499 ; DHT11_Controller:dht11_ctrl|data_temp[38]                ; DHT11_Controller:dht11_ctrl|data_temp[39]                ; Clock_1MHz:CLK1MHZ|clk_1M ; Clock_1MHz:CLK1MHZ|clk_1M ; 0.000        ; 0.063      ; 0.719      ;
; 0.499 ; DHT11_Controller:dht11_ctrl|data_temp[3]                 ; DHT11_Controller:dht11_ctrl|data_temp[4]                 ; Clock_1MHz:CLK1MHZ|clk_1M ; Clock_1MHz:CLK1MHZ|clk_1M ; 0.000        ; 0.063      ; 0.719      ;
; 0.514 ; DHT11_Controller:dht11_ctrl|next_state.CONTROL_LOW       ; DHT11_Controller:dht11_ctrl|cur_state.CONTROL_LOW        ; Clock_1MHz:CLK1MHZ|clk_1M ; Clock_1MHz:CLK1MHZ|clk_1M ; 0.000        ; 0.063      ; 0.734      ;
; 0.515 ; DHT11_Controller:dht11_ctrl|next_state.READ_DATA         ; DHT11_Controller:dht11_ctrl|cur_state.READ_DATA          ; Clock_1MHz:CLK1MHZ|clk_1M ; Clock_1MHz:CLK1MHZ|clk_1M ; 0.000        ; 0.064      ; 0.736      ;
; 0.516 ; DHT11_Controller:dht11_ctrl|next_state.KEEP_DELAY        ; DHT11_Controller:dht11_ctrl|cur_state.KEEP_DELAY         ; Clock_1MHz:CLK1MHZ|clk_1M ; Clock_1MHz:CLK1MHZ|clk_1M ; 0.000        ; 0.063      ; 0.736      ;
; 0.517 ; DHT11_Controller:dht11_ctrl|next_state.CONTROL_LOW_20MS  ; DHT11_Controller:dht11_ctrl|cur_state.CONTROL_LOW_20MS   ; Clock_1MHz:CLK1MHZ|clk_1M ; Clock_1MHz:CLK1MHZ|clk_1M ; 0.000        ; 0.063      ; 0.737      ;
; 0.530 ; DHT11_Controller:dht11_ctrl|data_temp[0]                 ; DHT11_Controller:dht11_ctrl|data_temp[1]                 ; Clock_1MHz:CLK1MHZ|clk_1M ; Clock_1MHz:CLK1MHZ|clk_1M ; 0.000        ; 0.064      ; 0.751      ;
; 0.545 ; DHT11_Controller:dht11_ctrl|data_temp[19]                ; DHT11_Controller:dht11_ctrl|data_valid[11]               ; Clock_1MHz:CLK1MHZ|clk_1M ; Clock_1MHz:CLK1MHZ|clk_1M ; 0.000        ; 0.432      ; 1.134      ;
; 0.547 ; DHT11_Controller:dht11_ctrl|data_temp[16]                ; DHT11_Controller:dht11_ctrl|data_valid[8]                ; Clock_1MHz:CLK1MHZ|clk_1M ; Clock_1MHz:CLK1MHZ|clk_1M ; 0.000        ; 0.432      ; 1.136      ;
; 0.551 ; DHT11_Controller:dht11_ctrl|count_1us[1]                 ; DHT11_Controller:dht11_ctrl|count_1us[1]                 ; Clock_1MHz:CLK1MHZ|clk_1M ; Clock_1MHz:CLK1MHZ|clk_1M ; 0.000        ; 0.063      ; 0.771      ;
; 0.556 ; DHT11_Controller:dht11_ctrl|data_count[1]                ; DHT11_Controller:dht11_ctrl|data_count[1]                ; Clock_1MHz:CLK1MHZ|clk_1M ; Clock_1MHz:CLK1MHZ|clk_1M ; 0.000        ; 0.063      ; 0.776      ;
; 0.556 ; DHT11_Controller:dht11_ctrl|dht_d0                       ; DHT11_Controller:dht11_ctrl|dht_d1                       ; Clock_1MHz:CLK1MHZ|clk_1M ; Clock_1MHz:CLK1MHZ|clk_1M ; 0.000        ; 0.064      ; 0.777      ;
; 0.557 ; DHT11_Controller:dht11_ctrl|data_count[3]                ; DHT11_Controller:dht11_ctrl|data_count[3]                ; Clock_1MHz:CLK1MHZ|clk_1M ; Clock_1MHz:CLK1MHZ|clk_1M ; 0.000        ; 0.063      ; 0.777      ;
; 0.561 ; DHT11_Controller:dht11_ctrl|data_count[2]                ; DHT11_Controller:dht11_ctrl|data_count[2]                ; Clock_1MHz:CLK1MHZ|clk_1M ; Clock_1MHz:CLK1MHZ|clk_1M ; 0.000        ; 0.063      ; 0.781      ;
; 0.565 ; DHT11_Controller:dht11_ctrl|count_1us[3]                 ; DHT11_Controller:dht11_ctrl|count_1us[3]                 ; Clock_1MHz:CLK1MHZ|clk_1M ; Clock_1MHz:CLK1MHZ|clk_1M ; 0.000        ; 0.063      ; 0.785      ;
; 0.566 ; DHT11_Controller:dht11_ctrl|data_count[4]                ; DHT11_Controller:dht11_ctrl|data_count[4]                ; Clock_1MHz:CLK1MHZ|clk_1M ; Clock_1MHz:CLK1MHZ|clk_1M ; 0.000        ; 0.063      ; 0.786      ;
; 0.567 ; DHT11_Controller:dht11_ctrl|count_1us[2]                 ; DHT11_Controller:dht11_ctrl|count_1us[2]                 ; Clock_1MHz:CLK1MHZ|clk_1M ; Clock_1MHz:CLK1MHZ|clk_1M ; 0.000        ; 0.063      ; 0.787      ;
; 0.567 ; DHT11_Controller:dht11_ctrl|count_1us[0]                 ; DHT11_Controller:dht11_ctrl|count_1us[0]                 ; Clock_1MHz:CLK1MHZ|clk_1M ; Clock_1MHz:CLK1MHZ|clk_1M ; 0.000        ; 0.063      ; 0.787      ;
; 0.568 ; DHT11_Controller:dht11_ctrl|count_1us[17]                ; DHT11_Controller:dht11_ctrl|count_1us[17]                ; Clock_1MHz:CLK1MHZ|clk_1M ; Clock_1MHz:CLK1MHZ|clk_1M ; 0.000        ; 0.063      ; 0.788      ;
; 0.569 ; DHT11_Controller:dht11_ctrl|data_count[5]                ; DHT11_Controller:dht11_ctrl|data_count[5]                ; Clock_1MHz:CLK1MHZ|clk_1M ; Clock_1MHz:CLK1MHZ|clk_1M ; 0.000        ; 0.063      ; 0.789      ;
; 0.569 ; DHT11_Controller:dht11_ctrl|count_1us[19]                ; DHT11_Controller:dht11_ctrl|count_1us[19]                ; Clock_1MHz:CLK1MHZ|clk_1M ; Clock_1MHz:CLK1MHZ|clk_1M ; 0.000        ; 0.063      ; 0.789      ;
; 0.569 ; DHT11_Controller:dht11_ctrl|count_1us[18]                ; DHT11_Controller:dht11_ctrl|count_1us[18]                ; Clock_1MHz:CLK1MHZ|clk_1M ; Clock_1MHz:CLK1MHZ|clk_1M ; 0.000        ; 0.063      ; 0.789      ;
; 0.570 ; DHT11_Controller:dht11_ctrl|data_temp[6]                 ; DHT11_Controller:dht11_ctrl|data_temp[7]                 ; Clock_1MHz:CLK1MHZ|clk_1M ; Clock_1MHz:CLK1MHZ|clk_1M ; 0.000        ; 0.063      ; 0.790      ;
; 0.571 ; DHT11_Controller:dht11_ctrl|count_1us[5]                 ; DHT11_Controller:dht11_ctrl|count_1us[5]                 ; Clock_1MHz:CLK1MHZ|clk_1M ; Clock_1MHz:CLK1MHZ|clk_1M ; 0.000        ; 0.063      ; 0.791      ;
; 0.573 ; DHT11_Controller:dht11_ctrl|count_1us[4]                 ; DHT11_Controller:dht11_ctrl|count_1us[4]                 ; Clock_1MHz:CLK1MHZ|clk_1M ; Clock_1MHz:CLK1MHZ|clk_1M ; 0.000        ; 0.063      ; 0.793      ;
; 0.575 ; DHT11_Controller:dht11_ctrl|count_1us[13]                ; DHT11_Controller:dht11_ctrl|count_1us[13]                ; Clock_1MHz:CLK1MHZ|clk_1M ; Clock_1MHz:CLK1MHZ|clk_1M ; 0.000        ; 0.063      ; 0.795      ;
; 0.575 ; DHT11_Controller:dht11_ctrl|count_1us[6]                 ; DHT11_Controller:dht11_ctrl|count_1us[6]                 ; Clock_1MHz:CLK1MHZ|clk_1M ; Clock_1MHz:CLK1MHZ|clk_1M ; 0.000        ; 0.063      ; 0.795      ;
; 0.576 ; DHT11_Controller:dht11_ctrl|count_1us[11]                ; DHT11_Controller:dht11_ctrl|count_1us[11]                ; Clock_1MHz:CLK1MHZ|clk_1M ; Clock_1MHz:CLK1MHZ|clk_1M ; 0.000        ; 0.063      ; 0.796      ;
; 0.577 ; DHT11_Controller:dht11_ctrl|data_temp[37]                ; DHT11_Controller:dht11_ctrl|data_valid[29]               ; Clock_1MHz:CLK1MHZ|clk_1M ; Clock_1MHz:CLK1MHZ|clk_1M ; 0.000        ; 0.064      ; 0.798      ;
; 0.577 ; DHT11_Controller:dht11_ctrl|count_1us[10]                ; DHT11_Controller:dht11_ctrl|count_1us[10]                ; Clock_1MHz:CLK1MHZ|clk_1M ; Clock_1MHz:CLK1MHZ|clk_1M ; 0.000        ; 0.063      ; 0.797      ;
; 0.578 ; DHT11_Controller:dht11_ctrl|count_1us[16]                ; DHT11_Controller:dht11_ctrl|count_1us[16]                ; Clock_1MHz:CLK1MHZ|clk_1M ; Clock_1MHz:CLK1MHZ|clk_1M ; 0.000        ; 0.063      ; 0.798      ;
; 0.579 ; DHT11_Controller:dht11_ctrl|count_1us[12]                ; DHT11_Controller:dht11_ctrl|count_1us[12]                ; Clock_1MHz:CLK1MHZ|clk_1M ; Clock_1MHz:CLK1MHZ|clk_1M ; 0.000        ; 0.063      ; 0.799      ;
; 0.580 ; DHT11_Controller:dht11_ctrl|data_temp[12]                ; DHT11_Controller:dht11_ctrl|data_temp[13]                ; Clock_1MHz:CLK1MHZ|clk_1M ; Clock_1MHz:CLK1MHZ|clk_1M ; 0.000        ; 0.063      ; 0.800      ;
; 0.580 ; DHT11_Controller:dht11_ctrl|data_count[0]                ; DHT11_Controller:dht11_ctrl|data_count[0]                ; Clock_1MHz:CLK1MHZ|clk_1M ; Clock_1MHz:CLK1MHZ|clk_1M ; 0.000        ; 0.063      ; 0.800      ;
; 0.580 ; DHT11_Controller:dht11_ctrl|count_1us[14]                ; DHT11_Controller:dht11_ctrl|count_1us[14]                ; Clock_1MHz:CLK1MHZ|clk_1M ; Clock_1MHz:CLK1MHZ|clk_1M ; 0.000        ; 0.063      ; 0.800      ;
; 0.583 ; DHT11_Controller:dht11_ctrl|count_1us[9]                 ; DHT11_Controller:dht11_ctrl|count_1us[9]                 ; Clock_1MHz:CLK1MHZ|clk_1M ; Clock_1MHz:CLK1MHZ|clk_1M ; 0.000        ; 0.063      ; 0.803      ;
; 0.584 ; DHT11_Controller:dht11_ctrl|count_1us[15]                ; DHT11_Controller:dht11_ctrl|count_1us[15]                ; Clock_1MHz:CLK1MHZ|clk_1M ; Clock_1MHz:CLK1MHZ|clk_1M ; 0.000        ; 0.063      ; 0.804      ;
; 0.591 ; DHT11_Controller:dht11_ctrl|count_1us[7]                 ; DHT11_Controller:dht11_ctrl|count_1us[7]                 ; Clock_1MHz:CLK1MHZ|clk_1M ; Clock_1MHz:CLK1MHZ|clk_1M ; 0.000        ; 0.063      ; 0.811      ;
; 0.593 ; DHT11_Controller:dht11_ctrl|count_1us[8]                 ; DHT11_Controller:dht11_ctrl|count_1us[8]                 ; Clock_1MHz:CLK1MHZ|clk_1M ; Clock_1MHz:CLK1MHZ|clk_1M ; 0.000        ; 0.063      ; 0.813      ;
; 0.646 ; DHT11_Controller:dht11_ctrl|data_temp[10]                ; DHT11_Controller:dht11_ctrl|data_temp[11]                ; Clock_1MHz:CLK1MHZ|clk_1M ; Clock_1MHz:CLK1MHZ|clk_1M ; 0.000        ; 0.063      ; 0.866      ;
; 0.649 ; DHT11_Controller:dht11_ctrl|data_temp[16]                ; DHT11_Controller:dht11_ctrl|data_temp[17]                ; Clock_1MHz:CLK1MHZ|clk_1M ; Clock_1MHz:CLK1MHZ|clk_1M ; 0.000        ; 0.063      ; 0.869      ;
; 0.652 ; DHT11_Controller:dht11_ctrl|next_state.READ_LOW_83US     ; DHT11_Controller:dht11_ctrl|cur_state.READ_LOW_83US      ; Clock_1MHz:CLK1MHZ|clk_1M ; Clock_1MHz:CLK1MHZ|clk_1M ; 0.000        ; 0.064      ; 0.873      ;
; 0.659 ; DHT11_Controller:dht11_ctrl|data_temp[11]                ; DHT11_Controller:dht11_ctrl|data_temp[12]                ; Clock_1MHz:CLK1MHZ|clk_1M ; Clock_1MHz:CLK1MHZ|clk_1M ; 0.000        ; 0.063      ; 0.879      ;
; 0.671 ; DHT11_Controller:dht11_ctrl|cur_state.CONTROL_LOW_20MS   ; DHT11_Controller:dht11_ctrl|next_state.CONTROL_LOW       ; Clock_1MHz:CLK1MHZ|clk_1M ; Clock_1MHz:CLK1MHZ|clk_1M ; 0.000        ; 0.063      ; 0.891      ;
; 0.674 ; DHT11_Controller:dht11_ctrl|cur_state.CONTROL_LOW_20MS   ; DHT11_Controller:dht11_ctrl|next_state.CONTROL_LOW_20MS  ; Clock_1MHz:CLK1MHZ|clk_1M ; Clock_1MHz:CLK1MHZ|clk_1M ; 0.000        ; 0.063      ; 0.894      ;
; 0.686 ; DHT11_Controller:dht11_ctrl|next_state.CONTROL_HIGH_13US ; DHT11_Controller:dht11_ctrl|cur_state.CONTROL_HIGH_13US  ; Clock_1MHz:CLK1MHZ|clk_1M ; Clock_1MHz:CLK1MHZ|clk_1M ; 0.000        ; 0.063      ; 0.906      ;
; 0.703 ; DHT11_Controller:dht11_ctrl|data_temp[4]                 ; DHT11_Controller:dht11_ctrl|data_temp[5]                 ; Clock_1MHz:CLK1MHZ|clk_1M ; Clock_1MHz:CLK1MHZ|clk_1M ; 0.000        ; 0.063      ; 0.923      ;
; 0.709 ; DHT11_Controller:dht11_ctrl|data_temp[17]                ; DHT11_Controller:dht11_ctrl|data_valid[9]                ; Clock_1MHz:CLK1MHZ|clk_1M ; Clock_1MHz:CLK1MHZ|clk_1M ; 0.000        ; 0.062      ; 0.928      ;
; 0.733 ; DHT11_Controller:dht11_ctrl|cur_state.CONTROL_LOW_20MS   ; DHT11_Controller:dht11_ctrl|dht_buffer~en                ; Clock_1MHz:CLK1MHZ|clk_1M ; Clock_1MHz:CLK1MHZ|clk_1M ; 0.000        ; 0.063      ; 0.953      ;
; 0.742 ; DHT11_Controller:dht11_ctrl|data_temp[17]                ; DHT11_Controller:dht11_ctrl|data_temp[18]                ; Clock_1MHz:CLK1MHZ|clk_1M ; Clock_1MHz:CLK1MHZ|clk_1M ; 0.000        ; 0.061      ; 0.960      ;
; 0.749 ; DHT11_Controller:dht11_ctrl|data_temp[1]                 ; DHT11_Controller:dht11_ctrl|data_temp[2]                 ; Clock_1MHz:CLK1MHZ|clk_1M ; Clock_1MHz:CLK1MHZ|clk_1M ; 0.000        ; 0.062      ; 0.968      ;
; 0.762 ; DHT11_Controller:dht11_ctrl|data_temp[24]                ; DHT11_Controller:dht11_ctrl|data_valid[16]               ; Clock_1MHz:CLK1MHZ|clk_1M ; Clock_1MHz:CLK1MHZ|clk_1M ; 0.000        ; 0.065      ; 0.984      ;
; 0.783 ; DHT11_Controller:dht11_ctrl|cur_state.CONTROL_LOW_20MS   ; DHT11_Controller:dht11_ctrl|next_state.CONTROL_HIGH_13US ; Clock_1MHz:CLK1MHZ|clk_1M ; Clock_1MHz:CLK1MHZ|clk_1M ; 0.000        ; 0.063      ; 1.003      ;
; 0.785 ; DHT11_Controller:dht11_ctrl|data_temp[14]                ; DHT11_Controller:dht11_ctrl|data_valid[6]                ; Clock_1MHz:CLK1MHZ|clk_1M ; Clock_1MHz:CLK1MHZ|clk_1M ; 0.000        ; 0.061      ; 1.003      ;
; 0.791 ; DHT11_Controller:dht11_ctrl|data_temp[32]                ; DHT11_Controller:dht11_ctrl|data_temp[33]                ; Clock_1MHz:CLK1MHZ|clk_1M ; Clock_1MHz:CLK1MHZ|clk_1M ; 0.000        ; 0.064      ; 1.012      ;
; 0.799 ; DHT11_Controller:dht11_ctrl|cur_state.READ_DATA          ; DHT11_Controller:dht11_ctrl|data_temp[3]                 ; Clock_1MHz:CLK1MHZ|clk_1M ; Clock_1MHz:CLK1MHZ|clk_1M ; 0.000        ; 0.069      ; 1.025      ;
; 0.799 ; DHT11_Controller:dht11_ctrl|cur_state.READ_DATA          ; DHT11_Controller:dht11_ctrl|data_temp[7]                 ; Clock_1MHz:CLK1MHZ|clk_1M ; Clock_1MHz:CLK1MHZ|clk_1M ; 0.000        ; 0.069      ; 1.025      ;
; 0.800 ; DHT11_Controller:dht11_ctrl|cur_state.READ_DATA          ; DHT11_Controller:dht11_ctrl|data_temp[6]                 ; Clock_1MHz:CLK1MHZ|clk_1M ; Clock_1MHz:CLK1MHZ|clk_1M ; 0.000        ; 0.069      ; 1.026      ;
; 0.800 ; DHT11_Controller:dht11_ctrl|cur_state.READ_DATA          ; DHT11_Controller:dht11_ctrl|data_temp[4]                 ; Clock_1MHz:CLK1MHZ|clk_1M ; Clock_1MHz:CLK1MHZ|clk_1M ; 0.000        ; 0.069      ; 1.026      ;
; 0.800 ; DHT11_Controller:dht11_ctrl|cur_state.READ_DATA          ; DHT11_Controller:dht11_ctrl|data_temp[5]                 ; Clock_1MHz:CLK1MHZ|clk_1M ; Clock_1MHz:CLK1MHZ|clk_1M ; 0.000        ; 0.069      ; 1.026      ;
; 0.823 ; DHT11_Controller:dht11_ctrl|data_temp[30]                ; DHT11_Controller:dht11_ctrl|data_temp[31]                ; Clock_1MHz:CLK1MHZ|clk_1M ; Clock_1MHz:CLK1MHZ|clk_1M ; 0.000        ; 0.048      ; 1.028      ;
; 0.823 ; DHT11_Controller:dht11_ctrl|cur_state.READ_DATA          ; DHT11_Controller:dht11_ctrl|us_clear                     ; Clock_1MHz:CLK1MHZ|clk_1M ; Clock_1MHz:CLK1MHZ|clk_1M ; 0.000        ; 0.064      ; 1.044      ;
; 0.825 ; DHT11_Controller:dht11_ctrl|data_temp[15]                ; DHT11_Controller:dht11_ctrl|data_temp[16]                ; Clock_1MHz:CLK1MHZ|clk_1M ; Clock_1MHz:CLK1MHZ|clk_1M ; 0.000        ; 0.080      ; 1.062      ;
; 0.825 ; DHT11_Controller:dht11_ctrl|count_1us[1]                 ; DHT11_Controller:dht11_ctrl|count_1us[2]                 ; Clock_1MHz:CLK1MHZ|clk_1M ; Clock_1MHz:CLK1MHZ|clk_1M ; 0.000        ; 0.063      ; 1.045      ;
; 0.828 ; DHT11_Controller:dht11_ctrl|data_temp[10]                ; DHT11_Controller:dht11_ctrl|data_valid[2]                ; Clock_1MHz:CLK1MHZ|clk_1M ; Clock_1MHz:CLK1MHZ|clk_1M ; 0.000        ; 0.062      ; 1.047      ;
; 0.831 ; DHT11_Controller:dht11_ctrl|data_count[1]                ; DHT11_Controller:dht11_ctrl|data_count[2]                ; Clock_1MHz:CLK1MHZ|clk_1M ; Clock_1MHz:CLK1MHZ|clk_1M ; 0.000        ; 0.063      ; 1.051      ;
; 0.832 ; DHT11_Controller:dht11_ctrl|data_count[3]                ; DHT11_Controller:dht11_ctrl|data_count[4]                ; Clock_1MHz:CLK1MHZ|clk_1M ; Clock_1MHz:CLK1MHZ|clk_1M ; 0.000        ; 0.063      ; 1.052      ;
; 0.837 ; DHT11_Controller:dht11_ctrl|count_1us[0]                 ; DHT11_Controller:dht11_ctrl|count_1us[1]                 ; Clock_1MHz:CLK1MHZ|clk_1M ; Clock_1MHz:CLK1MHZ|clk_1M ; 0.000        ; 0.063      ; 1.057      ;
; 0.839 ; DHT11_Controller:dht11_ctrl|count_1us[3]                 ; DHT11_Controller:dht11_ctrl|count_1us[4]                 ; Clock_1MHz:CLK1MHZ|clk_1M ; Clock_1MHz:CLK1MHZ|clk_1M ; 0.000        ; 0.063      ; 1.059      ;
; 0.839 ; DHT11_Controller:dht11_ctrl|count_1us[0]                 ; DHT11_Controller:dht11_ctrl|count_1us[2]                 ; Clock_1MHz:CLK1MHZ|clk_1M ; Clock_1MHz:CLK1MHZ|clk_1M ; 0.000        ; 0.063      ; 1.059      ;
; 0.842 ; DHT11_Controller:dht11_ctrl|count_1us[17]                ; DHT11_Controller:dht11_ctrl|count_1us[18]                ; Clock_1MHz:CLK1MHZ|clk_1M ; Clock_1MHz:CLK1MHZ|clk_1M ; 0.000        ; 0.063      ; 1.062      ;
; 0.843 ; DHT11_Controller:dht11_ctrl|count_1us[19]                ; DHT11_Controller:dht11_ctrl|count_1us[20]                ; Clock_1MHz:CLK1MHZ|clk_1M ; Clock_1MHz:CLK1MHZ|clk_1M ; 0.000        ; 0.063      ; 1.063      ;
; 0.846 ; DHT11_Controller:dht11_ctrl|count_1us[5]                 ; DHT11_Controller:dht11_ctrl|count_1us[6]                 ; Clock_1MHz:CLK1MHZ|clk_1M ; Clock_1MHz:CLK1MHZ|clk_1M ; 0.000        ; 0.063      ; 1.066      ;
; 0.847 ; DHT11_Controller:dht11_ctrl|data_count[0]                ; DHT11_Controller:dht11_ctrl|data_count[1]                ; Clock_1MHz:CLK1MHZ|clk_1M ; Clock_1MHz:CLK1MHZ|clk_1M ; 0.000        ; 0.063      ; 1.067      ;
; 0.848 ; DHT11_Controller:dht11_ctrl|data_count[2]                ; DHT11_Controller:dht11_ctrl|data_count[3]                ; Clock_1MHz:CLK1MHZ|clk_1M ; Clock_1MHz:CLK1MHZ|clk_1M ; 0.000        ; 0.063      ; 1.068      ;
; 0.849 ; DHT11_Controller:dht11_ctrl|data_count[0]                ; DHT11_Controller:dht11_ctrl|data_count[2]                ; Clock_1MHz:CLK1MHZ|clk_1M ; Clock_1MHz:CLK1MHZ|clk_1M ; 0.000        ; 0.063      ; 1.069      ;
; 0.850 ; DHT11_Controller:dht11_ctrl|count_1us[11]                ; DHT11_Controller:dht11_ctrl|count_1us[12]                ; Clock_1MHz:CLK1MHZ|clk_1M ; Clock_1MHz:CLK1MHZ|clk_1M ; 0.000        ; 0.063      ; 1.070      ;
; 0.850 ; DHT11_Controller:dht11_ctrl|count_1us[13]                ; DHT11_Controller:dht11_ctrl|count_1us[14]                ; Clock_1MHz:CLK1MHZ|clk_1M ; Clock_1MHz:CLK1MHZ|clk_1M ; 0.000        ; 0.063      ; 1.070      ;
; 0.850 ; DHT11_Controller:dht11_ctrl|data_count[2]                ; DHT11_Controller:dht11_ctrl|data_count[4]                ; Clock_1MHz:CLK1MHZ|clk_1M ; Clock_1MHz:CLK1MHZ|clk_1M ; 0.000        ; 0.063      ; 1.070      ;
; 0.851 ; DHT11_Controller:dht11_ctrl|count_1us[9]                 ; DHT11_Controller:dht11_ctrl|count_1us[10]                ; Clock_1MHz:CLK1MHZ|clk_1M ; Clock_1MHz:CLK1MHZ|clk_1M ; 0.000        ; 0.070      ; 1.078      ;
; 0.853 ; DHT11_Controller:dht11_ctrl|data_temp[37]                ; DHT11_Controller:dht11_ctrl|data_temp[38]                ; Clock_1MHz:CLK1MHZ|clk_1M ; Clock_1MHz:CLK1MHZ|clk_1M ; 0.000        ; 0.059      ; 1.069      ;
; 0.854 ; DHT11_Controller:dht11_ctrl|count_1us[2]                 ; DHT11_Controller:dht11_ctrl|count_1us[3]                 ; Clock_1MHz:CLK1MHZ|clk_1M ; Clock_1MHz:CLK1MHZ|clk_1M ; 0.000        ; 0.063      ; 1.074      ;
; 0.854 ; DHT11_Controller:dht11_ctrl|data_count[4]                ; DHT11_Controller:dht11_ctrl|data_count[5]                ; Clock_1MHz:CLK1MHZ|clk_1M ; Clock_1MHz:CLK1MHZ|clk_1M ; 0.000        ; 0.063      ; 1.074      ;
; 0.856 ; DHT11_Controller:dht11_ctrl|data_temp[11]                ; DHT11_Controller:dht11_ctrl|data_valid[3]                ; Clock_1MHz:CLK1MHZ|clk_1M ; Clock_1MHz:CLK1MHZ|clk_1M ; 0.000        ; 0.414      ; 1.427      ;
; 0.856 ; DHT11_Controller:dht11_ctrl|count_1us[18]                ; DHT11_Controller:dht11_ctrl|count_1us[19]                ; Clock_1MHz:CLK1MHZ|clk_1M ; Clock_1MHz:CLK1MHZ|clk_1M ; 0.000        ; 0.063      ; 1.076      ;
; 0.856 ; DHT11_Controller:dht11_ctrl|count_1us[2]                 ; DHT11_Controller:dht11_ctrl|count_1us[4]                 ; Clock_1MHz:CLK1MHZ|clk_1M ; Clock_1MHz:CLK1MHZ|clk_1M ; 0.000        ; 0.063      ; 1.076      ;
; 0.858 ; DHT11_Controller:dht11_ctrl|count_1us[18]                ; DHT11_Controller:dht11_ctrl|count_1us[20]                ; Clock_1MHz:CLK1MHZ|clk_1M ; Clock_1MHz:CLK1MHZ|clk_1M ; 0.000        ; 0.063      ; 1.078      ;
; 0.859 ; DHT11_Controller:dht11_ctrl|count_1us[15]                ; DHT11_Controller:dht11_ctrl|count_1us[16]                ; Clock_1MHz:CLK1MHZ|clk_1M ; Clock_1MHz:CLK1MHZ|clk_1M ; 0.000        ; 0.063      ; 1.079      ;
+-------+----------------------------------------------------------+----------------------------------------------------------+---------------------------+---------------------------+--------------+------------+------------+


+---------------------------------------------------------------------------------------------------------------------------+
; Slow 1200mV 85C Model Minimum Pulse Width: 'clk'                                                                          ;
+--------+--------------+----------------+-----------------+-------+------------+-------------------------------------------+
; Slack  ; Actual Width ; Required Width ; Type            ; Clock ; Clock Edge ; Target                                    ;
+--------+--------------+----------------+-----------------+-------+------------+-------------------------------------------+
; -3.000 ; 1.000        ; 4.000          ; Port Rate       ; clk   ; Rise       ; clk                                       ;
; -1.000 ; 1.000        ; 2.000          ; Min Period      ; clk   ; Rise       ; Clock_1MHz:CLK1MHZ|clk_1M                 ;
; -1.000 ; 1.000        ; 2.000          ; Min Period      ; clk   ; Rise       ; Clock_1MHz:CLK1MHZ|clk_cnt[0]             ;
; -1.000 ; 1.000        ; 2.000          ; Min Period      ; clk   ; Rise       ; Clock_1MHz:CLK1MHZ|clk_cnt[1]             ;
; -1.000 ; 1.000        ; 2.000          ; Min Period      ; clk   ; Rise       ; Clock_1MHz:CLK1MHZ|clk_cnt[2]             ;
; -1.000 ; 1.000        ; 2.000          ; Min Period      ; clk   ; Rise       ; Clock_1MHz:CLK1MHZ|clk_cnt[3]             ;
; -1.000 ; 1.000        ; 2.000          ; Min Period      ; clk   ; Rise       ; Clock_1MHz:CLK1MHZ|clk_cnt[4]             ;
; -1.000 ; 1.000        ; 2.000          ; Min Period      ; clk   ; Rise       ; LCD_Controller:lcd_ctrl|char_array[10][0] ;
; -1.000 ; 1.000        ; 2.000          ; Min Period      ; clk   ; Rise       ; LCD_Controller:lcd_ctrl|char_array[10][1] ;
; -1.000 ; 1.000        ; 2.000          ; Min Period      ; clk   ; Rise       ; LCD_Controller:lcd_ctrl|char_array[10][2] ;
; -1.000 ; 1.000        ; 2.000          ; Min Period      ; clk   ; Rise       ; LCD_Controller:lcd_ctrl|char_array[10][3] ;
; -1.000 ; 1.000        ; 2.000          ; Min Period      ; clk   ; Rise       ; LCD_Controller:lcd_ctrl|char_array[10][4] ;
; -1.000 ; 1.000        ; 2.000          ; Min Period      ; clk   ; Rise       ; LCD_Controller:lcd_ctrl|char_array[10][5] ;
; -1.000 ; 1.000        ; 2.000          ; Min Period      ; clk   ; Rise       ; LCD_Controller:lcd_ctrl|char_array[10][6] ;
; -1.000 ; 1.000        ; 2.000          ; Min Period      ; clk   ; Rise       ; LCD_Controller:lcd_ctrl|char_array[11][0] ;
; -1.000 ; 1.000        ; 2.000          ; Min Period      ; clk   ; Rise       ; LCD_Controller:lcd_ctrl|char_array[11][1] ;
; -1.000 ; 1.000        ; 2.000          ; Min Period      ; clk   ; Rise       ; LCD_Controller:lcd_ctrl|char_array[11][2] ;
; -1.000 ; 1.000        ; 2.000          ; Min Period      ; clk   ; Rise       ; LCD_Controller:lcd_ctrl|char_array[11][3] ;
; -1.000 ; 1.000        ; 2.000          ; Min Period      ; clk   ; Rise       ; LCD_Controller:lcd_ctrl|char_array[13][0] ;
; -1.000 ; 1.000        ; 2.000          ; Min Period      ; clk   ; Rise       ; LCD_Controller:lcd_ctrl|char_array[13][1] ;
; -1.000 ; 1.000        ; 2.000          ; Min Period      ; clk   ; Rise       ; LCD_Controller:lcd_ctrl|char_array[13][2] ;
; -1.000 ; 1.000        ; 2.000          ; Min Period      ; clk   ; Rise       ; LCD_Controller:lcd_ctrl|char_array[13][3] ;
; -1.000 ; 1.000        ; 2.000          ; Min Period      ; clk   ; Rise       ; LCD_Controller:lcd_ctrl|char_array[13][4] ;
; -1.000 ; 1.000        ; 2.000          ; Min Period      ; clk   ; Rise       ; LCD_Controller:lcd_ctrl|char_array[13][5] ;
; -1.000 ; 1.000        ; 2.000          ; Min Period      ; clk   ; Rise       ; LCD_Controller:lcd_ctrl|char_array[13][6] ;
; -1.000 ; 1.000        ; 2.000          ; Min Period      ; clk   ; Rise       ; LCD_Controller:lcd_ctrl|char_array[14][0] ;
; -1.000 ; 1.000        ; 2.000          ; Min Period      ; clk   ; Rise       ; LCD_Controller:lcd_ctrl|char_array[14][1] ;
; -1.000 ; 1.000        ; 2.000          ; Min Period      ; clk   ; Rise       ; LCD_Controller:lcd_ctrl|char_array[14][2] ;
; -1.000 ; 1.000        ; 2.000          ; Min Period      ; clk   ; Rise       ; LCD_Controller:lcd_ctrl|char_array[14][3] ;
; -1.000 ; 1.000        ; 2.000          ; Min Period      ; clk   ; Rise       ; LCD_Controller:lcd_ctrl|char_array[24][0] ;
; -1.000 ; 1.000        ; 2.000          ; Min Period      ; clk   ; Rise       ; LCD_Controller:lcd_ctrl|char_array[24][1] ;
; -1.000 ; 1.000        ; 2.000          ; Min Period      ; clk   ; Rise       ; LCD_Controller:lcd_ctrl|char_array[24][2] ;
; -1.000 ; 1.000        ; 2.000          ; Min Period      ; clk   ; Rise       ; LCD_Controller:lcd_ctrl|char_array[24][3] ;
; -1.000 ; 1.000        ; 2.000          ; Min Period      ; clk   ; Rise       ; LCD_Controller:lcd_ctrl|char_array[24][4] ;
; -1.000 ; 1.000        ; 2.000          ; Min Period      ; clk   ; Rise       ; LCD_Controller:lcd_ctrl|char_array[24][5] ;
; -1.000 ; 1.000        ; 2.000          ; Min Period      ; clk   ; Rise       ; LCD_Controller:lcd_ctrl|char_array[24][6] ;
; -1.000 ; 1.000        ; 2.000          ; Min Period      ; clk   ; Rise       ; LCD_Controller:lcd_ctrl|char_array[25][0] ;
; -1.000 ; 1.000        ; 2.000          ; Min Period      ; clk   ; Rise       ; LCD_Controller:lcd_ctrl|char_array[25][1] ;
; -1.000 ; 1.000        ; 2.000          ; Min Period      ; clk   ; Rise       ; LCD_Controller:lcd_ctrl|char_array[25][2] ;
; -1.000 ; 1.000        ; 2.000          ; Min Period      ; clk   ; Rise       ; LCD_Controller:lcd_ctrl|char_array[25][3] ;
; -1.000 ; 1.000        ; 2.000          ; Min Period      ; clk   ; Rise       ; LCD_Controller:lcd_ctrl|char_array[27][0] ;
; -1.000 ; 1.000        ; 2.000          ; Min Period      ; clk   ; Rise       ; LCD_Controller:lcd_ctrl|char_array[27][1] ;
; -1.000 ; 1.000        ; 2.000          ; Min Period      ; clk   ; Rise       ; LCD_Controller:lcd_ctrl|char_array[27][2] ;
; -1.000 ; 1.000        ; 2.000          ; Min Period      ; clk   ; Rise       ; LCD_Controller:lcd_ctrl|char_array[27][3] ;
; -1.000 ; 1.000        ; 2.000          ; Min Period      ; clk   ; Rise       ; LCD_Controller:lcd_ctrl|char_array[27][4] ;
; -1.000 ; 1.000        ; 2.000          ; Min Period      ; clk   ; Rise       ; LCD_Controller:lcd_ctrl|char_array[27][5] ;
; -1.000 ; 1.000        ; 2.000          ; Min Period      ; clk   ; Rise       ; LCD_Controller:lcd_ctrl|char_array[27][6] ;
; -1.000 ; 1.000        ; 2.000          ; Min Period      ; clk   ; Rise       ; LCD_Controller:lcd_ctrl|char_array[28][0] ;
; -1.000 ; 1.000        ; 2.000          ; Min Period      ; clk   ; Rise       ; LCD_Controller:lcd_ctrl|char_array[28][1] ;
; -1.000 ; 1.000        ; 2.000          ; Min Period      ; clk   ; Rise       ; LCD_Controller:lcd_ctrl|char_array[28][2] ;
; -1.000 ; 1.000        ; 2.000          ; Min Period      ; clk   ; Rise       ; LCD_Controller:lcd_ctrl|char_array[28][3] ;
; -1.000 ; 1.000        ; 2.000          ; Min Period      ; clk   ; Rise       ; LCD_Controller:lcd_ctrl|char_index[0]     ;
; -1.000 ; 1.000        ; 2.000          ; Min Period      ; clk   ; Rise       ; LCD_Controller:lcd_ctrl|char_index[1]     ;
; -1.000 ; 1.000        ; 2.000          ; Min Period      ; clk   ; Rise       ; LCD_Controller:lcd_ctrl|char_index[2]     ;
; -1.000 ; 1.000        ; 2.000          ; Min Period      ; clk   ; Rise       ; LCD_Controller:lcd_ctrl|char_index[3]     ;
; -1.000 ; 1.000        ; 2.000          ; Min Period      ; clk   ; Rise       ; LCD_Controller:lcd_ctrl|char_index[4]     ;
; -1.000 ; 1.000        ; 2.000          ; Min Period      ; clk   ; Rise       ; LCD_Controller:lcd_ctrl|counter[0]        ;
; -1.000 ; 1.000        ; 2.000          ; Min Period      ; clk   ; Rise       ; LCD_Controller:lcd_ctrl|counter[10]       ;
; -1.000 ; 1.000        ; 2.000          ; Min Period      ; clk   ; Rise       ; LCD_Controller:lcd_ctrl|counter[11]       ;
; -1.000 ; 1.000        ; 2.000          ; Min Period      ; clk   ; Rise       ; LCD_Controller:lcd_ctrl|counter[12]       ;
; -1.000 ; 1.000        ; 2.000          ; Min Period      ; clk   ; Rise       ; LCD_Controller:lcd_ctrl|counter[13]       ;
; -1.000 ; 1.000        ; 2.000          ; Min Period      ; clk   ; Rise       ; LCD_Controller:lcd_ctrl|counter[14]       ;
; -1.000 ; 1.000        ; 2.000          ; Min Period      ; clk   ; Rise       ; LCD_Controller:lcd_ctrl|counter[15]       ;
; -1.000 ; 1.000        ; 2.000          ; Min Period      ; clk   ; Rise       ; LCD_Controller:lcd_ctrl|counter[16]       ;
; -1.000 ; 1.000        ; 2.000          ; Min Period      ; clk   ; Rise       ; LCD_Controller:lcd_ctrl|counter[17]       ;
; -1.000 ; 1.000        ; 2.000          ; Min Period      ; clk   ; Rise       ; LCD_Controller:lcd_ctrl|counter[18]       ;
; -1.000 ; 1.000        ; 2.000          ; Min Period      ; clk   ; Rise       ; LCD_Controller:lcd_ctrl|counter[19]       ;
; -1.000 ; 1.000        ; 2.000          ; Min Period      ; clk   ; Rise       ; LCD_Controller:lcd_ctrl|counter[1]        ;
; -1.000 ; 1.000        ; 2.000          ; Min Period      ; clk   ; Rise       ; LCD_Controller:lcd_ctrl|counter[20]       ;
; -1.000 ; 1.000        ; 2.000          ; Min Period      ; clk   ; Rise       ; LCD_Controller:lcd_ctrl|counter[21]       ;
; -1.000 ; 1.000        ; 2.000          ; Min Period      ; clk   ; Rise       ; LCD_Controller:lcd_ctrl|counter[2]        ;
; -1.000 ; 1.000        ; 2.000          ; Min Period      ; clk   ; Rise       ; LCD_Controller:lcd_ctrl|counter[3]        ;
; -1.000 ; 1.000        ; 2.000          ; Min Period      ; clk   ; Rise       ; LCD_Controller:lcd_ctrl|counter[4]        ;
; -1.000 ; 1.000        ; 2.000          ; Min Period      ; clk   ; Rise       ; LCD_Controller:lcd_ctrl|counter[5]        ;
; -1.000 ; 1.000        ; 2.000          ; Min Period      ; clk   ; Rise       ; LCD_Controller:lcd_ctrl|counter[6]        ;
; -1.000 ; 1.000        ; 2.000          ; Min Period      ; clk   ; Rise       ; LCD_Controller:lcd_ctrl|counter[7]        ;
; -1.000 ; 1.000        ; 2.000          ; Min Period      ; clk   ; Rise       ; LCD_Controller:lcd_ctrl|counter[8]        ;
; -1.000 ; 1.000        ; 2.000          ; Min Period      ; clk   ; Rise       ; LCD_Controller:lcd_ctrl|counter[9]        ;
; -1.000 ; 1.000        ; 2.000          ; Min Period      ; clk   ; Rise       ; LCD_Controller:lcd_ctrl|lcd_db[0]         ;
; -1.000 ; 1.000        ; 2.000          ; Min Period      ; clk   ; Rise       ; LCD_Controller:lcd_ctrl|lcd_db[1]         ;
; -1.000 ; 1.000        ; 2.000          ; Min Period      ; clk   ; Rise       ; LCD_Controller:lcd_ctrl|lcd_db[2]         ;
; -1.000 ; 1.000        ; 2.000          ; Min Period      ; clk   ; Rise       ; LCD_Controller:lcd_ctrl|lcd_db[3]         ;
; -1.000 ; 1.000        ; 2.000          ; Min Period      ; clk   ; Rise       ; LCD_Controller:lcd_ctrl|lcd_db[4]         ;
; -1.000 ; 1.000        ; 2.000          ; Min Period      ; clk   ; Rise       ; LCD_Controller:lcd_ctrl|lcd_db[5]         ;
; -1.000 ; 1.000        ; 2.000          ; Min Period      ; clk   ; Rise       ; LCD_Controller:lcd_ctrl|lcd_db[6]         ;
; -1.000 ; 1.000        ; 2.000          ; Min Period      ; clk   ; Rise       ; LCD_Controller:lcd_ctrl|lcd_db[7]         ;
; -1.000 ; 1.000        ; 2.000          ; Min Period      ; clk   ; Rise       ; LCD_Controller:lcd_ctrl|lcd_e             ;
; -1.000 ; 1.000        ; 2.000          ; Min Period      ; clk   ; Rise       ; LCD_Controller:lcd_ctrl|lcd_rs            ;
; -1.000 ; 1.000        ; 2.000          ; Min Period      ; clk   ; Rise       ; LCD_Controller:lcd_ctrl|state.000000      ;
; -1.000 ; 1.000        ; 2.000          ; Min Period      ; clk   ; Rise       ; LCD_Controller:lcd_ctrl|state.000001      ;
; -1.000 ; 1.000        ; 2.000          ; Min Period      ; clk   ; Rise       ; LCD_Controller:lcd_ctrl|state.000010      ;
; -1.000 ; 1.000        ; 2.000          ; Min Period      ; clk   ; Rise       ; LCD_Controller:lcd_ctrl|state.000011      ;
; -1.000 ; 1.000        ; 2.000          ; Min Period      ; clk   ; Rise       ; LCD_Controller:lcd_ctrl|state.000100      ;
; -1.000 ; 1.000        ; 2.000          ; Min Period      ; clk   ; Rise       ; LCD_Controller:lcd_ctrl|state.000101      ;
; -1.000 ; 1.000        ; 2.000          ; Min Period      ; clk   ; Rise       ; LCD_Controller:lcd_ctrl|state.000110      ;
; -1.000 ; 1.000        ; 2.000          ; Min Period      ; clk   ; Rise       ; LCD_Controller:lcd_ctrl|state.000111      ;
; -1.000 ; 1.000        ; 2.000          ; Min Period      ; clk   ; Rise       ; LCD_Controller:lcd_ctrl|state.001000      ;
; -1.000 ; 1.000        ; 2.000          ; Min Period      ; clk   ; Rise       ; LCD_Controller:lcd_ctrl|state.001001      ;
; 0.169  ; 0.353        ; 0.184          ; Low Pulse Width ; clk   ; Rise       ; LCD_Controller:lcd_ctrl|char_array[14][1] ;
; 0.169  ; 0.353        ; 0.184          ; Low Pulse Width ; clk   ; Rise       ; LCD_Controller:lcd_ctrl|char_array[14][2] ;
+--------+--------------+----------------+-----------------+-------+------------+-------------------------------------------+


+--------------------------------------------------------------------------------------------------------------------------------------------------------+
; Slow 1200mV 85C Model Minimum Pulse Width: 'Clock_1MHz:CLK1MHZ|clk_1M'                                                                                 ;
+--------+--------------+----------------+------------+---------------------------+------------+---------------------------------------------------------+
; Slack  ; Actual Width ; Required Width ; Type       ; Clock                     ; Clock Edge ; Target                                                  ;
+--------+--------------+----------------+------------+---------------------------+------------+---------------------------------------------------------+
; -1.000 ; 1.000        ; 2.000          ; Min Period ; Clock_1MHz:CLK1MHZ|clk_1M ; Rise       ; DHT11_Controller:dht11_ctrl|count_1us[0]                ;
; -1.000 ; 1.000        ; 2.000          ; Min Period ; Clock_1MHz:CLK1MHZ|clk_1M ; Rise       ; DHT11_Controller:dht11_ctrl|count_1us[10]               ;
; -1.000 ; 1.000        ; 2.000          ; Min Period ; Clock_1MHz:CLK1MHZ|clk_1M ; Rise       ; DHT11_Controller:dht11_ctrl|count_1us[11]               ;
; -1.000 ; 1.000        ; 2.000          ; Min Period ; Clock_1MHz:CLK1MHZ|clk_1M ; Rise       ; DHT11_Controller:dht11_ctrl|count_1us[12]               ;
; -1.000 ; 1.000        ; 2.000          ; Min Period ; Clock_1MHz:CLK1MHZ|clk_1M ; Rise       ; DHT11_Controller:dht11_ctrl|count_1us[13]               ;
; -1.000 ; 1.000        ; 2.000          ; Min Period ; Clock_1MHz:CLK1MHZ|clk_1M ; Rise       ; DHT11_Controller:dht11_ctrl|count_1us[14]               ;
; -1.000 ; 1.000        ; 2.000          ; Min Period ; Clock_1MHz:CLK1MHZ|clk_1M ; Rise       ; DHT11_Controller:dht11_ctrl|count_1us[15]               ;
; -1.000 ; 1.000        ; 2.000          ; Min Period ; Clock_1MHz:CLK1MHZ|clk_1M ; Rise       ; DHT11_Controller:dht11_ctrl|count_1us[16]               ;
; -1.000 ; 1.000        ; 2.000          ; Min Period ; Clock_1MHz:CLK1MHZ|clk_1M ; Rise       ; DHT11_Controller:dht11_ctrl|count_1us[17]               ;
; -1.000 ; 1.000        ; 2.000          ; Min Period ; Clock_1MHz:CLK1MHZ|clk_1M ; Rise       ; DHT11_Controller:dht11_ctrl|count_1us[18]               ;
; -1.000 ; 1.000        ; 2.000          ; Min Period ; Clock_1MHz:CLK1MHZ|clk_1M ; Rise       ; DHT11_Controller:dht11_ctrl|count_1us[19]               ;
; -1.000 ; 1.000        ; 2.000          ; Min Period ; Clock_1MHz:CLK1MHZ|clk_1M ; Rise       ; DHT11_Controller:dht11_ctrl|count_1us[1]                ;
; -1.000 ; 1.000        ; 2.000          ; Min Period ; Clock_1MHz:CLK1MHZ|clk_1M ; Rise       ; DHT11_Controller:dht11_ctrl|count_1us[20]               ;
; -1.000 ; 1.000        ; 2.000          ; Min Period ; Clock_1MHz:CLK1MHZ|clk_1M ; Rise       ; DHT11_Controller:dht11_ctrl|count_1us[2]                ;
; -1.000 ; 1.000        ; 2.000          ; Min Period ; Clock_1MHz:CLK1MHZ|clk_1M ; Rise       ; DHT11_Controller:dht11_ctrl|count_1us[3]                ;
; -1.000 ; 1.000        ; 2.000          ; Min Period ; Clock_1MHz:CLK1MHZ|clk_1M ; Rise       ; DHT11_Controller:dht11_ctrl|count_1us[4]                ;
; -1.000 ; 1.000        ; 2.000          ; Min Period ; Clock_1MHz:CLK1MHZ|clk_1M ; Rise       ; DHT11_Controller:dht11_ctrl|count_1us[5]                ;
; -1.000 ; 1.000        ; 2.000          ; Min Period ; Clock_1MHz:CLK1MHZ|clk_1M ; Rise       ; DHT11_Controller:dht11_ctrl|count_1us[6]                ;
; -1.000 ; 1.000        ; 2.000          ; Min Period ; Clock_1MHz:CLK1MHZ|clk_1M ; Rise       ; DHT11_Controller:dht11_ctrl|count_1us[7]                ;
; -1.000 ; 1.000        ; 2.000          ; Min Period ; Clock_1MHz:CLK1MHZ|clk_1M ; Rise       ; DHT11_Controller:dht11_ctrl|count_1us[8]                ;
; -1.000 ; 1.000        ; 2.000          ; Min Period ; Clock_1MHz:CLK1MHZ|clk_1M ; Rise       ; DHT11_Controller:dht11_ctrl|count_1us[9]                ;
; -1.000 ; 1.000        ; 2.000          ; Min Period ; Clock_1MHz:CLK1MHZ|clk_1M ; Rise       ; DHT11_Controller:dht11_ctrl|cur_state.CONTROL_HIGH_13US ;
; -1.000 ; 1.000        ; 2.000          ; Min Period ; Clock_1MHz:CLK1MHZ|clk_1M ; Rise       ; DHT11_Controller:dht11_ctrl|cur_state.CONTROL_LOW       ;
; -1.000 ; 1.000        ; 2.000          ; Min Period ; Clock_1MHz:CLK1MHZ|clk_1M ; Rise       ; DHT11_Controller:dht11_ctrl|cur_state.CONTROL_LOW_20MS  ;
; -1.000 ; 1.000        ; 2.000          ; Min Period ; Clock_1MHz:CLK1MHZ|clk_1M ; Rise       ; DHT11_Controller:dht11_ctrl|cur_state.KEEP_DELAY        ;
; -1.000 ; 1.000        ; 2.000          ; Min Period ; Clock_1MHz:CLK1MHZ|clk_1M ; Rise       ; DHT11_Controller:dht11_ctrl|cur_state.READ_DATA         ;
; -1.000 ; 1.000        ; 2.000          ; Min Period ; Clock_1MHz:CLK1MHZ|clk_1M ; Rise       ; DHT11_Controller:dht11_ctrl|cur_state.READ_HIGH_87US    ;
; -1.000 ; 1.000        ; 2.000          ; Min Period ; Clock_1MHz:CLK1MHZ|clk_1M ; Rise       ; DHT11_Controller:dht11_ctrl|cur_state.READ_LOW_83US     ;
; -1.000 ; 1.000        ; 2.000          ; Min Period ; Clock_1MHz:CLK1MHZ|clk_1M ; Rise       ; DHT11_Controller:dht11_ctrl|data_count[0]               ;
; -1.000 ; 1.000        ; 2.000          ; Min Period ; Clock_1MHz:CLK1MHZ|clk_1M ; Rise       ; DHT11_Controller:dht11_ctrl|data_count[1]               ;
; -1.000 ; 1.000        ; 2.000          ; Min Period ; Clock_1MHz:CLK1MHZ|clk_1M ; Rise       ; DHT11_Controller:dht11_ctrl|data_count[2]               ;
; -1.000 ; 1.000        ; 2.000          ; Min Period ; Clock_1MHz:CLK1MHZ|clk_1M ; Rise       ; DHT11_Controller:dht11_ctrl|data_count[3]               ;
; -1.000 ; 1.000        ; 2.000          ; Min Period ; Clock_1MHz:CLK1MHZ|clk_1M ; Rise       ; DHT11_Controller:dht11_ctrl|data_count[4]               ;
; -1.000 ; 1.000        ; 2.000          ; Min Period ; Clock_1MHz:CLK1MHZ|clk_1M ; Rise       ; DHT11_Controller:dht11_ctrl|data_count[5]               ;
; -1.000 ; 1.000        ; 2.000          ; Min Period ; Clock_1MHz:CLK1MHZ|clk_1M ; Rise       ; DHT11_Controller:dht11_ctrl|data_temp[0]                ;
; -1.000 ; 1.000        ; 2.000          ; Min Period ; Clock_1MHz:CLK1MHZ|clk_1M ; Rise       ; DHT11_Controller:dht11_ctrl|data_temp[10]               ;
; -1.000 ; 1.000        ; 2.000          ; Min Period ; Clock_1MHz:CLK1MHZ|clk_1M ; Rise       ; DHT11_Controller:dht11_ctrl|data_temp[11]               ;
; -1.000 ; 1.000        ; 2.000          ; Min Period ; Clock_1MHz:CLK1MHZ|clk_1M ; Rise       ; DHT11_Controller:dht11_ctrl|data_temp[12]               ;
; -1.000 ; 1.000        ; 2.000          ; Min Period ; Clock_1MHz:CLK1MHZ|clk_1M ; Rise       ; DHT11_Controller:dht11_ctrl|data_temp[13]               ;
; -1.000 ; 1.000        ; 2.000          ; Min Period ; Clock_1MHz:CLK1MHZ|clk_1M ; Rise       ; DHT11_Controller:dht11_ctrl|data_temp[14]               ;
; -1.000 ; 1.000        ; 2.000          ; Min Period ; Clock_1MHz:CLK1MHZ|clk_1M ; Rise       ; DHT11_Controller:dht11_ctrl|data_temp[15]               ;
; -1.000 ; 1.000        ; 2.000          ; Min Period ; Clock_1MHz:CLK1MHZ|clk_1M ; Rise       ; DHT11_Controller:dht11_ctrl|data_temp[16]               ;
; -1.000 ; 1.000        ; 2.000          ; Min Period ; Clock_1MHz:CLK1MHZ|clk_1M ; Rise       ; DHT11_Controller:dht11_ctrl|data_temp[17]               ;
; -1.000 ; 1.000        ; 2.000          ; Min Period ; Clock_1MHz:CLK1MHZ|clk_1M ; Rise       ; DHT11_Controller:dht11_ctrl|data_temp[18]               ;
; -1.000 ; 1.000        ; 2.000          ; Min Period ; Clock_1MHz:CLK1MHZ|clk_1M ; Rise       ; DHT11_Controller:dht11_ctrl|data_temp[19]               ;
; -1.000 ; 1.000        ; 2.000          ; Min Period ; Clock_1MHz:CLK1MHZ|clk_1M ; Rise       ; DHT11_Controller:dht11_ctrl|data_temp[1]                ;
; -1.000 ; 1.000        ; 2.000          ; Min Period ; Clock_1MHz:CLK1MHZ|clk_1M ; Rise       ; DHT11_Controller:dht11_ctrl|data_temp[20]               ;
; -1.000 ; 1.000        ; 2.000          ; Min Period ; Clock_1MHz:CLK1MHZ|clk_1M ; Rise       ; DHT11_Controller:dht11_ctrl|data_temp[21]               ;
; -1.000 ; 1.000        ; 2.000          ; Min Period ; Clock_1MHz:CLK1MHZ|clk_1M ; Rise       ; DHT11_Controller:dht11_ctrl|data_temp[22]               ;
; -1.000 ; 1.000        ; 2.000          ; Min Period ; Clock_1MHz:CLK1MHZ|clk_1M ; Rise       ; DHT11_Controller:dht11_ctrl|data_temp[23]               ;
; -1.000 ; 1.000        ; 2.000          ; Min Period ; Clock_1MHz:CLK1MHZ|clk_1M ; Rise       ; DHT11_Controller:dht11_ctrl|data_temp[24]               ;
; -1.000 ; 1.000        ; 2.000          ; Min Period ; Clock_1MHz:CLK1MHZ|clk_1M ; Rise       ; DHT11_Controller:dht11_ctrl|data_temp[25]               ;
; -1.000 ; 1.000        ; 2.000          ; Min Period ; Clock_1MHz:CLK1MHZ|clk_1M ; Rise       ; DHT11_Controller:dht11_ctrl|data_temp[26]               ;
; -1.000 ; 1.000        ; 2.000          ; Min Period ; Clock_1MHz:CLK1MHZ|clk_1M ; Rise       ; DHT11_Controller:dht11_ctrl|data_temp[27]               ;
; -1.000 ; 1.000        ; 2.000          ; Min Period ; Clock_1MHz:CLK1MHZ|clk_1M ; Rise       ; DHT11_Controller:dht11_ctrl|data_temp[28]               ;
; -1.000 ; 1.000        ; 2.000          ; Min Period ; Clock_1MHz:CLK1MHZ|clk_1M ; Rise       ; DHT11_Controller:dht11_ctrl|data_temp[29]               ;
; -1.000 ; 1.000        ; 2.000          ; Min Period ; Clock_1MHz:CLK1MHZ|clk_1M ; Rise       ; DHT11_Controller:dht11_ctrl|data_temp[2]                ;
; -1.000 ; 1.000        ; 2.000          ; Min Period ; Clock_1MHz:CLK1MHZ|clk_1M ; Rise       ; DHT11_Controller:dht11_ctrl|data_temp[30]               ;
; -1.000 ; 1.000        ; 2.000          ; Min Period ; Clock_1MHz:CLK1MHZ|clk_1M ; Rise       ; DHT11_Controller:dht11_ctrl|data_temp[31]               ;
; -1.000 ; 1.000        ; 2.000          ; Min Period ; Clock_1MHz:CLK1MHZ|clk_1M ; Rise       ; DHT11_Controller:dht11_ctrl|data_temp[32]               ;
; -1.000 ; 1.000        ; 2.000          ; Min Period ; Clock_1MHz:CLK1MHZ|clk_1M ; Rise       ; DHT11_Controller:dht11_ctrl|data_temp[33]               ;
; -1.000 ; 1.000        ; 2.000          ; Min Period ; Clock_1MHz:CLK1MHZ|clk_1M ; Rise       ; DHT11_Controller:dht11_ctrl|data_temp[34]               ;
; -1.000 ; 1.000        ; 2.000          ; Min Period ; Clock_1MHz:CLK1MHZ|clk_1M ; Rise       ; DHT11_Controller:dht11_ctrl|data_temp[35]               ;
; -1.000 ; 1.000        ; 2.000          ; Min Period ; Clock_1MHz:CLK1MHZ|clk_1M ; Rise       ; DHT11_Controller:dht11_ctrl|data_temp[36]               ;
; -1.000 ; 1.000        ; 2.000          ; Min Period ; Clock_1MHz:CLK1MHZ|clk_1M ; Rise       ; DHT11_Controller:dht11_ctrl|data_temp[37]               ;
; -1.000 ; 1.000        ; 2.000          ; Min Period ; Clock_1MHz:CLK1MHZ|clk_1M ; Rise       ; DHT11_Controller:dht11_ctrl|data_temp[38]               ;
; -1.000 ; 1.000        ; 2.000          ; Min Period ; Clock_1MHz:CLK1MHZ|clk_1M ; Rise       ; DHT11_Controller:dht11_ctrl|data_temp[39]               ;
; -1.000 ; 1.000        ; 2.000          ; Min Period ; Clock_1MHz:CLK1MHZ|clk_1M ; Rise       ; DHT11_Controller:dht11_ctrl|data_temp[3]                ;
; -1.000 ; 1.000        ; 2.000          ; Min Period ; Clock_1MHz:CLK1MHZ|clk_1M ; Rise       ; DHT11_Controller:dht11_ctrl|data_temp[4]                ;
; -1.000 ; 1.000        ; 2.000          ; Min Period ; Clock_1MHz:CLK1MHZ|clk_1M ; Rise       ; DHT11_Controller:dht11_ctrl|data_temp[5]                ;
; -1.000 ; 1.000        ; 2.000          ; Min Period ; Clock_1MHz:CLK1MHZ|clk_1M ; Rise       ; DHT11_Controller:dht11_ctrl|data_temp[6]                ;
; -1.000 ; 1.000        ; 2.000          ; Min Period ; Clock_1MHz:CLK1MHZ|clk_1M ; Rise       ; DHT11_Controller:dht11_ctrl|data_temp[7]                ;
; -1.000 ; 1.000        ; 2.000          ; Min Period ; Clock_1MHz:CLK1MHZ|clk_1M ; Rise       ; DHT11_Controller:dht11_ctrl|data_temp[8]                ;
; -1.000 ; 1.000        ; 2.000          ; Min Period ; Clock_1MHz:CLK1MHZ|clk_1M ; Rise       ; DHT11_Controller:dht11_ctrl|data_temp[9]                ;
; -1.000 ; 1.000        ; 2.000          ; Min Period ; Clock_1MHz:CLK1MHZ|clk_1M ; Rise       ; DHT11_Controller:dht11_ctrl|data_valid[0]               ;
; -1.000 ; 1.000        ; 2.000          ; Min Period ; Clock_1MHz:CLK1MHZ|clk_1M ; Rise       ; DHT11_Controller:dht11_ctrl|data_valid[10]              ;
; -1.000 ; 1.000        ; 2.000          ; Min Period ; Clock_1MHz:CLK1MHZ|clk_1M ; Rise       ; DHT11_Controller:dht11_ctrl|data_valid[11]              ;
; -1.000 ; 1.000        ; 2.000          ; Min Period ; Clock_1MHz:CLK1MHZ|clk_1M ; Rise       ; DHT11_Controller:dht11_ctrl|data_valid[12]              ;
; -1.000 ; 1.000        ; 2.000          ; Min Period ; Clock_1MHz:CLK1MHZ|clk_1M ; Rise       ; DHT11_Controller:dht11_ctrl|data_valid[13]              ;
; -1.000 ; 1.000        ; 2.000          ; Min Period ; Clock_1MHz:CLK1MHZ|clk_1M ; Rise       ; DHT11_Controller:dht11_ctrl|data_valid[14]              ;
; -1.000 ; 1.000        ; 2.000          ; Min Period ; Clock_1MHz:CLK1MHZ|clk_1M ; Rise       ; DHT11_Controller:dht11_ctrl|data_valid[15]              ;
; -1.000 ; 1.000        ; 2.000          ; Min Period ; Clock_1MHz:CLK1MHZ|clk_1M ; Rise       ; DHT11_Controller:dht11_ctrl|data_valid[16]              ;
; -1.000 ; 1.000        ; 2.000          ; Min Period ; Clock_1MHz:CLK1MHZ|clk_1M ; Rise       ; DHT11_Controller:dht11_ctrl|data_valid[17]              ;
; -1.000 ; 1.000        ; 2.000          ; Min Period ; Clock_1MHz:CLK1MHZ|clk_1M ; Rise       ; DHT11_Controller:dht11_ctrl|data_valid[18]              ;
; -1.000 ; 1.000        ; 2.000          ; Min Period ; Clock_1MHz:CLK1MHZ|clk_1M ; Rise       ; DHT11_Controller:dht11_ctrl|data_valid[19]              ;
; -1.000 ; 1.000        ; 2.000          ; Min Period ; Clock_1MHz:CLK1MHZ|clk_1M ; Rise       ; DHT11_Controller:dht11_ctrl|data_valid[1]               ;
; -1.000 ; 1.000        ; 2.000          ; Min Period ; Clock_1MHz:CLK1MHZ|clk_1M ; Rise       ; DHT11_Controller:dht11_ctrl|data_valid[20]              ;
; -1.000 ; 1.000        ; 2.000          ; Min Period ; Clock_1MHz:CLK1MHZ|clk_1M ; Rise       ; DHT11_Controller:dht11_ctrl|data_valid[21]              ;
; -1.000 ; 1.000        ; 2.000          ; Min Period ; Clock_1MHz:CLK1MHZ|clk_1M ; Rise       ; DHT11_Controller:dht11_ctrl|data_valid[22]              ;
; -1.000 ; 1.000        ; 2.000          ; Min Period ; Clock_1MHz:CLK1MHZ|clk_1M ; Rise       ; DHT11_Controller:dht11_ctrl|data_valid[23]              ;
; -1.000 ; 1.000        ; 2.000          ; Min Period ; Clock_1MHz:CLK1MHZ|clk_1M ; Rise       ; DHT11_Controller:dht11_ctrl|data_valid[24]              ;
; -1.000 ; 1.000        ; 2.000          ; Min Period ; Clock_1MHz:CLK1MHZ|clk_1M ; Rise       ; DHT11_Controller:dht11_ctrl|data_valid[25]              ;
; -1.000 ; 1.000        ; 2.000          ; Min Period ; Clock_1MHz:CLK1MHZ|clk_1M ; Rise       ; DHT11_Controller:dht11_ctrl|data_valid[26]              ;
; -1.000 ; 1.000        ; 2.000          ; Min Period ; Clock_1MHz:CLK1MHZ|clk_1M ; Rise       ; DHT11_Controller:dht11_ctrl|data_valid[27]              ;
; -1.000 ; 1.000        ; 2.000          ; Min Period ; Clock_1MHz:CLK1MHZ|clk_1M ; Rise       ; DHT11_Controller:dht11_ctrl|data_valid[28]              ;
; -1.000 ; 1.000        ; 2.000          ; Min Period ; Clock_1MHz:CLK1MHZ|clk_1M ; Rise       ; DHT11_Controller:dht11_ctrl|data_valid[29]              ;
; -1.000 ; 1.000        ; 2.000          ; Min Period ; Clock_1MHz:CLK1MHZ|clk_1M ; Rise       ; DHT11_Controller:dht11_ctrl|data_valid[2]               ;
; -1.000 ; 1.000        ; 2.000          ; Min Period ; Clock_1MHz:CLK1MHZ|clk_1M ; Rise       ; DHT11_Controller:dht11_ctrl|data_valid[30]              ;
; -1.000 ; 1.000        ; 2.000          ; Min Period ; Clock_1MHz:CLK1MHZ|clk_1M ; Rise       ; DHT11_Controller:dht11_ctrl|data_valid[31]              ;
; -1.000 ; 1.000        ; 2.000          ; Min Period ; Clock_1MHz:CLK1MHZ|clk_1M ; Rise       ; DHT11_Controller:dht11_ctrl|data_valid[3]               ;
+--------+--------------+----------------+------------+---------------------------+------------+---------------------------------------------------------+


+------------------------------------------------------------------------------------------------+
; Setup Times                                                                                    ;
+-----------+---------------------------+-------+-------+------------+---------------------------+
; Data Port ; Clock Port                ; Rise  ; Fall  ; Clock Edge ; Clock Reference           ;
+-----------+---------------------------+-------+-------+------------+---------------------------+
; dht11     ; Clock_1MHz:CLK1MHZ|clk_1M ; 2.139 ; 2.523 ; Rise       ; Clock_1MHz:CLK1MHZ|clk_1M ;
+-----------+---------------------------+-------+-------+------------+---------------------------+


+--------------------------------------------------------------------------------------------------+
; Hold Times                                                                                       ;
+-----------+---------------------------+--------+--------+------------+---------------------------+
; Data Port ; Clock Port                ; Rise   ; Fall   ; Clock Edge ; Clock Reference           ;
+-----------+---------------------------+--------+--------+------------+---------------------------+
; dht11     ; Clock_1MHz:CLK1MHZ|clk_1M ; -1.708 ; -2.086 ; Rise       ; Clock_1MHz:CLK1MHZ|clk_1M ;
+-----------+---------------------------+--------+--------+------------+---------------------------+


+----------------------------------------------------------------------------------------------------+
; Clock to Output Times                                                                              ;
+--------------+---------------------------+-------+--------+------------+---------------------------+
; Data Port    ; Clock Port                ; Rise  ; Fall   ; Clock Edge ; Clock Reference           ;
+--------------+---------------------------+-------+--------+------------+---------------------------+
; dht11        ; Clock_1MHz:CLK1MHZ|clk_1M ; 6.303 ; 6.322  ; Rise       ; Clock_1MHz:CLK1MHZ|clk_1M ;
; led_hum[*]   ; Clock_1MHz:CLK1MHZ|clk_1M ; 9.865 ; 10.064 ; Rise       ; Clock_1MHz:CLK1MHZ|clk_1M ;
;  led_hum[0]  ; Clock_1MHz:CLK1MHZ|clk_1M ; 6.432 ; 6.441  ; Rise       ; Clock_1MHz:CLK1MHZ|clk_1M ;
;  led_hum[1]  ; Clock_1MHz:CLK1MHZ|clk_1M ; 6.553 ; 6.555  ; Rise       ; Clock_1MHz:CLK1MHZ|clk_1M ;
;  led_hum[2]  ; Clock_1MHz:CLK1MHZ|clk_1M ; 6.807 ; 6.816  ; Rise       ; Clock_1MHz:CLK1MHZ|clk_1M ;
;  led_hum[3]  ; Clock_1MHz:CLK1MHZ|clk_1M ; 6.433 ; 6.443  ; Rise       ; Clock_1MHz:CLK1MHZ|clk_1M ;
;  led_hum[4]  ; Clock_1MHz:CLK1MHZ|clk_1M ; 8.151 ; 8.164  ; Rise       ; Clock_1MHz:CLK1MHZ|clk_1M ;
;  led_hum[5]  ; Clock_1MHz:CLK1MHZ|clk_1M ; 8.199 ; 8.343  ; Rise       ; Clock_1MHz:CLK1MHZ|clk_1M ;
;  led_hum[6]  ; Clock_1MHz:CLK1MHZ|clk_1M ; 7.610 ; 7.754  ; Rise       ; Clock_1MHz:CLK1MHZ|clk_1M ;
;  led_hum[7]  ; Clock_1MHz:CLK1MHZ|clk_1M ; 9.865 ; 10.064 ; Rise       ; Clock_1MHz:CLK1MHZ|clk_1M ;
; led_temp[*]  ; Clock_1MHz:CLK1MHZ|clk_1M ; 9.052 ; 9.212  ; Rise       ; Clock_1MHz:CLK1MHZ|clk_1M ;
;  led_temp[0] ; Clock_1MHz:CLK1MHZ|clk_1M ; 7.951 ; 8.077  ; Rise       ; Clock_1MHz:CLK1MHZ|clk_1M ;
;  led_temp[1] ; Clock_1MHz:CLK1MHZ|clk_1M ; 9.052 ; 9.212  ; Rise       ; Clock_1MHz:CLK1MHZ|clk_1M ;
;  led_temp[2] ; Clock_1MHz:CLK1MHZ|clk_1M ; 7.570 ; 7.674  ; Rise       ; Clock_1MHz:CLK1MHZ|clk_1M ;
;  led_temp[3] ; Clock_1MHz:CLK1MHZ|clk_1M ; 7.947 ; 8.070  ; Rise       ; Clock_1MHz:CLK1MHZ|clk_1M ;
;  led_temp[4] ; Clock_1MHz:CLK1MHZ|clk_1M ; 7.615 ; 7.645  ; Rise       ; Clock_1MHz:CLK1MHZ|clk_1M ;
;  led_temp[5] ; Clock_1MHz:CLK1MHZ|clk_1M ; 7.786 ; 7.897  ; Rise       ; Clock_1MHz:CLK1MHZ|clk_1M ;
; lcd_db[*]    ; clk                       ; 7.655 ; 7.802  ; Rise       ; clk                       ;
;  lcd_db[0]   ; clk                       ; 6.251 ; 6.332  ; Rise       ; clk                       ;
;  lcd_db[1]   ; clk                       ; 7.322 ; 7.390  ; Rise       ; clk                       ;
;  lcd_db[2]   ; clk                       ; 6.845 ; 6.906  ; Rise       ; clk                       ;
;  lcd_db[3]   ; clk                       ; 7.655 ; 7.802  ; Rise       ; clk                       ;
;  lcd_db[4]   ; clk                       ; 7.079 ; 7.150  ; Rise       ; clk                       ;
;  lcd_db[5]   ; clk                       ; 6.930 ; 6.985  ; Rise       ; clk                       ;
;  lcd_db[6]   ; clk                       ; 6.675 ; 6.751  ; Rise       ; clk                       ;
;  lcd_db[7]   ; clk                       ; 6.577 ; 6.648  ; Rise       ; clk                       ;
; lcd_e        ; clk                       ; 6.719 ; 6.810  ; Rise       ; clk                       ;
; lcd_rs       ; clk                       ; 7.507 ; 7.555  ; Rise       ; clk                       ;
+--------------+---------------------------+-------+--------+------------+---------------------------+


+---------------------------------------------------------------------------------------------------+
; Minimum Clock to Output Times                                                                     ;
+--------------+---------------------------+-------+-------+------------+---------------------------+
; Data Port    ; Clock Port                ; Rise  ; Fall  ; Clock Edge ; Clock Reference           ;
+--------------+---------------------------+-------+-------+------------+---------------------------+
; dht11        ; Clock_1MHz:CLK1MHZ|clk_1M ; 6.071 ; 6.091 ; Rise       ; Clock_1MHz:CLK1MHZ|clk_1M ;
; led_hum[*]   ; Clock_1MHz:CLK1MHZ|clk_1M ; 6.197 ; 6.204 ; Rise       ; Clock_1MHz:CLK1MHZ|clk_1M ;
;  led_hum[0]  ; Clock_1MHz:CLK1MHZ|clk_1M ; 6.197 ; 6.204 ; Rise       ; Clock_1MHz:CLK1MHZ|clk_1M ;
;  led_hum[1]  ; Clock_1MHz:CLK1MHZ|clk_1M ; 6.313 ; 6.314 ; Rise       ; Clock_1MHz:CLK1MHZ|clk_1M ;
;  led_hum[2]  ; Clock_1MHz:CLK1MHZ|clk_1M ; 6.557 ; 6.564 ; Rise       ; Clock_1MHz:CLK1MHZ|clk_1M ;
;  led_hum[3]  ; Clock_1MHz:CLK1MHZ|clk_1M ; 6.197 ; 6.206 ; Rise       ; Clock_1MHz:CLK1MHZ|clk_1M ;
;  led_hum[4]  ; Clock_1MHz:CLK1MHZ|clk_1M ; 7.848 ; 7.860 ; Rise       ; Clock_1MHz:CLK1MHZ|clk_1M ;
;  led_hum[5]  ; Clock_1MHz:CLK1MHZ|clk_1M ; 7.941 ; 8.082 ; Rise       ; Clock_1MHz:CLK1MHZ|clk_1M ;
;  led_hum[6]  ; Clock_1MHz:CLK1MHZ|clk_1M ; 7.325 ; 7.462 ; Rise       ; Clock_1MHz:CLK1MHZ|clk_1M ;
;  led_hum[7]  ; Clock_1MHz:CLK1MHZ|clk_1M ; 9.541 ; 9.734 ; Rise       ; Clock_1MHz:CLK1MHZ|clk_1M ;
; led_temp[*]  ; Clock_1MHz:CLK1MHZ|clk_1M ; 7.289 ; 7.362 ; Rise       ; Clock_1MHz:CLK1MHZ|clk_1M ;
;  led_temp[0] ; Clock_1MHz:CLK1MHZ|clk_1M ; 7.655 ; 7.774 ; Rise       ; Clock_1MHz:CLK1MHZ|clk_1M ;
;  led_temp[1] ; Clock_1MHz:CLK1MHZ|clk_1M ; 8.763 ; 8.919 ; Rise       ; Clock_1MHz:CLK1MHZ|clk_1M ;
;  led_temp[2] ; Clock_1MHz:CLK1MHZ|clk_1M ; 7.289 ; 7.387 ; Rise       ; Clock_1MHz:CLK1MHZ|clk_1M ;
;  led_temp[3] ; Clock_1MHz:CLK1MHZ|clk_1M ; 7.651 ; 7.768 ; Rise       ; Clock_1MHz:CLK1MHZ|clk_1M ;
;  led_temp[4] ; Clock_1MHz:CLK1MHZ|clk_1M ; 7.334 ; 7.362 ; Rise       ; Clock_1MHz:CLK1MHZ|clk_1M ;
;  led_temp[5] ; Clock_1MHz:CLK1MHZ|clk_1M ; 7.498 ; 7.604 ; Rise       ; Clock_1MHz:CLK1MHZ|clk_1M ;
; lcd_db[*]    ; clk                       ; 6.043 ; 6.120 ; Rise       ; clk                       ;
;  lcd_db[0]   ; clk                       ; 6.043 ; 6.120 ; Rise       ; clk                       ;
;  lcd_db[1]   ; clk                       ; 7.072 ; 7.135 ; Rise       ; clk                       ;
;  lcd_db[2]   ; clk                       ; 6.613 ; 6.670 ; Rise       ; clk                       ;
;  lcd_db[3]   ; clk                       ; 7.443 ; 7.585 ; Rise       ; clk                       ;
;  lcd_db[4]   ; clk                       ; 6.838 ; 6.905 ; Rise       ; clk                       ;
;  lcd_db[5]   ; clk                       ; 6.695 ; 6.746 ; Rise       ; clk                       ;
;  lcd_db[6]   ; clk                       ; 6.450 ; 6.523 ; Rise       ; clk                       ;
;  lcd_db[7]   ; clk                       ; 6.356 ; 6.423 ; Rise       ; clk                       ;
; lcd_e        ; clk                       ; 6.493 ; 6.579 ; Rise       ; clk                       ;
; lcd_rs       ; clk                       ; 7.249 ; 7.294 ; Rise       ; clk                       ;
+--------------+---------------------------+-------+-------+------------+---------------------------+


----------------------------------------------
; Slow 1200mV 85C Model Metastability Report ;
----------------------------------------------
No synchronizer chains to report.


+--------------------------------------------------------------------------------------------------------------------------+
; Slow 1200mV 0C Model Fmax Summary                                                                                        ;
+------------+-----------------+---------------------------+---------------------------------------------------------------+
; Fmax       ; Restricted Fmax ; Clock Name                ; Note                                                          ;
+------------+-----------------+---------------------------+---------------------------------------------------------------+
; 198.41 MHz ; 198.41 MHz      ; Clock_1MHz:CLK1MHZ|clk_1M ;                                                               ;
; 257.2 MHz  ; 250.0 MHz       ; clk                       ; limit due to minimum period restriction (max I/O toggle rate) ;
+------------+-----------------+---------------------------+---------------------------------------------------------------+
This panel reports FMAX for every clock in the design, regardless of the user-specified clock periods.  FMAX is only computed for paths where the source and destination registers or ports are driven by the same clock.  Paths of different clocks, including generated clocks, are ignored.  For paths between a clock and its inversion, FMAX is computed as if the rising and falling edges are scaled along with FMAX, such that the duty cycle (in terms of a percentage) is maintained. Altera recommends that you always use clock constraints and other slack reports for sign-off analysis.


+----------------------------------------------------+
; Slow 1200mV 0C Model Setup Summary                 ;
+---------------------------+--------+---------------+
; Clock                     ; Slack  ; End Point TNS ;
+---------------------------+--------+---------------+
; clk                       ; -8.212 ; -263.008      ;
; Clock_1MHz:CLK1MHZ|clk_1M ; -4.040 ; -248.389      ;
+---------------------------+--------+---------------+


+----------------------------------------------------+
; Slow 1200mV 0C Model Hold Summary                  ;
+---------------------------+--------+---------------+
; Clock                     ; Slack  ; End Point TNS ;
+---------------------------+--------+---------------+
; clk                       ; -0.131 ; -0.131        ;
; Clock_1MHz:CLK1MHZ|clk_1M ; 0.312  ; 0.000         ;
+---------------------------+--------+---------------+


-----------------------------------------
; Slow 1200mV 0C Model Recovery Summary ;
-----------------------------------------
No paths to report.


----------------------------------------
; Slow 1200mV 0C Model Removal Summary ;
----------------------------------------
No paths to report.


+----------------------------------------------------+
; Slow 1200mV 0C Model Minimum Pulse Width Summary   ;
+---------------------------+--------+---------------+
; Clock                     ; Slack  ; End Point TNS ;
+---------------------------+--------+---------------+
; clk                       ; -3.000 ; -100.000      ;
; Clock_1MHz:CLK1MHZ|clk_1M ; -1.000 ; -118.000      ;
+---------------------------+--------+---------------+


+------------------------------------------------------------------------------------------------------------------------------------------------------------------------------------+
; Slow 1200mV 0C Model Setup: 'clk'                                                                                                                                                  ;
+--------+--------------------------------------------+-------------------------------------------+---------------------------+-------------+--------------+------------+------------+
; Slack  ; From Node                                  ; To Node                                   ; Launch Clock              ; Latch Clock ; Relationship ; Clock Skew ; Data Delay ;
+--------+--------------------------------------------+-------------------------------------------+---------------------------+-------------+--------------+------------+------------+
; -8.212 ; DHT11_Controller:dht11_ctrl|data_valid[22] ; LCD_Controller:lcd_ctrl|char_array[28][3] ; Clock_1MHz:CLK1MHZ|clk_1M ; clk         ; 1.000        ; -0.053     ; 9.144      ;
; -8.178 ; DHT11_Controller:dht11_ctrl|data_valid[21] ; LCD_Controller:lcd_ctrl|char_array[28][3] ; Clock_1MHz:CLK1MHZ|clk_1M ; clk         ; 1.000        ; -0.055     ; 9.108      ;
; -8.148 ; DHT11_Controller:dht11_ctrl|data_valid[22] ; LCD_Controller:lcd_ctrl|char_array[28][2] ; Clock_1MHz:CLK1MHZ|clk_1M ; clk         ; 1.000        ; -0.053     ; 9.080      ;
; -8.114 ; DHT11_Controller:dht11_ctrl|data_valid[21] ; LCD_Controller:lcd_ctrl|char_array[28][2] ; Clock_1MHz:CLK1MHZ|clk_1M ; clk         ; 1.000        ; -0.055     ; 9.044      ;
; -8.071 ; DHT11_Controller:dht11_ctrl|data_valid[22] ; LCD_Controller:lcd_ctrl|char_array[28][1] ; Clock_1MHz:CLK1MHZ|clk_1M ; clk         ; 1.000        ; -0.053     ; 9.003      ;
; -8.037 ; DHT11_Controller:dht11_ctrl|data_valid[21] ; LCD_Controller:lcd_ctrl|char_array[28][1] ; Clock_1MHz:CLK1MHZ|clk_1M ; clk         ; 1.000        ; -0.055     ; 8.967      ;
; -8.035 ; DHT11_Controller:dht11_ctrl|data_valid[23] ; LCD_Controller:lcd_ctrl|char_array[28][3] ; Clock_1MHz:CLK1MHZ|clk_1M ; clk         ; 1.000        ; -0.055     ; 8.965      ;
; -7.971 ; DHT11_Controller:dht11_ctrl|data_valid[23] ; LCD_Controller:lcd_ctrl|char_array[28][2] ; Clock_1MHz:CLK1MHZ|clk_1M ; clk         ; 1.000        ; -0.055     ; 8.901      ;
; -7.894 ; DHT11_Controller:dht11_ctrl|data_valid[23] ; LCD_Controller:lcd_ctrl|char_array[28][1] ; Clock_1MHz:CLK1MHZ|clk_1M ; clk         ; 1.000        ; -0.055     ; 8.824      ;
; -7.862 ; DHT11_Controller:dht11_ctrl|data_valid[5]  ; LCD_Controller:lcd_ctrl|char_array[14][2] ; Clock_1MHz:CLK1MHZ|clk_1M ; clk         ; 1.000        ; -0.002     ; 8.845      ;
; -7.861 ; DHT11_Controller:dht11_ctrl|data_valid[29] ; LCD_Controller:lcd_ctrl|char_array[25][1] ; Clock_1MHz:CLK1MHZ|clk_1M ; clk         ; 1.000        ; -0.037     ; 8.809      ;
; -7.861 ; DHT11_Controller:dht11_ctrl|data_valid[29] ; LCD_Controller:lcd_ctrl|char_array[25][3] ; Clock_1MHz:CLK1MHZ|clk_1M ; clk         ; 1.000        ; -0.037     ; 8.809      ;
; -7.858 ; DHT11_Controller:dht11_ctrl|data_valid[29] ; LCD_Controller:lcd_ctrl|char_array[25][2] ; Clock_1MHz:CLK1MHZ|clk_1M ; clk         ; 1.000        ; -0.037     ; 8.806      ;
; -7.816 ; DHT11_Controller:dht11_ctrl|data_valid[30] ; LCD_Controller:lcd_ctrl|char_array[25][1] ; Clock_1MHz:CLK1MHZ|clk_1M ; clk         ; 1.000        ; -0.037     ; 8.764      ;
; -7.816 ; DHT11_Controller:dht11_ctrl|data_valid[30] ; LCD_Controller:lcd_ctrl|char_array[25][3] ; Clock_1MHz:CLK1MHZ|clk_1M ; clk         ; 1.000        ; -0.037     ; 8.764      ;
; -7.813 ; DHT11_Controller:dht11_ctrl|data_valid[30] ; LCD_Controller:lcd_ctrl|char_array[25][2] ; Clock_1MHz:CLK1MHZ|clk_1M ; clk         ; 1.000        ; -0.037     ; 8.761      ;
; -7.787 ; DHT11_Controller:dht11_ctrl|data_valid[6]  ; LCD_Controller:lcd_ctrl|char_array[14][2] ; Clock_1MHz:CLK1MHZ|clk_1M ; clk         ; 1.000        ; -0.002     ; 8.770      ;
; -7.770 ; DHT11_Controller:dht11_ctrl|data_valid[7]  ; LCD_Controller:lcd_ctrl|char_array[14][2] ; Clock_1MHz:CLK1MHZ|clk_1M ; clk         ; 1.000        ; -0.004     ; 8.751      ;
; -7.760 ; DHT11_Controller:dht11_ctrl|data_valid[31] ; LCD_Controller:lcd_ctrl|char_array[25][1] ; Clock_1MHz:CLK1MHZ|clk_1M ; clk         ; 1.000        ; -0.037     ; 8.708      ;
; -7.760 ; DHT11_Controller:dht11_ctrl|data_valid[31] ; LCD_Controller:lcd_ctrl|char_array[25][3] ; Clock_1MHz:CLK1MHZ|clk_1M ; clk         ; 1.000        ; -0.037     ; 8.708      ;
; -7.757 ; DHT11_Controller:dht11_ctrl|data_valid[31] ; LCD_Controller:lcd_ctrl|char_array[25][2] ; Clock_1MHz:CLK1MHZ|clk_1M ; clk         ; 1.000        ; -0.037     ; 8.705      ;
; -7.714 ; DHT11_Controller:dht11_ctrl|data_valid[5]  ; LCD_Controller:lcd_ctrl|char_array[14][1] ; Clock_1MHz:CLK1MHZ|clk_1M ; clk         ; 1.000        ; -0.002     ; 8.697      ;
; -7.713 ; DHT11_Controller:dht11_ctrl|data_valid[5]  ; LCD_Controller:lcd_ctrl|char_array[14][3] ; Clock_1MHz:CLK1MHZ|clk_1M ; clk         ; 1.000        ; -0.002     ; 8.696      ;
; -7.697 ; DHT11_Controller:dht11_ctrl|data_valid[30] ; LCD_Controller:lcd_ctrl|char_array[24][0] ; Clock_1MHz:CLK1MHZ|clk_1M ; clk         ; 1.000        ; -0.027     ; 8.655      ;
; -7.660 ; DHT11_Controller:dht11_ctrl|data_valid[21] ; LCD_Controller:lcd_ctrl|char_array[27][0] ; Clock_1MHz:CLK1MHZ|clk_1M ; clk         ; 1.000        ; -0.035     ; 8.610      ;
; -7.654 ; DHT11_Controller:dht11_ctrl|data_valid[22] ; LCD_Controller:lcd_ctrl|char_array[27][0] ; Clock_1MHz:CLK1MHZ|clk_1M ; clk         ; 1.000        ; -0.033     ; 8.606      ;
; -7.639 ; DHT11_Controller:dht11_ctrl|data_valid[6]  ; LCD_Controller:lcd_ctrl|char_array[14][1] ; Clock_1MHz:CLK1MHZ|clk_1M ; clk         ; 1.000        ; -0.002     ; 8.622      ;
; -7.638 ; DHT11_Controller:dht11_ctrl|data_valid[6]  ; LCD_Controller:lcd_ctrl|char_array[14][3] ; Clock_1MHz:CLK1MHZ|clk_1M ; clk         ; 1.000        ; -0.002     ; 8.621      ;
; -7.622 ; DHT11_Controller:dht11_ctrl|data_valid[7]  ; LCD_Controller:lcd_ctrl|char_array[14][1] ; Clock_1MHz:CLK1MHZ|clk_1M ; clk         ; 1.000        ; -0.004     ; 8.603      ;
; -7.621 ; DHT11_Controller:dht11_ctrl|data_valid[7]  ; LCD_Controller:lcd_ctrl|char_array[14][3] ; Clock_1MHz:CLK1MHZ|clk_1M ; clk         ; 1.000        ; -0.004     ; 8.602      ;
; -7.598 ; DHT11_Controller:dht11_ctrl|data_valid[5]  ; LCD_Controller:lcd_ctrl|char_array[13][0] ; Clock_1MHz:CLK1MHZ|clk_1M ; clk         ; 1.000        ; -0.019     ; 8.564      ;
; -7.582 ; DHT11_Controller:dht11_ctrl|data_valid[6]  ; LCD_Controller:lcd_ctrl|char_array[13][0] ; Clock_1MHz:CLK1MHZ|clk_1M ; clk         ; 1.000        ; -0.019     ; 8.548      ;
; -7.568 ; DHT11_Controller:dht11_ctrl|data_valid[23] ; LCD_Controller:lcd_ctrl|char_array[27][0] ; Clock_1MHz:CLK1MHZ|clk_1M ; clk         ; 1.000        ; -0.035     ; 8.518      ;
; -7.531 ; DHT11_Controller:dht11_ctrl|data_valid[31] ; LCD_Controller:lcd_ctrl|char_array[24][0] ; Clock_1MHz:CLK1MHZ|clk_1M ; clk         ; 1.000        ; -0.027     ; 8.489      ;
; -7.513 ; DHT11_Controller:dht11_ctrl|data_valid[13] ; LCD_Controller:lcd_ctrl|char_array[11][2] ; Clock_1MHz:CLK1MHZ|clk_1M ; clk         ; 1.000        ; -0.034     ; 8.464      ;
; -7.488 ; DHT11_Controller:dht11_ctrl|data_valid[29] ; LCD_Controller:lcd_ctrl|char_array[24][0] ; Clock_1MHz:CLK1MHZ|clk_1M ; clk         ; 1.000        ; -0.027     ; 8.446      ;
; -7.488 ; DHT11_Controller:dht11_ctrl|data_valid[7]  ; LCD_Controller:lcd_ctrl|char_array[13][0] ; Clock_1MHz:CLK1MHZ|clk_1M ; clk         ; 1.000        ; -0.021     ; 8.452      ;
; -7.460 ; DHT11_Controller:dht11_ctrl|data_valid[14] ; LCD_Controller:lcd_ctrl|char_array[11][2] ; Clock_1MHz:CLK1MHZ|clk_1M ; clk         ; 1.000        ; -0.034     ; 8.411      ;
; -7.444 ; DHT11_Controller:dht11_ctrl|data_valid[13] ; LCD_Controller:lcd_ctrl|char_array[10][0] ; Clock_1MHz:CLK1MHZ|clk_1M ; clk         ; 1.000        ; -0.032     ; 8.397      ;
; -7.432 ; DHT11_Controller:dht11_ctrl|data_valid[13] ; LCD_Controller:lcd_ctrl|char_array[11][3] ; Clock_1MHz:CLK1MHZ|clk_1M ; clk         ; 1.000        ; -0.034     ; 8.383      ;
; -7.431 ; DHT11_Controller:dht11_ctrl|data_valid[13] ; LCD_Controller:lcd_ctrl|char_array[11][1] ; Clock_1MHz:CLK1MHZ|clk_1M ; clk         ; 1.000        ; -0.034     ; 8.382      ;
; -7.379 ; DHT11_Controller:dht11_ctrl|data_valid[14] ; LCD_Controller:lcd_ctrl|char_array[11][3] ; Clock_1MHz:CLK1MHZ|clk_1M ; clk         ; 1.000        ; -0.034     ; 8.330      ;
; -7.378 ; DHT11_Controller:dht11_ctrl|data_valid[14] ; LCD_Controller:lcd_ctrl|char_array[11][1] ; Clock_1MHz:CLK1MHZ|clk_1M ; clk         ; 1.000        ; -0.034     ; 8.329      ;
; -7.373 ; DHT11_Controller:dht11_ctrl|data_valid[14] ; LCD_Controller:lcd_ctrl|char_array[10][0] ; Clock_1MHz:CLK1MHZ|clk_1M ; clk         ; 1.000        ; -0.032     ; 8.326      ;
; -7.362 ; DHT11_Controller:dht11_ctrl|data_valid[15] ; LCD_Controller:lcd_ctrl|char_array[11][2] ; Clock_1MHz:CLK1MHZ|clk_1M ; clk         ; 1.000        ; -0.034     ; 8.313      ;
; -7.344 ; DHT11_Controller:dht11_ctrl|data_valid[15] ; LCD_Controller:lcd_ctrl|char_array[10][0] ; Clock_1MHz:CLK1MHZ|clk_1M ; clk         ; 1.000        ; -0.032     ; 8.297      ;
; -7.281 ; DHT11_Controller:dht11_ctrl|data_valid[15] ; LCD_Controller:lcd_ctrl|char_array[11][3] ; Clock_1MHz:CLK1MHZ|clk_1M ; clk         ; 1.000        ; -0.034     ; 8.232      ;
; -7.280 ; DHT11_Controller:dht11_ctrl|data_valid[15] ; LCD_Controller:lcd_ctrl|char_array[11][1] ; Clock_1MHz:CLK1MHZ|clk_1M ; clk         ; 1.000        ; -0.034     ; 8.231      ;
; -7.024 ; DHT11_Controller:dht11_ctrl|data_valid[12] ; LCD_Controller:lcd_ctrl|char_array[11][2] ; Clock_1MHz:CLK1MHZ|clk_1M ; clk         ; 1.000        ; -0.357     ; 7.652      ;
; -6.943 ; DHT11_Controller:dht11_ctrl|data_valid[12] ; LCD_Controller:lcd_ctrl|char_array[11][3] ; Clock_1MHz:CLK1MHZ|clk_1M ; clk         ; 1.000        ; -0.357     ; 7.571      ;
; -6.942 ; DHT11_Controller:dht11_ctrl|data_valid[12] ; LCD_Controller:lcd_ctrl|char_array[11][1] ; Clock_1MHz:CLK1MHZ|clk_1M ; clk         ; 1.000        ; -0.357     ; 7.570      ;
; -6.900 ; DHT11_Controller:dht11_ctrl|data_valid[20] ; LCD_Controller:lcd_ctrl|char_array[28][3] ; Clock_1MHz:CLK1MHZ|clk_1M ; clk         ; 1.000        ; -0.055     ; 7.830      ;
; -6.863 ; DHT11_Controller:dht11_ctrl|data_valid[12] ; LCD_Controller:lcd_ctrl|char_array[10][0] ; Clock_1MHz:CLK1MHZ|clk_1M ; clk         ; 1.000        ; -0.355     ; 7.493      ;
; -6.836 ; DHT11_Controller:dht11_ctrl|data_valid[20] ; LCD_Controller:lcd_ctrl|char_array[28][2] ; Clock_1MHz:CLK1MHZ|clk_1M ; clk         ; 1.000        ; -0.055     ; 7.766      ;
; -6.835 ; DHT11_Controller:dht11_ctrl|data_valid[4]  ; LCD_Controller:lcd_ctrl|char_array[14][2] ; Clock_1MHz:CLK1MHZ|clk_1M ; clk         ; 1.000        ; -0.004     ; 7.816      ;
; -6.798 ; DHT11_Controller:dht11_ctrl|data_valid[22] ; LCD_Controller:lcd_ctrl|char_array[27][1] ; Clock_1MHz:CLK1MHZ|clk_1M ; clk         ; 1.000        ; -0.347     ; 7.436      ;
; -6.772 ; DHT11_Controller:dht11_ctrl|data_valid[21] ; LCD_Controller:lcd_ctrl|char_array[27][1] ; Clock_1MHz:CLK1MHZ|clk_1M ; clk         ; 1.000        ; -0.349     ; 7.408      ;
; -6.759 ; DHT11_Controller:dht11_ctrl|data_valid[20] ; LCD_Controller:lcd_ctrl|char_array[28][1] ; Clock_1MHz:CLK1MHZ|clk_1M ; clk         ; 1.000        ; -0.055     ; 7.689      ;
; -6.719 ; DHT11_Controller:dht11_ctrl|data_valid[5]  ; LCD_Controller:lcd_ctrl|char_array[13][1] ; Clock_1MHz:CLK1MHZ|clk_1M ; clk         ; 1.000        ; -0.335     ; 7.369      ;
; -6.703 ; DHT11_Controller:dht11_ctrl|data_valid[6]  ; LCD_Controller:lcd_ctrl|char_array[13][1] ; Clock_1MHz:CLK1MHZ|clk_1M ; clk         ; 1.000        ; -0.335     ; 7.353      ;
; -6.687 ; DHT11_Controller:dht11_ctrl|data_valid[4]  ; LCD_Controller:lcd_ctrl|char_array[14][1] ; Clock_1MHz:CLK1MHZ|clk_1M ; clk         ; 1.000        ; -0.004     ; 7.668      ;
; -6.686 ; DHT11_Controller:dht11_ctrl|data_valid[4]  ; LCD_Controller:lcd_ctrl|char_array[14][3] ; Clock_1MHz:CLK1MHZ|clk_1M ; clk         ; 1.000        ; -0.004     ; 7.667      ;
; -6.680 ; DHT11_Controller:dht11_ctrl|data_valid[23] ; LCD_Controller:lcd_ctrl|char_array[27][1] ; Clock_1MHz:CLK1MHZ|clk_1M ; clk         ; 1.000        ; -0.349     ; 7.316      ;
; -6.621 ; DHT11_Controller:dht11_ctrl|data_valid[20] ; LCD_Controller:lcd_ctrl|char_array[27][0] ; Clock_1MHz:CLK1MHZ|clk_1M ; clk         ; 1.000        ; -0.035     ; 7.571      ;
; -6.613 ; DHT11_Controller:dht11_ctrl|data_valid[28] ; LCD_Controller:lcd_ctrl|char_array[25][1] ; Clock_1MHz:CLK1MHZ|clk_1M ; clk         ; 1.000        ; -0.032     ; 7.566      ;
; -6.613 ; DHT11_Controller:dht11_ctrl|data_valid[28] ; LCD_Controller:lcd_ctrl|char_array[25][3] ; Clock_1MHz:CLK1MHZ|clk_1M ; clk         ; 1.000        ; -0.032     ; 7.566      ;
; -6.610 ; DHT11_Controller:dht11_ctrl|data_valid[28] ; LCD_Controller:lcd_ctrl|char_array[25][2] ; Clock_1MHz:CLK1MHZ|clk_1M ; clk         ; 1.000        ; -0.032     ; 7.563      ;
; -6.609 ; DHT11_Controller:dht11_ctrl|data_valid[7]  ; LCD_Controller:lcd_ctrl|char_array[13][1] ; Clock_1MHz:CLK1MHZ|clk_1M ; clk         ; 1.000        ; -0.337     ; 7.257      ;
; -6.599 ; DHT11_Controller:dht11_ctrl|data_valid[28] ; LCD_Controller:lcd_ctrl|char_array[24][0] ; Clock_1MHz:CLK1MHZ|clk_1M ; clk         ; 1.000        ; -0.022     ; 7.562      ;
; -6.546 ; DHT11_Controller:dht11_ctrl|data_valid[13] ; LCD_Controller:lcd_ctrl|char_array[10][1] ; Clock_1MHz:CLK1MHZ|clk_1M ; clk         ; 1.000        ; -0.347     ; 7.184      ;
; -6.508 ; DHT11_Controller:dht11_ctrl|data_valid[30] ; LCD_Controller:lcd_ctrl|char_array[24][1] ; Clock_1MHz:CLK1MHZ|clk_1M ; clk         ; 1.000        ; -0.026     ; 7.467      ;
; -6.475 ; DHT11_Controller:dht11_ctrl|data_valid[14] ; LCD_Controller:lcd_ctrl|char_array[10][1] ; Clock_1MHz:CLK1MHZ|clk_1M ; clk         ; 1.000        ; -0.347     ; 7.113      ;
; -6.446 ; DHT11_Controller:dht11_ctrl|data_valid[15] ; LCD_Controller:lcd_ctrl|char_array[10][1] ; Clock_1MHz:CLK1MHZ|clk_1M ; clk         ; 1.000        ; -0.347     ; 7.084      ;
; -6.392 ; DHT11_Controller:dht11_ctrl|data_valid[4]  ; LCD_Controller:lcd_ctrl|char_array[13][0] ; Clock_1MHz:CLK1MHZ|clk_1M ; clk         ; 1.000        ; -0.021     ; 7.356      ;
; -6.342 ; DHT11_Controller:dht11_ctrl|data_valid[31] ; LCD_Controller:lcd_ctrl|char_array[24][1] ; Clock_1MHz:CLK1MHZ|clk_1M ; clk         ; 1.000        ; -0.026     ; 7.301      ;
; -6.299 ; DHT11_Controller:dht11_ctrl|data_valid[29] ; LCD_Controller:lcd_ctrl|char_array[24][1] ; Clock_1MHz:CLK1MHZ|clk_1M ; clk         ; 1.000        ; -0.026     ; 7.258      ;
; -6.032 ; DHT11_Controller:dht11_ctrl|data_valid[13] ; LCD_Controller:lcd_ctrl|char_array[10][2] ; Clock_1MHz:CLK1MHZ|clk_1M ; clk         ; 1.000        ; -0.346     ; 6.671      ;
; -5.965 ; DHT11_Controller:dht11_ctrl|data_valid[12] ; LCD_Controller:lcd_ctrl|char_array[10][1] ; Clock_1MHz:CLK1MHZ|clk_1M ; clk         ; 1.000        ; -0.670     ; 6.280      ;
; -5.961 ; DHT11_Controller:dht11_ctrl|data_valid[14] ; LCD_Controller:lcd_ctrl|char_array[10][2] ; Clock_1MHz:CLK1MHZ|clk_1M ; clk         ; 1.000        ; -0.346     ; 6.600      ;
; -5.932 ; DHT11_Controller:dht11_ctrl|data_valid[15] ; LCD_Controller:lcd_ctrl|char_array[10][2] ; Clock_1MHz:CLK1MHZ|clk_1M ; clk         ; 1.000        ; -0.346     ; 6.571      ;
; -5.733 ; DHT11_Controller:dht11_ctrl|data_valid[20] ; LCD_Controller:lcd_ctrl|char_array[27][1] ; Clock_1MHz:CLK1MHZ|clk_1M ; clk         ; 1.000        ; -0.349     ; 6.369      ;
; -5.649 ; DHT11_Controller:dht11_ctrl|data_valid[3]  ; LCD_Controller:lcd_ctrl|char_array[14][2] ; Clock_1MHz:CLK1MHZ|clk_1M ; clk         ; 1.000        ; -0.336     ; 6.298      ;
; -5.513 ; DHT11_Controller:dht11_ctrl|data_valid[4]  ; LCD_Controller:lcd_ctrl|char_array[13][1] ; Clock_1MHz:CLK1MHZ|clk_1M ; clk         ; 1.000        ; -0.337     ; 6.161      ;
; -5.501 ; DHT11_Controller:dht11_ctrl|data_valid[3]  ; LCD_Controller:lcd_ctrl|char_array[14][1] ; Clock_1MHz:CLK1MHZ|clk_1M ; clk         ; 1.000        ; -0.336     ; 6.150      ;
; -5.500 ; DHT11_Controller:dht11_ctrl|data_valid[3]  ; LCD_Controller:lcd_ctrl|char_array[14][3] ; Clock_1MHz:CLK1MHZ|clk_1M ; clk         ; 1.000        ; -0.336     ; 6.149      ;
; -5.451 ; DHT11_Controller:dht11_ctrl|data_valid[12] ; LCD_Controller:lcd_ctrl|char_array[10][2] ; Clock_1MHz:CLK1MHZ|clk_1M ; clk         ; 1.000        ; -0.669     ; 5.767      ;
; -5.447 ; DHT11_Controller:dht11_ctrl|data_valid[11] ; LCD_Controller:lcd_ctrl|char_array[11][2] ; Clock_1MHz:CLK1MHZ|clk_1M ; clk         ; 1.000        ; -0.372     ; 6.060      ;
; -5.432 ; DHT11_Controller:dht11_ctrl|data_valid[19] ; LCD_Controller:lcd_ctrl|char_array[28][3] ; Clock_1MHz:CLK1MHZ|clk_1M ; clk         ; 1.000        ; -0.055     ; 6.362      ;
; -5.410 ; DHT11_Controller:dht11_ctrl|data_valid[28] ; LCD_Controller:lcd_ctrl|char_array[24][1] ; Clock_1MHz:CLK1MHZ|clk_1M ; clk         ; 1.000        ; -0.021     ; 6.374      ;
; -5.402 ; DHT11_Controller:dht11_ctrl|data_valid[30] ; LCD_Controller:lcd_ctrl|char_array[24][2] ; Clock_1MHz:CLK1MHZ|clk_1M ; clk         ; 1.000        ; -0.345     ; 6.042      ;
; -5.368 ; DHT11_Controller:dht11_ctrl|data_valid[19] ; LCD_Controller:lcd_ctrl|char_array[28][2] ; Clock_1MHz:CLK1MHZ|clk_1M ; clk         ; 1.000        ; -0.055     ; 6.298      ;
; -5.366 ; DHT11_Controller:dht11_ctrl|data_valid[11] ; LCD_Controller:lcd_ctrl|char_array[11][3] ; Clock_1MHz:CLK1MHZ|clk_1M ; clk         ; 1.000        ; -0.372     ; 5.979      ;
; -5.365 ; DHT11_Controller:dht11_ctrl|data_valid[11] ; LCD_Controller:lcd_ctrl|char_array[11][1] ; Clock_1MHz:CLK1MHZ|clk_1M ; clk         ; 1.000        ; -0.372     ; 5.978      ;
; -5.355 ; DHT11_Controller:dht11_ctrl|data_valid[27] ; LCD_Controller:lcd_ctrl|char_array[25][1] ; Clock_1MHz:CLK1MHZ|clk_1M ; clk         ; 1.000        ; -0.032     ; 6.308      ;
; -5.355 ; DHT11_Controller:dht11_ctrl|data_valid[27] ; LCD_Controller:lcd_ctrl|char_array[25][3] ; Clock_1MHz:CLK1MHZ|clk_1M ; clk         ; 1.000        ; -0.032     ; 6.308      ;
; -5.352 ; DHT11_Controller:dht11_ctrl|data_valid[27] ; LCD_Controller:lcd_ctrl|char_array[25][2] ; Clock_1MHz:CLK1MHZ|clk_1M ; clk         ; 1.000        ; -0.032     ; 6.305      ;
; -5.291 ; DHT11_Controller:dht11_ctrl|data_valid[19] ; LCD_Controller:lcd_ctrl|char_array[28][1] ; Clock_1MHz:CLK1MHZ|clk_1M ; clk         ; 1.000        ; -0.055     ; 6.221      ;
; -5.236 ; DHT11_Controller:dht11_ctrl|data_valid[31] ; LCD_Controller:lcd_ctrl|char_array[24][2] ; Clock_1MHz:CLK1MHZ|clk_1M ; clk         ; 1.000        ; -0.345     ; 5.876      ;
; -5.228 ; DHT11_Controller:dht11_ctrl|data_valid[3]  ; LCD_Controller:lcd_ctrl|char_array[13][0] ; Clock_1MHz:CLK1MHZ|clk_1M ; clk         ; 1.000        ; -0.353     ; 5.860      ;
; -5.193 ; DHT11_Controller:dht11_ctrl|data_valid[29] ; LCD_Controller:lcd_ctrl|char_array[24][2] ; Clock_1MHz:CLK1MHZ|clk_1M ; clk         ; 1.000        ; -0.345     ; 5.833      ;
+--------+--------------------------------------------+-------------------------------------------+---------------------------+-------------+--------------+------------+------------+


+--------------------------------------------------------------------------------------------------------------------------------------------------------------------------------------------------+
; Slow 1200mV 0C Model Setup: 'Clock_1MHz:CLK1MHZ|clk_1M'                                                                                                                                          ;
+--------+-------------------------------------------+--------------------------------------------+---------------------------+---------------------------+--------------+------------+------------+
; Slack  ; From Node                                 ; To Node                                    ; Launch Clock              ; Latch Clock               ; Relationship ; Clock Skew ; Data Delay ;
+--------+-------------------------------------------+--------------------------------------------+---------------------------+---------------------------+--------------+------------+------------+
; -4.040 ; DHT11_Controller:dht11_ctrl|data_temp[33] ; DHT11_Controller:dht11_ctrl|data_valid[22] ; Clock_1MHz:CLK1MHZ|clk_1M ; Clock_1MHz:CLK1MHZ|clk_1M ; 1.000        ; -0.067     ; 4.968      ;
; -4.025 ; DHT11_Controller:dht11_ctrl|data_temp[16] ; DHT11_Controller:dht11_ctrl|data_valid[22] ; Clock_1MHz:CLK1MHZ|clk_1M ; Clock_1MHz:CLK1MHZ|clk_1M ; 1.000        ; -0.069     ; 4.951      ;
; -4.022 ; DHT11_Controller:dht11_ctrl|data_temp[8]  ; DHT11_Controller:dht11_ctrl|data_valid[22] ; Clock_1MHz:CLK1MHZ|clk_1M ; Clock_1MHz:CLK1MHZ|clk_1M ; 1.000        ; -0.069     ; 4.948      ;
; -3.986 ; DHT11_Controller:dht11_ctrl|data_temp[32] ; DHT11_Controller:dht11_ctrl|data_valid[22] ; Clock_1MHz:CLK1MHZ|clk_1M ; Clock_1MHz:CLK1MHZ|clk_1M ; 1.000        ; -0.067     ; 4.914      ;
; -3.950 ; DHT11_Controller:dht11_ctrl|data_temp[35] ; DHT11_Controller:dht11_ctrl|data_valid[22] ; Clock_1MHz:CLK1MHZ|clk_1M ; Clock_1MHz:CLK1MHZ|clk_1M ; 1.000        ; -0.066     ; 4.879      ;
; -3.946 ; DHT11_Controller:dht11_ctrl|data_temp[33] ; DHT11_Controller:dht11_ctrl|data_valid[13] ; Clock_1MHz:CLK1MHZ|clk_1M ; Clock_1MHz:CLK1MHZ|clk_1M ; 1.000        ; -0.059     ; 4.882      ;
; -3.943 ; DHT11_Controller:dht11_ctrl|data_temp[33] ; DHT11_Controller:dht11_ctrl|data_valid[15] ; Clock_1MHz:CLK1MHZ|clk_1M ; Clock_1MHz:CLK1MHZ|clk_1M ; 1.000        ; -0.059     ; 4.879      ;
; -3.942 ; DHT11_Controller:dht11_ctrl|data_temp[33] ; DHT11_Controller:dht11_ctrl|data_valid[14] ; Clock_1MHz:CLK1MHZ|clk_1M ; Clock_1MHz:CLK1MHZ|clk_1M ; 1.000        ; -0.059     ; 4.878      ;
; -3.939 ; DHT11_Controller:dht11_ctrl|data_temp[25] ; DHT11_Controller:dht11_ctrl|data_valid[22] ; Clock_1MHz:CLK1MHZ|clk_1M ; Clock_1MHz:CLK1MHZ|clk_1M ; 1.000        ; -0.067     ; 4.867      ;
; -3.932 ; DHT11_Controller:dht11_ctrl|data_temp[16] ; DHT11_Controller:dht11_ctrl|data_valid[13] ; Clock_1MHz:CLK1MHZ|clk_1M ; Clock_1MHz:CLK1MHZ|clk_1M ; 1.000        ; -0.061     ; 4.866      ;
; -3.929 ; DHT11_Controller:dht11_ctrl|data_temp[16] ; DHT11_Controller:dht11_ctrl|data_valid[15] ; Clock_1MHz:CLK1MHZ|clk_1M ; Clock_1MHz:CLK1MHZ|clk_1M ; 1.000        ; -0.061     ; 4.863      ;
; -3.929 ; DHT11_Controller:dht11_ctrl|data_temp[8]  ; DHT11_Controller:dht11_ctrl|data_valid[13] ; Clock_1MHz:CLK1MHZ|clk_1M ; Clock_1MHz:CLK1MHZ|clk_1M ; 1.000        ; -0.061     ; 4.863      ;
; -3.928 ; DHT11_Controller:dht11_ctrl|data_temp[16] ; DHT11_Controller:dht11_ctrl|data_valid[14] ; Clock_1MHz:CLK1MHZ|clk_1M ; Clock_1MHz:CLK1MHZ|clk_1M ; 1.000        ; -0.061     ; 4.862      ;
; -3.926 ; DHT11_Controller:dht11_ctrl|data_temp[8]  ; DHT11_Controller:dht11_ctrl|data_valid[15] ; Clock_1MHz:CLK1MHZ|clk_1M ; Clock_1MHz:CLK1MHZ|clk_1M ; 1.000        ; -0.061     ; 4.860      ;
; -3.925 ; DHT11_Controller:dht11_ctrl|data_temp[8]  ; DHT11_Controller:dht11_ctrl|data_valid[14] ; Clock_1MHz:CLK1MHZ|clk_1M ; Clock_1MHz:CLK1MHZ|clk_1M ; 1.000        ; -0.061     ; 4.859      ;
; -3.896 ; DHT11_Controller:dht11_ctrl|data_temp[24] ; DHT11_Controller:dht11_ctrl|data_valid[22] ; Clock_1MHz:CLK1MHZ|clk_1M ; Clock_1MHz:CLK1MHZ|clk_1M ; 1.000        ; -0.067     ; 4.824      ;
; -3.895 ; DHT11_Controller:dht11_ctrl|data_temp[18] ; DHT11_Controller:dht11_ctrl|data_valid[22] ; Clock_1MHz:CLK1MHZ|clk_1M ; Clock_1MHz:CLK1MHZ|clk_1M ; 1.000        ; -0.067     ; 4.823      ;
; -3.892 ; DHT11_Controller:dht11_ctrl|data_temp[32] ; DHT11_Controller:dht11_ctrl|data_valid[13] ; Clock_1MHz:CLK1MHZ|clk_1M ; Clock_1MHz:CLK1MHZ|clk_1M ; 1.000        ; -0.059     ; 4.828      ;
; -3.889 ; DHT11_Controller:dht11_ctrl|data_temp[17] ; DHT11_Controller:dht11_ctrl|data_valid[22] ; Clock_1MHz:CLK1MHZ|clk_1M ; Clock_1MHz:CLK1MHZ|clk_1M ; 1.000        ; -0.069     ; 4.815      ;
; -3.889 ; DHT11_Controller:dht11_ctrl|data_temp[32] ; DHT11_Controller:dht11_ctrl|data_valid[15] ; Clock_1MHz:CLK1MHZ|clk_1M ; Clock_1MHz:CLK1MHZ|clk_1M ; 1.000        ; -0.059     ; 4.825      ;
; -3.888 ; DHT11_Controller:dht11_ctrl|data_temp[32] ; DHT11_Controller:dht11_ctrl|data_valid[14] ; Clock_1MHz:CLK1MHZ|clk_1M ; Clock_1MHz:CLK1MHZ|clk_1M ; 1.000        ; -0.059     ; 4.824      ;
; -3.886 ; DHT11_Controller:dht11_ctrl|data_temp[9]  ; DHT11_Controller:dht11_ctrl|data_valid[22] ; Clock_1MHz:CLK1MHZ|clk_1M ; Clock_1MHz:CLK1MHZ|clk_1M ; 1.000        ; -0.069     ; 4.812      ;
; -3.856 ; DHT11_Controller:dht11_ctrl|data_temp[35] ; DHT11_Controller:dht11_ctrl|data_valid[13] ; Clock_1MHz:CLK1MHZ|clk_1M ; Clock_1MHz:CLK1MHZ|clk_1M ; 1.000        ; -0.058     ; 4.793      ;
; -3.853 ; DHT11_Controller:dht11_ctrl|data_temp[35] ; DHT11_Controller:dht11_ctrl|data_valid[15] ; Clock_1MHz:CLK1MHZ|clk_1M ; Clock_1MHz:CLK1MHZ|clk_1M ; 1.000        ; -0.058     ; 4.790      ;
; -3.852 ; DHT11_Controller:dht11_ctrl|data_temp[35] ; DHT11_Controller:dht11_ctrl|data_valid[14] ; Clock_1MHz:CLK1MHZ|clk_1M ; Clock_1MHz:CLK1MHZ|clk_1M ; 1.000        ; -0.058     ; 4.789      ;
; -3.845 ; DHT11_Controller:dht11_ctrl|data_temp[25] ; DHT11_Controller:dht11_ctrl|data_valid[13] ; Clock_1MHz:CLK1MHZ|clk_1M ; Clock_1MHz:CLK1MHZ|clk_1M ; 1.000        ; -0.059     ; 4.781      ;
; -3.842 ; DHT11_Controller:dht11_ctrl|data_temp[25] ; DHT11_Controller:dht11_ctrl|data_valid[15] ; Clock_1MHz:CLK1MHZ|clk_1M ; Clock_1MHz:CLK1MHZ|clk_1M ; 1.000        ; -0.059     ; 4.778      ;
; -3.841 ; DHT11_Controller:dht11_ctrl|data_temp[25] ; DHT11_Controller:dht11_ctrl|data_valid[14] ; Clock_1MHz:CLK1MHZ|clk_1M ; Clock_1MHz:CLK1MHZ|clk_1M ; 1.000        ; -0.059     ; 4.777      ;
; -3.840 ; DHT11_Controller:dht11_ctrl|data_temp[27] ; DHT11_Controller:dht11_ctrl|data_valid[22] ; Clock_1MHz:CLK1MHZ|clk_1M ; Clock_1MHz:CLK1MHZ|clk_1M ; 1.000        ; -0.067     ; 4.768      ;
; -3.802 ; DHT11_Controller:dht11_ctrl|data_temp[24] ; DHT11_Controller:dht11_ctrl|data_valid[13] ; Clock_1MHz:CLK1MHZ|clk_1M ; Clock_1MHz:CLK1MHZ|clk_1M ; 1.000        ; -0.059     ; 4.738      ;
; -3.799 ; DHT11_Controller:dht11_ctrl|data_temp[24] ; DHT11_Controller:dht11_ctrl|data_valid[15] ; Clock_1MHz:CLK1MHZ|clk_1M ; Clock_1MHz:CLK1MHZ|clk_1M ; 1.000        ; -0.059     ; 4.735      ;
; -3.798 ; DHT11_Controller:dht11_ctrl|data_temp[24] ; DHT11_Controller:dht11_ctrl|data_valid[14] ; Clock_1MHz:CLK1MHZ|clk_1M ; Clock_1MHz:CLK1MHZ|clk_1M ; 1.000        ; -0.059     ; 4.734      ;
; -3.795 ; DHT11_Controller:dht11_ctrl|data_temp[17] ; DHT11_Controller:dht11_ctrl|data_valid[13] ; Clock_1MHz:CLK1MHZ|clk_1M ; Clock_1MHz:CLK1MHZ|clk_1M ; 1.000        ; -0.061     ; 4.729      ;
; -3.792 ; DHT11_Controller:dht11_ctrl|data_temp[17] ; DHT11_Controller:dht11_ctrl|data_valid[15] ; Clock_1MHz:CLK1MHZ|clk_1M ; Clock_1MHz:CLK1MHZ|clk_1M ; 1.000        ; -0.061     ; 4.726      ;
; -3.792 ; DHT11_Controller:dht11_ctrl|data_temp[20] ; DHT11_Controller:dht11_ctrl|data_valid[22] ; Clock_1MHz:CLK1MHZ|clk_1M ; Clock_1MHz:CLK1MHZ|clk_1M ; 1.000        ; -0.072     ; 4.715      ;
; -3.792 ; DHT11_Controller:dht11_ctrl|data_temp[9]  ; DHT11_Controller:dht11_ctrl|data_valid[13] ; Clock_1MHz:CLK1MHZ|clk_1M ; Clock_1MHz:CLK1MHZ|clk_1M ; 1.000        ; -0.061     ; 4.726      ;
; -3.791 ; DHT11_Controller:dht11_ctrl|data_temp[17] ; DHT11_Controller:dht11_ctrl|data_valid[14] ; Clock_1MHz:CLK1MHZ|clk_1M ; Clock_1MHz:CLK1MHZ|clk_1M ; 1.000        ; -0.061     ; 4.725      ;
; -3.789 ; DHT11_Controller:dht11_ctrl|data_temp[9]  ; DHT11_Controller:dht11_ctrl|data_valid[15] ; Clock_1MHz:CLK1MHZ|clk_1M ; Clock_1MHz:CLK1MHZ|clk_1M ; 1.000        ; -0.061     ; 4.723      ;
; -3.788 ; DHT11_Controller:dht11_ctrl|data_temp[9]  ; DHT11_Controller:dht11_ctrl|data_valid[14] ; Clock_1MHz:CLK1MHZ|clk_1M ; Clock_1MHz:CLK1MHZ|clk_1M ; 1.000        ; -0.061     ; 4.722      ;
; -3.779 ; DHT11_Controller:dht11_ctrl|data_temp[18] ; DHT11_Controller:dht11_ctrl|data_valid[13] ; Clock_1MHz:CLK1MHZ|clk_1M ; Clock_1MHz:CLK1MHZ|clk_1M ; 1.000        ; -0.059     ; 4.715      ;
; -3.776 ; DHT11_Controller:dht11_ctrl|data_temp[18] ; DHT11_Controller:dht11_ctrl|data_valid[15] ; Clock_1MHz:CLK1MHZ|clk_1M ; Clock_1MHz:CLK1MHZ|clk_1M ; 1.000        ; -0.059     ; 4.712      ;
; -3.775 ; DHT11_Controller:dht11_ctrl|data_temp[18] ; DHT11_Controller:dht11_ctrl|data_valid[14] ; Clock_1MHz:CLK1MHZ|clk_1M ; Clock_1MHz:CLK1MHZ|clk_1M ; 1.000        ; -0.059     ; 4.711      ;
; -3.774 ; DHT11_Controller:dht11_ctrl|data_temp[34] ; DHT11_Controller:dht11_ctrl|data_valid[22] ; Clock_1MHz:CLK1MHZ|clk_1M ; Clock_1MHz:CLK1MHZ|clk_1M ; 1.000        ; -0.067     ; 4.702      ;
; -3.771 ; DHT11_Controller:dht11_ctrl|data_temp[26] ; DHT11_Controller:dht11_ctrl|data_valid[22] ; Clock_1MHz:CLK1MHZ|clk_1M ; Clock_1MHz:CLK1MHZ|clk_1M ; 1.000        ; -0.067     ; 4.699      ;
; -3.746 ; DHT11_Controller:dht11_ctrl|data_temp[27] ; DHT11_Controller:dht11_ctrl|data_valid[13] ; Clock_1MHz:CLK1MHZ|clk_1M ; Clock_1MHz:CLK1MHZ|clk_1M ; 1.000        ; -0.059     ; 4.682      ;
; -3.743 ; DHT11_Controller:dht11_ctrl|data_temp[27] ; DHT11_Controller:dht11_ctrl|data_valid[15] ; Clock_1MHz:CLK1MHZ|clk_1M ; Clock_1MHz:CLK1MHZ|clk_1M ; 1.000        ; -0.059     ; 4.679      ;
; -3.742 ; DHT11_Controller:dht11_ctrl|data_temp[27] ; DHT11_Controller:dht11_ctrl|data_valid[14] ; Clock_1MHz:CLK1MHZ|clk_1M ; Clock_1MHz:CLK1MHZ|clk_1M ; 1.000        ; -0.059     ; 4.678      ;
; -3.724 ; DHT11_Controller:dht11_ctrl|data_temp[37] ; DHT11_Controller:dht11_ctrl|data_valid[22] ; Clock_1MHz:CLK1MHZ|clk_1M ; Clock_1MHz:CLK1MHZ|clk_1M ; 1.000        ; -0.067     ; 4.652      ;
; -3.715 ; DHT11_Controller:dht11_ctrl|data_temp[29] ; DHT11_Controller:dht11_ctrl|data_valid[22] ; Clock_1MHz:CLK1MHZ|clk_1M ; Clock_1MHz:CLK1MHZ|clk_1M ; 1.000        ; -0.067     ; 4.643      ;
; -3.695 ; DHT11_Controller:dht11_ctrl|data_temp[11] ; DHT11_Controller:dht11_ctrl|data_valid[22] ; Clock_1MHz:CLK1MHZ|clk_1M ; Clock_1MHz:CLK1MHZ|clk_1M ; 1.000        ; -0.069     ; 4.621      ;
; -3.689 ; DHT11_Controller:dht11_ctrl|data_temp[20] ; DHT11_Controller:dht11_ctrl|data_valid[13] ; Clock_1MHz:CLK1MHZ|clk_1M ; Clock_1MHz:CLK1MHZ|clk_1M ; 1.000        ; -0.064     ; 4.620      ;
; -3.686 ; DHT11_Controller:dht11_ctrl|data_temp[20] ; DHT11_Controller:dht11_ctrl|data_valid[15] ; Clock_1MHz:CLK1MHZ|clk_1M ; Clock_1MHz:CLK1MHZ|clk_1M ; 1.000        ; -0.064     ; 4.617      ;
; -3.685 ; DHT11_Controller:dht11_ctrl|data_temp[20] ; DHT11_Controller:dht11_ctrl|data_valid[14] ; Clock_1MHz:CLK1MHZ|clk_1M ; Clock_1MHz:CLK1MHZ|clk_1M ; 1.000        ; -0.064     ; 4.616      ;
; -3.680 ; DHT11_Controller:dht11_ctrl|data_temp[34] ; DHT11_Controller:dht11_ctrl|data_valid[13] ; Clock_1MHz:CLK1MHZ|clk_1M ; Clock_1MHz:CLK1MHZ|clk_1M ; 1.000        ; -0.059     ; 4.616      ;
; -3.677 ; DHT11_Controller:dht11_ctrl|data_temp[26] ; DHT11_Controller:dht11_ctrl|data_valid[13] ; Clock_1MHz:CLK1MHZ|clk_1M ; Clock_1MHz:CLK1MHZ|clk_1M ; 1.000        ; -0.059     ; 4.613      ;
; -3.677 ; DHT11_Controller:dht11_ctrl|data_temp[34] ; DHT11_Controller:dht11_ctrl|data_valid[15] ; Clock_1MHz:CLK1MHZ|clk_1M ; Clock_1MHz:CLK1MHZ|clk_1M ; 1.000        ; -0.059     ; 4.613      ;
; -3.676 ; DHT11_Controller:dht11_ctrl|data_temp[34] ; DHT11_Controller:dht11_ctrl|data_valid[14] ; Clock_1MHz:CLK1MHZ|clk_1M ; Clock_1MHz:CLK1MHZ|clk_1M ; 1.000        ; -0.059     ; 4.612      ;
; -3.674 ; DHT11_Controller:dht11_ctrl|data_temp[26] ; DHT11_Controller:dht11_ctrl|data_valid[15] ; Clock_1MHz:CLK1MHZ|clk_1M ; Clock_1MHz:CLK1MHZ|clk_1M ; 1.000        ; -0.059     ; 4.610      ;
; -3.673 ; DHT11_Controller:dht11_ctrl|data_temp[26] ; DHT11_Controller:dht11_ctrl|data_valid[14] ; Clock_1MHz:CLK1MHZ|clk_1M ; Clock_1MHz:CLK1MHZ|clk_1M ; 1.000        ; -0.059     ; 4.609      ;
; -3.649 ; DHT11_Controller:dht11_ctrl|data_temp[36] ; DHT11_Controller:dht11_ctrl|data_valid[22] ; Clock_1MHz:CLK1MHZ|clk_1M ; Clock_1MHz:CLK1MHZ|clk_1M ; 1.000        ; -0.067     ; 4.577      ;
; -3.645 ; DHT11_Controller:dht11_ctrl|data_temp[28] ; DHT11_Controller:dht11_ctrl|data_valid[22] ; Clock_1MHz:CLK1MHZ|clk_1M ; Clock_1MHz:CLK1MHZ|clk_1M ; 1.000        ; -0.067     ; 4.573      ;
; -3.630 ; DHT11_Controller:dht11_ctrl|data_temp[37] ; DHT11_Controller:dht11_ctrl|data_valid[13] ; Clock_1MHz:CLK1MHZ|clk_1M ; Clock_1MHz:CLK1MHZ|clk_1M ; 1.000        ; -0.059     ; 4.566      ;
; -3.627 ; DHT11_Controller:dht11_ctrl|data_temp[37] ; DHT11_Controller:dht11_ctrl|data_valid[15] ; Clock_1MHz:CLK1MHZ|clk_1M ; Clock_1MHz:CLK1MHZ|clk_1M ; 1.000        ; -0.059     ; 4.563      ;
; -3.626 ; DHT11_Controller:dht11_ctrl|data_temp[37] ; DHT11_Controller:dht11_ctrl|data_valid[14] ; Clock_1MHz:CLK1MHZ|clk_1M ; Clock_1MHz:CLK1MHZ|clk_1M ; 1.000        ; -0.059     ; 4.562      ;
; -3.621 ; DHT11_Controller:dht11_ctrl|data_temp[29] ; DHT11_Controller:dht11_ctrl|data_valid[13] ; Clock_1MHz:CLK1MHZ|clk_1M ; Clock_1MHz:CLK1MHZ|clk_1M ; 1.000        ; -0.059     ; 4.557      ;
; -3.618 ; DHT11_Controller:dht11_ctrl|data_temp[29] ; DHT11_Controller:dht11_ctrl|data_valid[15] ; Clock_1MHz:CLK1MHZ|clk_1M ; Clock_1MHz:CLK1MHZ|clk_1M ; 1.000        ; -0.059     ; 4.554      ;
; -3.617 ; DHT11_Controller:dht11_ctrl|data_temp[29] ; DHT11_Controller:dht11_ctrl|data_valid[14] ; Clock_1MHz:CLK1MHZ|clk_1M ; Clock_1MHz:CLK1MHZ|clk_1M ; 1.000        ; -0.059     ; 4.553      ;
; -3.601 ; DHT11_Controller:dht11_ctrl|data_temp[11] ; DHT11_Controller:dht11_ctrl|data_valid[13] ; Clock_1MHz:CLK1MHZ|clk_1M ; Clock_1MHz:CLK1MHZ|clk_1M ; 1.000        ; -0.061     ; 4.535      ;
; -3.598 ; DHT11_Controller:dht11_ctrl|data_temp[11] ; DHT11_Controller:dht11_ctrl|data_valid[15] ; Clock_1MHz:CLK1MHZ|clk_1M ; Clock_1MHz:CLK1MHZ|clk_1M ; 1.000        ; -0.061     ; 4.532      ;
; -3.597 ; DHT11_Controller:dht11_ctrl|data_temp[11] ; DHT11_Controller:dht11_ctrl|data_valid[14] ; Clock_1MHz:CLK1MHZ|clk_1M ; Clock_1MHz:CLK1MHZ|clk_1M ; 1.000        ; -0.061     ; 4.531      ;
; -3.592 ; DHT11_Controller:dht11_ctrl|data_temp[33] ; DHT11_Controller:dht11_ctrl|data_valid[5]  ; Clock_1MHz:CLK1MHZ|clk_1M ; Clock_1MHz:CLK1MHZ|clk_1M ; 1.000        ; -0.069     ; 4.518      ;
; -3.592 ; DHT11_Controller:dht11_ctrl|data_temp[33] ; DHT11_Controller:dht11_ctrl|data_valid[6]  ; Clock_1MHz:CLK1MHZ|clk_1M ; Clock_1MHz:CLK1MHZ|clk_1M ; 1.000        ; -0.069     ; 4.518      ;
; -3.578 ; DHT11_Controller:dht11_ctrl|data_temp[19] ; DHT11_Controller:dht11_ctrl|data_valid[22] ; Clock_1MHz:CLK1MHZ|clk_1M ; Clock_1MHz:CLK1MHZ|clk_1M ; 1.000        ; -0.069     ; 4.504      ;
; -3.571 ; DHT11_Controller:dht11_ctrl|data_temp[38] ; DHT11_Controller:dht11_ctrl|data_valid[22] ; Clock_1MHz:CLK1MHZ|clk_1M ; Clock_1MHz:CLK1MHZ|clk_1M ; 1.000        ; -0.062     ; 4.504      ;
; -3.559 ; DHT11_Controller:dht11_ctrl|data_temp[16] ; DHT11_Controller:dht11_ctrl|data_valid[5]  ; Clock_1MHz:CLK1MHZ|clk_1M ; Clock_1MHz:CLK1MHZ|clk_1M ; 1.000        ; -0.071     ; 4.483      ;
; -3.559 ; DHT11_Controller:dht11_ctrl|data_temp[16] ; DHT11_Controller:dht11_ctrl|data_valid[6]  ; Clock_1MHz:CLK1MHZ|clk_1M ; Clock_1MHz:CLK1MHZ|clk_1M ; 1.000        ; -0.071     ; 4.483      ;
; -3.556 ; DHT11_Controller:dht11_ctrl|data_temp[8]  ; DHT11_Controller:dht11_ctrl|data_valid[5]  ; Clock_1MHz:CLK1MHZ|clk_1M ; Clock_1MHz:CLK1MHZ|clk_1M ; 1.000        ; -0.071     ; 4.480      ;
; -3.556 ; DHT11_Controller:dht11_ctrl|data_temp[8]  ; DHT11_Controller:dht11_ctrl|data_valid[6]  ; Clock_1MHz:CLK1MHZ|clk_1M ; Clock_1MHz:CLK1MHZ|clk_1M ; 1.000        ; -0.071     ; 4.480      ;
; -3.555 ; DHT11_Controller:dht11_ctrl|data_temp[36] ; DHT11_Controller:dht11_ctrl|data_valid[13] ; Clock_1MHz:CLK1MHZ|clk_1M ; Clock_1MHz:CLK1MHZ|clk_1M ; 1.000        ; -0.059     ; 4.491      ;
; -3.552 ; DHT11_Controller:dht11_ctrl|data_temp[36] ; DHT11_Controller:dht11_ctrl|data_valid[15] ; Clock_1MHz:CLK1MHZ|clk_1M ; Clock_1MHz:CLK1MHZ|clk_1M ; 1.000        ; -0.059     ; 4.488      ;
; -3.551 ; DHT11_Controller:dht11_ctrl|data_temp[28] ; DHT11_Controller:dht11_ctrl|data_valid[13] ; Clock_1MHz:CLK1MHZ|clk_1M ; Clock_1MHz:CLK1MHZ|clk_1M ; 1.000        ; -0.059     ; 4.487      ;
; -3.551 ; DHT11_Controller:dht11_ctrl|data_temp[36] ; DHT11_Controller:dht11_ctrl|data_valid[14] ; Clock_1MHz:CLK1MHZ|clk_1M ; Clock_1MHz:CLK1MHZ|clk_1M ; 1.000        ; -0.059     ; 4.487      ;
; -3.548 ; DHT11_Controller:dht11_ctrl|data_temp[28] ; DHT11_Controller:dht11_ctrl|data_valid[15] ; Clock_1MHz:CLK1MHZ|clk_1M ; Clock_1MHz:CLK1MHZ|clk_1M ; 1.000        ; -0.059     ; 4.484      ;
; -3.547 ; DHT11_Controller:dht11_ctrl|data_temp[28] ; DHT11_Controller:dht11_ctrl|data_valid[14] ; Clock_1MHz:CLK1MHZ|clk_1M ; Clock_1MHz:CLK1MHZ|clk_1M ; 1.000        ; -0.059     ; 4.483      ;
; -3.538 ; DHT11_Controller:dht11_ctrl|data_temp[32] ; DHT11_Controller:dht11_ctrl|data_valid[5]  ; Clock_1MHz:CLK1MHZ|clk_1M ; Clock_1MHz:CLK1MHZ|clk_1M ; 1.000        ; -0.069     ; 4.464      ;
; -3.538 ; DHT11_Controller:dht11_ctrl|data_temp[32] ; DHT11_Controller:dht11_ctrl|data_valid[6]  ; Clock_1MHz:CLK1MHZ|clk_1M ; Clock_1MHz:CLK1MHZ|clk_1M ; 1.000        ; -0.069     ; 4.464      ;
; -3.515 ; DHT11_Controller:dht11_ctrl|data_temp[33] ; DHT11_Controller:dht11_ctrl|data_valid[23] ; Clock_1MHz:CLK1MHZ|clk_1M ; Clock_1MHz:CLK1MHZ|clk_1M ; 1.000        ; -0.065     ; 4.445      ;
; -3.514 ; DHT11_Controller:dht11_ctrl|data_temp[33] ; DHT11_Controller:dht11_ctrl|data_valid[21] ; Clock_1MHz:CLK1MHZ|clk_1M ; Clock_1MHz:CLK1MHZ|clk_1M ; 1.000        ; -0.065     ; 4.444      ;
; -3.514 ; DHT11_Controller:dht11_ctrl|data_temp[10] ; DHT11_Controller:dht11_ctrl|data_valid[22] ; Clock_1MHz:CLK1MHZ|clk_1M ; Clock_1MHz:CLK1MHZ|clk_1M ; 1.000        ; -0.069     ; 4.440      ;
; -3.511 ; DHT11_Controller:dht11_ctrl|data_temp[33] ; DHT11_Controller:dht11_ctrl|data_valid[24] ; Clock_1MHz:CLK1MHZ|clk_1M ; Clock_1MHz:CLK1MHZ|clk_1M ; 1.000        ; -0.065     ; 4.441      ;
; -3.510 ; DHT11_Controller:dht11_ctrl|data_temp[33] ; DHT11_Controller:dht11_ctrl|data_valid[19] ; Clock_1MHz:CLK1MHZ|clk_1M ; Clock_1MHz:CLK1MHZ|clk_1M ; 1.000        ; -0.065     ; 4.440      ;
; -3.509 ; DHT11_Controller:dht11_ctrl|data_temp[33] ; DHT11_Controller:dht11_ctrl|data_valid[20] ; Clock_1MHz:CLK1MHZ|clk_1M ; Clock_1MHz:CLK1MHZ|clk_1M ; 1.000        ; -0.065     ; 4.439      ;
; -3.502 ; DHT11_Controller:dht11_ctrl|data_temp[35] ; DHT11_Controller:dht11_ctrl|data_valid[5]  ; Clock_1MHz:CLK1MHZ|clk_1M ; Clock_1MHz:CLK1MHZ|clk_1M ; 1.000        ; -0.068     ; 4.429      ;
; -3.502 ; DHT11_Controller:dht11_ctrl|data_temp[35] ; DHT11_Controller:dht11_ctrl|data_valid[6]  ; Clock_1MHz:CLK1MHZ|clk_1M ; Clock_1MHz:CLK1MHZ|clk_1M ; 1.000        ; -0.068     ; 4.429      ;
; -3.491 ; DHT11_Controller:dht11_ctrl|data_temp[25] ; DHT11_Controller:dht11_ctrl|data_valid[5]  ; Clock_1MHz:CLK1MHZ|clk_1M ; Clock_1MHz:CLK1MHZ|clk_1M ; 1.000        ; -0.069     ; 4.417      ;
; -3.491 ; DHT11_Controller:dht11_ctrl|data_temp[25] ; DHT11_Controller:dht11_ctrl|data_valid[6]  ; Clock_1MHz:CLK1MHZ|clk_1M ; Clock_1MHz:CLK1MHZ|clk_1M ; 1.000        ; -0.069     ; 4.417      ;
; -3.488 ; DHT11_Controller:dht11_ctrl|data_temp[16] ; DHT11_Controller:dht11_ctrl|data_valid[23] ; Clock_1MHz:CLK1MHZ|clk_1M ; Clock_1MHz:CLK1MHZ|clk_1M ; 1.000        ; -0.067     ; 4.416      ;
; -3.488 ; DHT11_Controller:dht11_ctrl|data_temp[16] ; DHT11_Controller:dht11_ctrl|data_valid[19] ; Clock_1MHz:CLK1MHZ|clk_1M ; Clock_1MHz:CLK1MHZ|clk_1M ; 1.000        ; -0.067     ; 4.416      ;
; -3.487 ; DHT11_Controller:dht11_ctrl|data_temp[16] ; DHT11_Controller:dht11_ctrl|data_valid[21] ; Clock_1MHz:CLK1MHZ|clk_1M ; Clock_1MHz:CLK1MHZ|clk_1M ; 1.000        ; -0.067     ; 4.415      ;
; -3.485 ; DHT11_Controller:dht11_ctrl|data_temp[8]  ; DHT11_Controller:dht11_ctrl|data_valid[23] ; Clock_1MHz:CLK1MHZ|clk_1M ; Clock_1MHz:CLK1MHZ|clk_1M ; 1.000        ; -0.067     ; 4.413      ;
+--------+-------------------------------------------+--------------------------------------------+---------------------------+---------------------------+--------------+------------+------------+


+------------------------------------------------------------------------------------------------------------------------------------------------------------------------------------+
; Slow 1200mV 0C Model Hold: 'clk'                                                                                                                                                   ;
+--------+--------------------------------------------+-------------------------------------------+---------------------------+-------------+--------------+------------+------------+
; Slack  ; From Node                                  ; To Node                                   ; Launch Clock              ; Latch Clock ; Relationship ; Clock Skew ; Data Delay ;
+--------+--------------------------------------------+-------------------------------------------+---------------------------+-------------+--------------+------------+------------+
; -0.131 ; Clock_1MHz:CLK1MHZ|clk_1M                  ; Clock_1MHz:CLK1MHZ|clk_1M                 ; Clock_1MHz:CLK1MHZ|clk_1M ; clk         ; 0.000        ; 1.995      ; 2.218      ;
; 0.297  ; LCD_Controller:lcd_ctrl|lcd_db[7]          ; LCD_Controller:lcd_ctrl|lcd_db[7]         ; clk                       ; clk         ; 0.000        ; 0.070      ; 0.511      ;
; 0.297  ; LCD_Controller:lcd_ctrl|lcd_rs             ; LCD_Controller:lcd_ctrl|lcd_rs            ; clk                       ; clk         ; 0.000        ; 0.070      ; 0.511      ;
; 0.311  ; LCD_Controller:lcd_ctrl|lcd_db[6]          ; LCD_Controller:lcd_ctrl|lcd_db[6]         ; clk                       ; clk         ; 0.000        ; 0.056      ; 0.511      ;
; 0.338  ; LCD_Controller:lcd_ctrl|state.000011       ; LCD_Controller:lcd_ctrl|state.000100      ; clk                       ; clk         ; 0.000        ; 0.055      ; 0.537      ;
; 0.340  ; LCD_Controller:lcd_ctrl|state.000001       ; LCD_Controller:lcd_ctrl|state.000010      ; clk                       ; clk         ; 0.000        ; 0.055      ; 0.539      ;
; 0.355  ; LCD_Controller:lcd_ctrl|counter[21]        ; LCD_Controller:lcd_ctrl|counter[21]       ; clk                       ; clk         ; 0.000        ; 0.055      ; 0.554      ;
; 0.366  ; Clock_1MHz:CLK1MHZ|clk_1M                  ; Clock_1MHz:CLK1MHZ|clk_1M                 ; Clock_1MHz:CLK1MHZ|clk_1M ; clk         ; -0.500       ; 1.995      ; 2.215      ;
; 0.370  ; LCD_Controller:lcd_ctrl|state.000010       ; LCD_Controller:lcd_ctrl|state.000011      ; clk                       ; clk         ; 0.000        ; 0.055      ; 0.569      ;
; 0.453  ; LCD_Controller:lcd_ctrl|state.000000       ; LCD_Controller:lcd_ctrl|state.000001      ; clk                       ; clk         ; 0.000        ; 0.055      ; 0.652      ;
; 0.478  ; LCD_Controller:lcd_ctrl|state.000110       ; LCD_Controller:lcd_ctrl|state.000111      ; clk                       ; clk         ; 0.000        ; 0.055      ; 0.677      ;
; 0.493  ; LCD_Controller:lcd_ctrl|counter[10]        ; LCD_Controller:lcd_ctrl|counter[10]       ; clk                       ; clk         ; 0.000        ; 0.055      ; 0.692      ;
; 0.493  ; LCD_Controller:lcd_ctrl|counter[8]         ; LCD_Controller:lcd_ctrl|counter[8]        ; clk                       ; clk         ; 0.000        ; 0.055      ; 0.692      ;
; 0.494  ; LCD_Controller:lcd_ctrl|state.000100       ; LCD_Controller:lcd_ctrl|state.000101      ; clk                       ; clk         ; 0.000        ; 0.055      ; 0.693      ;
; 0.494  ; LCD_Controller:lcd_ctrl|counter[14]        ; LCD_Controller:lcd_ctrl|counter[14]       ; clk                       ; clk         ; 0.000        ; 0.055      ; 0.693      ;
; 0.494  ; LCD_Controller:lcd_ctrl|counter[11]        ; LCD_Controller:lcd_ctrl|counter[11]       ; clk                       ; clk         ; 0.000        ; 0.055      ; 0.693      ;
; 0.494  ; LCD_Controller:lcd_ctrl|counter[1]         ; LCD_Controller:lcd_ctrl|counter[1]        ; clk                       ; clk         ; 0.000        ; 0.055      ; 0.693      ;
; 0.494  ; Clock_1MHz:CLK1MHZ|clk_cnt[2]              ; Clock_1MHz:CLK1MHZ|clk_cnt[2]             ; clk                       ; clk         ; 0.000        ; 0.055      ; 0.693      ;
; 0.495  ; LCD_Controller:lcd_ctrl|counter[17]        ; LCD_Controller:lcd_ctrl|counter[17]       ; clk                       ; clk         ; 0.000        ; 0.055      ; 0.694      ;
; 0.495  ; LCD_Controller:lcd_ctrl|counter[9]         ; LCD_Controller:lcd_ctrl|counter[9]        ; clk                       ; clk         ; 0.000        ; 0.055      ; 0.694      ;
; 0.495  ; LCD_Controller:lcd_ctrl|counter[6]         ; LCD_Controller:lcd_ctrl|counter[6]        ; clk                       ; clk         ; 0.000        ; 0.055      ; 0.694      ;
; 0.496  ; LCD_Controller:lcd_ctrl|counter[16]        ; LCD_Controller:lcd_ctrl|counter[16]       ; clk                       ; clk         ; 0.000        ; 0.055      ; 0.695      ;
; 0.496  ; LCD_Controller:lcd_ctrl|counter[13]        ; LCD_Controller:lcd_ctrl|counter[13]       ; clk                       ; clk         ; 0.000        ; 0.055      ; 0.695      ;
; 0.496  ; LCD_Controller:lcd_ctrl|counter[7]         ; LCD_Controller:lcd_ctrl|counter[7]        ; clk                       ; clk         ; 0.000        ; 0.055      ; 0.695      ;
; 0.497  ; LCD_Controller:lcd_ctrl|counter[15]        ; LCD_Controller:lcd_ctrl|counter[15]       ; clk                       ; clk         ; 0.000        ; 0.055      ; 0.696      ;
; 0.497  ; LCD_Controller:lcd_ctrl|counter[12]        ; LCD_Controller:lcd_ctrl|counter[12]       ; clk                       ; clk         ; 0.000        ; 0.055      ; 0.696      ;
; 0.497  ; LCD_Controller:lcd_ctrl|counter[5]         ; LCD_Controller:lcd_ctrl|counter[5]        ; clk                       ; clk         ; 0.000        ; 0.055      ; 0.696      ;
; 0.497  ; LCD_Controller:lcd_ctrl|counter[3]         ; LCD_Controller:lcd_ctrl|counter[3]        ; clk                       ; clk         ; 0.000        ; 0.055      ; 0.696      ;
; 0.497  ; Clock_1MHz:CLK1MHZ|clk_cnt[1]              ; Clock_1MHz:CLK1MHZ|clk_cnt[1]             ; clk                       ; clk         ; 0.000        ; 0.055      ; 0.696      ;
; 0.498  ; LCD_Controller:lcd_ctrl|counter[19]        ; LCD_Controller:lcd_ctrl|counter[19]       ; clk                       ; clk         ; 0.000        ; 0.055      ; 0.697      ;
; 0.498  ; LCD_Controller:lcd_ctrl|counter[4]         ; LCD_Controller:lcd_ctrl|counter[4]        ; clk                       ; clk         ; 0.000        ; 0.055      ; 0.697      ;
; 0.499  ; LCD_Controller:lcd_ctrl|counter[2]         ; LCD_Controller:lcd_ctrl|counter[2]        ; clk                       ; clk         ; 0.000        ; 0.055      ; 0.698      ;
; 0.500  ; LCD_Controller:lcd_ctrl|counter[20]        ; LCD_Controller:lcd_ctrl|counter[20]       ; clk                       ; clk         ; 0.000        ; 0.055      ; 0.699      ;
; 0.500  ; LCD_Controller:lcd_ctrl|counter[18]        ; LCD_Controller:lcd_ctrl|counter[18]       ; clk                       ; clk         ; 0.000        ; 0.055      ; 0.699      ;
; 0.508  ; Clock_1MHz:CLK1MHZ|clk_cnt[4]              ; Clock_1MHz:CLK1MHZ|clk_cnt[4]             ; clk                       ; clk         ; 0.000        ; 0.055      ; 0.707      ;
; 0.510  ; LCD_Controller:lcd_ctrl|counter[0]         ; LCD_Controller:lcd_ctrl|counter[0]        ; clk                       ; clk         ; 0.000        ; 0.055      ; 0.709      ;
; 0.510  ; Clock_1MHz:CLK1MHZ|clk_cnt[0]              ; Clock_1MHz:CLK1MHZ|clk_cnt[0]             ; clk                       ; clk         ; 0.000        ; 0.055      ; 0.709      ;
; 0.516  ; LCD_Controller:lcd_ctrl|char_index[4]      ; LCD_Controller:lcd_ctrl|char_index[4]     ; clk                       ; clk         ; 0.000        ; 0.055      ; 0.715      ;
; 0.520  ; Clock_1MHz:CLK1MHZ|clk_cnt[3]              ; Clock_1MHz:CLK1MHZ|clk_cnt[3]             ; clk                       ; clk         ; 0.000        ; 0.055      ; 0.719      ;
; 0.543  ; DHT11_Controller:dht11_ctrl|data_valid[24] ; LCD_Controller:lcd_ctrl|char_array[25][0] ; Clock_1MHz:CLK1MHZ|clk_1M ; clk         ; 0.000        ; -0.161     ; 0.556      ;
; 0.554  ; LCD_Controller:lcd_ctrl|state.001000       ; LCD_Controller:lcd_ctrl|lcd_db[2]         ; clk                       ; clk         ; 0.000        ; 0.055      ; 0.753      ;
; 0.571  ; DHT11_Controller:dht11_ctrl|data_valid[17] ; LCD_Controller:lcd_ctrl|char_array[28][1] ; Clock_1MHz:CLK1MHZ|clk_1M ; clk         ; 0.000        ; 0.134      ; 0.879      ;
; 0.572  ; LCD_Controller:lcd_ctrl|char_index[2]      ; LCD_Controller:lcd_ctrl|char_index[2]     ; clk                       ; clk         ; 0.000        ; 0.055      ; 0.771      ;
; 0.575  ; LCD_Controller:lcd_ctrl|state.000000       ; LCD_Controller:lcd_ctrl|lcd_rs            ; clk                       ; clk         ; 0.000        ; 0.417      ; 1.136      ;
; 0.577  ; LCD_Controller:lcd_ctrl|char_index[1]      ; LCD_Controller:lcd_ctrl|char_index[1]     ; clk                       ; clk         ; 0.000        ; 0.055      ; 0.776      ;
; 0.587  ; LCD_Controller:lcd_ctrl|state.000010       ; LCD_Controller:lcd_ctrl|lcd_db[5]         ; clk                       ; clk         ; 0.000        ; 0.359      ; 1.090      ;
; 0.600  ; LCD_Controller:lcd_ctrl|state.000101       ; LCD_Controller:lcd_ctrl|state.000110      ; clk                       ; clk         ; 0.000        ; 0.055      ; 0.799      ;
; 0.638  ; LCD_Controller:lcd_ctrl|counter[21]        ; LCD_Controller:lcd_ctrl|counter[20]       ; clk                       ; clk         ; 0.000        ; 0.055      ; 0.837      ;
; 0.638  ; LCD_Controller:lcd_ctrl|counter[21]        ; LCD_Controller:lcd_ctrl|counter[19]       ; clk                       ; clk         ; 0.000        ; 0.055      ; 0.837      ;
; 0.638  ; LCD_Controller:lcd_ctrl|counter[21]        ; LCD_Controller:lcd_ctrl|counter[18]       ; clk                       ; clk         ; 0.000        ; 0.055      ; 0.837      ;
; 0.638  ; LCD_Controller:lcd_ctrl|counter[21]        ; LCD_Controller:lcd_ctrl|counter[17]       ; clk                       ; clk         ; 0.000        ; 0.055      ; 0.837      ;
; 0.638  ; LCD_Controller:lcd_ctrl|counter[21]        ; LCD_Controller:lcd_ctrl|counter[16]       ; clk                       ; clk         ; 0.000        ; 0.055      ; 0.837      ;
; 0.638  ; LCD_Controller:lcd_ctrl|counter[21]        ; LCD_Controller:lcd_ctrl|counter[15]       ; clk                       ; clk         ; 0.000        ; 0.055      ; 0.837      ;
; 0.638  ; LCD_Controller:lcd_ctrl|counter[21]        ; LCD_Controller:lcd_ctrl|counter[14]       ; clk                       ; clk         ; 0.000        ; 0.055      ; 0.837      ;
; 0.638  ; LCD_Controller:lcd_ctrl|counter[21]        ; LCD_Controller:lcd_ctrl|counter[13]       ; clk                       ; clk         ; 0.000        ; 0.055      ; 0.837      ;
; 0.638  ; LCD_Controller:lcd_ctrl|counter[21]        ; LCD_Controller:lcd_ctrl|counter[12]       ; clk                       ; clk         ; 0.000        ; 0.055      ; 0.837      ;
; 0.638  ; LCD_Controller:lcd_ctrl|counter[21]        ; LCD_Controller:lcd_ctrl|counter[11]       ; clk                       ; clk         ; 0.000        ; 0.055      ; 0.837      ;
; 0.638  ; LCD_Controller:lcd_ctrl|state.000010       ; LCD_Controller:lcd_ctrl|lcd_db[2]         ; clk                       ; clk         ; 0.000        ; 0.055      ; 0.837      ;
; 0.662  ; DHT11_Controller:dht11_ctrl|data_valid[16] ; LCD_Controller:lcd_ctrl|char_array[28][0] ; Clock_1MHz:CLK1MHZ|clk_1M ; clk         ; 0.000        ; -0.170     ; 0.666      ;
; 0.670  ; LCD_Controller:lcd_ctrl|state.000111       ; LCD_Controller:lcd_ctrl|state.001000      ; clk                       ; clk         ; 0.000        ; 0.055      ; 0.869      ;
; 0.678  ; LCD_Controller:lcd_ctrl|state.000100       ; LCD_Controller:lcd_ctrl|lcd_db[5]         ; clk                       ; clk         ; 0.000        ; 0.359      ; 1.181      ;
; 0.682  ; LCD_Controller:lcd_ctrl|state.001001       ; LCD_Controller:lcd_ctrl|state.001000      ; clk                       ; clk         ; 0.000        ; 0.055      ; 0.881      ;
; 0.701  ; LCD_Controller:lcd_ctrl|state.001000       ; LCD_Controller:lcd_ctrl|state.001001      ; clk                       ; clk         ; 0.000        ; 0.055      ; 0.900      ;
; 0.721  ; LCD_Controller:lcd_ctrl|char_index[0]      ; LCD_Controller:lcd_ctrl|lcd_db[1]         ; clk                       ; clk         ; 0.000        ; 0.410      ; 1.275      ;
; 0.731  ; LCD_Controller:lcd_ctrl|state.000100       ; LCD_Controller:lcd_ctrl|lcd_db[2]         ; clk                       ; clk         ; 0.000        ; 0.055      ; 0.930      ;
; 0.738  ; LCD_Controller:lcd_ctrl|counter[1]         ; LCD_Controller:lcd_ctrl|counter[2]        ; clk                       ; clk         ; 0.000        ; 0.055      ; 0.937      ;
; 0.739  ; LCD_Controller:lcd_ctrl|state.001000       ; LCD_Controller:lcd_ctrl|lcd_db[7]         ; clk                       ; clk         ; 0.000        ; 0.417      ; 1.300      ;
; 0.739  ; LCD_Controller:lcd_ctrl|counter[11]        ; LCD_Controller:lcd_ctrl|counter[12]       ; clk                       ; clk         ; 0.000        ; 0.055      ; 0.938      ;
; 0.739  ; LCD_Controller:lcd_ctrl|counter[17]        ; LCD_Controller:lcd_ctrl|counter[18]       ; clk                       ; clk         ; 0.000        ; 0.055      ; 0.938      ;
; 0.740  ; LCD_Controller:lcd_ctrl|counter[9]         ; LCD_Controller:lcd_ctrl|counter[10]       ; clk                       ; clk         ; 0.000        ; 0.055      ; 0.939      ;
; 0.740  ; LCD_Controller:lcd_ctrl|counter[10]        ; LCD_Controller:lcd_ctrl|counter[11]       ; clk                       ; clk         ; 0.000        ; 0.057      ; 0.941      ;
; 0.741  ; LCD_Controller:lcd_ctrl|counter[7]         ; LCD_Controller:lcd_ctrl|counter[8]        ; clk                       ; clk         ; 0.000        ; 0.055      ; 0.940      ;
; 0.741  ; LCD_Controller:lcd_ctrl|counter[13]        ; LCD_Controller:lcd_ctrl|counter[14]       ; clk                       ; clk         ; 0.000        ; 0.055      ; 0.940      ;
; 0.742  ; Clock_1MHz:CLK1MHZ|clk_cnt[1]              ; Clock_1MHz:CLK1MHZ|clk_cnt[2]             ; clk                       ; clk         ; 0.000        ; 0.055      ; 0.941      ;
; 0.742  ; LCD_Controller:lcd_ctrl|counter[5]         ; LCD_Controller:lcd_ctrl|counter[6]        ; clk                       ; clk         ; 0.000        ; 0.055      ; 0.941      ;
; 0.742  ; LCD_Controller:lcd_ctrl|counter[15]        ; LCD_Controller:lcd_ctrl|counter[16]       ; clk                       ; clk         ; 0.000        ; 0.055      ; 0.941      ;
; 0.742  ; LCD_Controller:lcd_ctrl|counter[3]         ; LCD_Controller:lcd_ctrl|counter[4]        ; clk                       ; clk         ; 0.000        ; 0.055      ; 0.941      ;
; 0.742  ; LCD_Controller:lcd_ctrl|counter[8]         ; LCD_Controller:lcd_ctrl|counter[9]        ; clk                       ; clk         ; 0.000        ; 0.055      ; 0.941      ;
; 0.743  ; LCD_Controller:lcd_ctrl|counter[19]        ; LCD_Controller:lcd_ctrl|counter[20]       ; clk                       ; clk         ; 0.000        ; 0.055      ; 0.942      ;
; 0.743  ; LCD_Controller:lcd_ctrl|counter[14]        ; LCD_Controller:lcd_ctrl|counter[15]       ; clk                       ; clk         ; 0.000        ; 0.055      ; 0.942      ;
; 0.743  ; Clock_1MHz:CLK1MHZ|clk_cnt[2]              ; Clock_1MHz:CLK1MHZ|clk_cnt[3]             ; clk                       ; clk         ; 0.000        ; 0.055      ; 0.942      ;
; 0.744  ; LCD_Controller:lcd_ctrl|counter[0]         ; LCD_Controller:lcd_ctrl|counter[1]        ; clk                       ; clk         ; 0.000        ; 0.055      ; 0.943      ;
; 0.744  ; LCD_Controller:lcd_ctrl|counter[6]         ; LCD_Controller:lcd_ctrl|counter[7]        ; clk                       ; clk         ; 0.000        ; 0.055      ; 0.943      ;
; 0.744  ; Clock_1MHz:CLK1MHZ|clk_cnt[0]              ; Clock_1MHz:CLK1MHZ|clk_cnt[1]             ; clk                       ; clk         ; 0.000        ; 0.055      ; 0.943      ;
; 0.745  ; LCD_Controller:lcd_ctrl|counter[16]        ; LCD_Controller:lcd_ctrl|counter[17]       ; clk                       ; clk         ; 0.000        ; 0.055      ; 0.944      ;
; 0.745  ; LCD_Controller:lcd_ctrl|state.000100       ; LCD_Controller:lcd_ctrl|lcd_db[1]         ; clk                       ; clk         ; 0.000        ; 0.417      ; 1.306      ;
; 0.746  ; LCD_Controller:lcd_ctrl|counter[12]        ; LCD_Controller:lcd_ctrl|counter[13]       ; clk                       ; clk         ; 0.000        ; 0.055      ; 0.945      ;
; 0.747  ; LCD_Controller:lcd_ctrl|counter[4]         ; LCD_Controller:lcd_ctrl|counter[5]        ; clk                       ; clk         ; 0.000        ; 0.055      ; 0.946      ;
; 0.747  ; LCD_Controller:lcd_ctrl|counter[10]        ; LCD_Controller:lcd_ctrl|counter[12]       ; clk                       ; clk         ; 0.000        ; 0.057      ; 0.948      ;
; 0.748  ; LCD_Controller:lcd_ctrl|counter[2]         ; LCD_Controller:lcd_ctrl|counter[3]        ; clk                       ; clk         ; 0.000        ; 0.055      ; 0.947      ;
; 0.749  ; LCD_Controller:lcd_ctrl|counter[20]        ; LCD_Controller:lcd_ctrl|counter[21]       ; clk                       ; clk         ; 0.000        ; 0.055      ; 0.948      ;
; 0.749  ; LCD_Controller:lcd_ctrl|counter[18]        ; LCD_Controller:lcd_ctrl|counter[19]       ; clk                       ; clk         ; 0.000        ; 0.055      ; 0.948      ;
; 0.749  ; LCD_Controller:lcd_ctrl|counter[8]         ; LCD_Controller:lcd_ctrl|counter[10]       ; clk                       ; clk         ; 0.000        ; 0.055      ; 0.948      ;
; 0.750  ; Clock_1MHz:CLK1MHZ|clk_cnt[2]              ; Clock_1MHz:CLK1MHZ|clk_cnt[4]             ; clk                       ; clk         ; 0.000        ; 0.055      ; 0.949      ;
; 0.750  ; LCD_Controller:lcd_ctrl|counter[14]        ; LCD_Controller:lcd_ctrl|counter[16]       ; clk                       ; clk         ; 0.000        ; 0.055      ; 0.949      ;
; 0.751  ; LCD_Controller:lcd_ctrl|counter[0]         ; LCD_Controller:lcd_ctrl|counter[2]        ; clk                       ; clk         ; 0.000        ; 0.055      ; 0.950      ;
; 0.751  ; LCD_Controller:lcd_ctrl|counter[6]         ; LCD_Controller:lcd_ctrl|counter[8]        ; clk                       ; clk         ; 0.000        ; 0.055      ; 0.950      ;
; 0.751  ; Clock_1MHz:CLK1MHZ|clk_cnt[0]              ; Clock_1MHz:CLK1MHZ|clk_cnt[2]             ; clk                       ; clk         ; 0.000        ; 0.055      ; 0.950      ;
; 0.752  ; LCD_Controller:lcd_ctrl|counter[16]        ; LCD_Controller:lcd_ctrl|counter[18]       ; clk                       ; clk         ; 0.000        ; 0.055      ; 0.951      ;
; 0.753  ; LCD_Controller:lcd_ctrl|counter[12]        ; LCD_Controller:lcd_ctrl|counter[14]       ; clk                       ; clk         ; 0.000        ; 0.055      ; 0.952      ;
+--------+--------------------------------------------+-------------------------------------------+---------------------------+-------------+--------------+------------+------------+


+------------------------------------------------------------------------------------------------------------------------------------------------------------------------------------------------------------------------------+
; Slow 1200mV 0C Model Hold: 'Clock_1MHz:CLK1MHZ|clk_1M'                                                                                                                                                                       ;
+-------+----------------------------------------------------------+----------------------------------------------------------+---------------------------+---------------------------+--------------+------------+------------+
; Slack ; From Node                                                ; To Node                                                  ; Launch Clock              ; Latch Clock               ; Relationship ; Clock Skew ; Data Delay ;
+-------+----------------------------------------------------------+----------------------------------------------------------+---------------------------+---------------------------+--------------+------------+------------+
; 0.312 ; DHT11_Controller:dht11_ctrl|next_state.KEEP_DELAY        ; DHT11_Controller:dht11_ctrl|next_state.KEEP_DELAY        ; Clock_1MHz:CLK1MHZ|clk_1M ; Clock_1MHz:CLK1MHZ|clk_1M ; 0.000        ; 0.055      ; 0.511      ;
; 0.312 ; DHT11_Controller:dht11_ctrl|next_state.CONTROL_LOW       ; DHT11_Controller:dht11_ctrl|next_state.CONTROL_LOW       ; Clock_1MHz:CLK1MHZ|clk_1M ; Clock_1MHz:CLK1MHZ|clk_1M ; 0.000        ; 0.055      ; 0.511      ;
; 0.312 ; DHT11_Controller:dht11_ctrl|next_state.CONTROL_LOW_20MS  ; DHT11_Controller:dht11_ctrl|next_state.CONTROL_LOW_20MS  ; Clock_1MHz:CLK1MHZ|clk_1M ; Clock_1MHz:CLK1MHZ|clk_1M ; 0.000        ; 0.055      ; 0.511      ;
; 0.312 ; DHT11_Controller:dht11_ctrl|next_state.READ_HIGH_87US    ; DHT11_Controller:dht11_ctrl|next_state.READ_HIGH_87US    ; Clock_1MHz:CLK1MHZ|clk_1M ; Clock_1MHz:CLK1MHZ|clk_1M ; 0.000        ; 0.055      ; 0.511      ;
; 0.312 ; DHT11_Controller:dht11_ctrl|next_state.READ_DATA         ; DHT11_Controller:dht11_ctrl|next_state.READ_DATA         ; Clock_1MHz:CLK1MHZ|clk_1M ; Clock_1MHz:CLK1MHZ|clk_1M ; 0.000        ; 0.055      ; 0.511      ;
; 0.312 ; DHT11_Controller:dht11_ctrl|next_state.READ_LOW_83US     ; DHT11_Controller:dht11_ctrl|next_state.READ_LOW_83US     ; Clock_1MHz:CLK1MHZ|clk_1M ; Clock_1MHz:CLK1MHZ|clk_1M ; 0.000        ; 0.055      ; 0.511      ;
; 0.312 ; DHT11_Controller:dht11_ctrl|state                        ; DHT11_Controller:dht11_ctrl|state                        ; Clock_1MHz:CLK1MHZ|clk_1M ; Clock_1MHz:CLK1MHZ|clk_1M ; 0.000        ; 0.055      ; 0.511      ;
; 0.354 ; DHT11_Controller:dht11_ctrl|count_1us[20]                ; DHT11_Controller:dht11_ctrl|count_1us[20]                ; Clock_1MHz:CLK1MHZ|clk_1M ; Clock_1MHz:CLK1MHZ|clk_1M ; 0.000        ; 0.055      ; 0.553      ;
; 0.357 ; DHT11_Controller:dht11_ctrl|data_temp[14]                ; DHT11_Controller:dht11_ctrl|data_temp[15]                ; Clock_1MHz:CLK1MHZ|clk_1M ; Clock_1MHz:CLK1MHZ|clk_1M ; 0.000        ; 0.055      ; 0.556      ;
; 0.358 ; DHT11_Controller:dht11_ctrl|data_temp[22]                ; DHT11_Controller:dht11_ctrl|data_temp[23]                ; Clock_1MHz:CLK1MHZ|clk_1M ; Clock_1MHz:CLK1MHZ|clk_1M ; 0.000        ; 0.054      ; 0.556      ;
; 0.448 ; DHT11_Controller:dht11_ctrl|data_temp[5]                 ; DHT11_Controller:dht11_ctrl|data_temp[6]                 ; Clock_1MHz:CLK1MHZ|clk_1M ; Clock_1MHz:CLK1MHZ|clk_1M ; 0.000        ; 0.056      ; 0.648      ;
; 0.450 ; DHT11_Controller:dht11_ctrl|data_temp[15]                ; DHT11_Controller:dht11_ctrl|data_valid[7]                ; Clock_1MHz:CLK1MHZ|clk_1M ; Clock_1MHz:CLK1MHZ|clk_1M ; 0.000        ; 0.055      ; 0.649      ;
; 0.450 ; DHT11_Controller:dht11_ctrl|data_temp[3]                 ; DHT11_Controller:dht11_ctrl|data_temp[4]                 ; Clock_1MHz:CLK1MHZ|clk_1M ; Clock_1MHz:CLK1MHZ|clk_1M ; 0.000        ; 0.056      ; 0.650      ;
; 0.451 ; DHT11_Controller:dht11_ctrl|data_temp[38]                ; DHT11_Controller:dht11_ctrl|data_temp[39]                ; Clock_1MHz:CLK1MHZ|clk_1M ; Clock_1MHz:CLK1MHZ|clk_1M ; 0.000        ; 0.055      ; 0.650      ;
; 0.464 ; DHT11_Controller:dht11_ctrl|next_state.CONTROL_LOW       ; DHT11_Controller:dht11_ctrl|cur_state.CONTROL_LOW        ; Clock_1MHz:CLK1MHZ|clk_1M ; Clock_1MHz:CLK1MHZ|clk_1M ; 0.000        ; 0.055      ; 0.663      ;
; 0.466 ; DHT11_Controller:dht11_ctrl|next_state.READ_DATA         ; DHT11_Controller:dht11_ctrl|cur_state.READ_DATA          ; Clock_1MHz:CLK1MHZ|clk_1M ; Clock_1MHz:CLK1MHZ|clk_1M ; 0.000        ; 0.055      ; 0.665      ;
; 0.466 ; DHT11_Controller:dht11_ctrl|next_state.KEEP_DELAY        ; DHT11_Controller:dht11_ctrl|cur_state.KEEP_DELAY         ; Clock_1MHz:CLK1MHZ|clk_1M ; Clock_1MHz:CLK1MHZ|clk_1M ; 0.000        ; 0.055      ; 0.665      ;
; 0.467 ; DHT11_Controller:dht11_ctrl|next_state.CONTROL_LOW_20MS  ; DHT11_Controller:dht11_ctrl|cur_state.CONTROL_LOW_20MS   ; Clock_1MHz:CLK1MHZ|clk_1M ; Clock_1MHz:CLK1MHZ|clk_1M ; 0.000        ; 0.055      ; 0.666      ;
; 0.487 ; DHT11_Controller:dht11_ctrl|data_temp[0]                 ; DHT11_Controller:dht11_ctrl|data_temp[1]                 ; Clock_1MHz:CLK1MHZ|clk_1M ; Clock_1MHz:CLK1MHZ|clk_1M ; 0.000        ; 0.056      ; 0.687      ;
; 0.497 ; DHT11_Controller:dht11_ctrl|count_1us[1]                 ; DHT11_Controller:dht11_ctrl|count_1us[1]                 ; Clock_1MHz:CLK1MHZ|clk_1M ; Clock_1MHz:CLK1MHZ|clk_1M ; 0.000        ; 0.055      ; 0.696      ;
; 0.500 ; DHT11_Controller:dht11_ctrl|dht_d0                       ; DHT11_Controller:dht11_ctrl|dht_d1                       ; Clock_1MHz:CLK1MHZ|clk_1M ; Clock_1MHz:CLK1MHZ|clk_1M ; 0.000        ; 0.055      ; 0.699      ;
; 0.501 ; DHT11_Controller:dht11_ctrl|data_count[3]                ; DHT11_Controller:dht11_ctrl|data_count[3]                ; Clock_1MHz:CLK1MHZ|clk_1M ; Clock_1MHz:CLK1MHZ|clk_1M ; 0.000        ; 0.055      ; 0.700      ;
; 0.501 ; DHT11_Controller:dht11_ctrl|data_count[1]                ; DHT11_Controller:dht11_ctrl|data_count[1]                ; Clock_1MHz:CLK1MHZ|clk_1M ; Clock_1MHz:CLK1MHZ|clk_1M ; 0.000        ; 0.055      ; 0.700      ;
; 0.505 ; DHT11_Controller:dht11_ctrl|data_count[2]                ; DHT11_Controller:dht11_ctrl|data_count[2]                ; Clock_1MHz:CLK1MHZ|clk_1M ; Clock_1MHz:CLK1MHZ|clk_1M ; 0.000        ; 0.055      ; 0.704      ;
; 0.508 ; DHT11_Controller:dht11_ctrl|count_1us[3]                 ; DHT11_Controller:dht11_ctrl|count_1us[3]                 ; Clock_1MHz:CLK1MHZ|clk_1M ; Clock_1MHz:CLK1MHZ|clk_1M ; 0.000        ; 0.055      ; 0.707      ;
; 0.509 ; DHT11_Controller:dht11_ctrl|data_count[4]                ; DHT11_Controller:dht11_ctrl|data_count[4]                ; Clock_1MHz:CLK1MHZ|clk_1M ; Clock_1MHz:CLK1MHZ|clk_1M ; 0.000        ; 0.055      ; 0.708      ;
; 0.509 ; DHT11_Controller:dht11_ctrl|count_1us[19]                ; DHT11_Controller:dht11_ctrl|count_1us[19]                ; Clock_1MHz:CLK1MHZ|clk_1M ; Clock_1MHz:CLK1MHZ|clk_1M ; 0.000        ; 0.055      ; 0.708      ;
; 0.510 ; DHT11_Controller:dht11_ctrl|data_count[5]                ; DHT11_Controller:dht11_ctrl|data_count[5]                ; Clock_1MHz:CLK1MHZ|clk_1M ; Clock_1MHz:CLK1MHZ|clk_1M ; 0.000        ; 0.055      ; 0.709      ;
; 0.510 ; DHT11_Controller:dht11_ctrl|count_1us[17]                ; DHT11_Controller:dht11_ctrl|count_1us[17]                ; Clock_1MHz:CLK1MHZ|clk_1M ; Clock_1MHz:CLK1MHZ|clk_1M ; 0.000        ; 0.055      ; 0.709      ;
; 0.510 ; DHT11_Controller:dht11_ctrl|count_1us[0]                 ; DHT11_Controller:dht11_ctrl|count_1us[0]                 ; Clock_1MHz:CLK1MHZ|clk_1M ; Clock_1MHz:CLK1MHZ|clk_1M ; 0.000        ; 0.055      ; 0.709      ;
; 0.511 ; DHT11_Controller:dht11_ctrl|count_1us[2]                 ; DHT11_Controller:dht11_ctrl|count_1us[2]                 ; Clock_1MHz:CLK1MHZ|clk_1M ; Clock_1MHz:CLK1MHZ|clk_1M ; 0.000        ; 0.055      ; 0.710      ;
; 0.512 ; DHT11_Controller:dht11_ctrl|data_temp[6]                 ; DHT11_Controller:dht11_ctrl|data_temp[7]                 ; Clock_1MHz:CLK1MHZ|clk_1M ; Clock_1MHz:CLK1MHZ|clk_1M ; 0.000        ; 0.056      ; 0.712      ;
; 0.512 ; DHT11_Controller:dht11_ctrl|count_1us[18]                ; DHT11_Controller:dht11_ctrl|count_1us[18]                ; Clock_1MHz:CLK1MHZ|clk_1M ; Clock_1MHz:CLK1MHZ|clk_1M ; 0.000        ; 0.055      ; 0.711      ;
; 0.512 ; DHT11_Controller:dht11_ctrl|count_1us[5]                 ; DHT11_Controller:dht11_ctrl|count_1us[5]                 ; Clock_1MHz:CLK1MHZ|clk_1M ; Clock_1MHz:CLK1MHZ|clk_1M ; 0.000        ; 0.055      ; 0.711      ;
; 0.514 ; DHT11_Controller:dht11_ctrl|data_temp[19]                ; DHT11_Controller:dht11_ctrl|data_valid[11]               ; Clock_1MHz:CLK1MHZ|clk_1M ; Clock_1MHz:CLK1MHZ|clk_1M ; 0.000        ; 0.387      ; 1.045      ;
; 0.514 ; DHT11_Controller:dht11_ctrl|data_temp[16]                ; DHT11_Controller:dht11_ctrl|data_valid[8]                ; Clock_1MHz:CLK1MHZ|clk_1M ; Clock_1MHz:CLK1MHZ|clk_1M ; 0.000        ; 0.387      ; 1.045      ;
; 0.514 ; DHT11_Controller:dht11_ctrl|count_1us[6]                 ; DHT11_Controller:dht11_ctrl|count_1us[6]                 ; Clock_1MHz:CLK1MHZ|clk_1M ; Clock_1MHz:CLK1MHZ|clk_1M ; 0.000        ; 0.055      ; 0.713      ;
; 0.516 ; DHT11_Controller:dht11_ctrl|count_1us[4]                 ; DHT11_Controller:dht11_ctrl|count_1us[4]                 ; Clock_1MHz:CLK1MHZ|clk_1M ; Clock_1MHz:CLK1MHZ|clk_1M ; 0.000        ; 0.055      ; 0.715      ;
; 0.517 ; DHT11_Controller:dht11_ctrl|count_1us[13]                ; DHT11_Controller:dht11_ctrl|count_1us[13]                ; Clock_1MHz:CLK1MHZ|clk_1M ; Clock_1MHz:CLK1MHZ|clk_1M ; 0.000        ; 0.055      ; 0.716      ;
; 0.518 ; DHT11_Controller:dht11_ctrl|count_1us[11]                ; DHT11_Controller:dht11_ctrl|count_1us[11]                ; Clock_1MHz:CLK1MHZ|clk_1M ; Clock_1MHz:CLK1MHZ|clk_1M ; 0.000        ; 0.055      ; 0.717      ;
; 0.519 ; DHT11_Controller:dht11_ctrl|data_temp[37]                ; DHT11_Controller:dht11_ctrl|data_valid[29]               ; Clock_1MHz:CLK1MHZ|clk_1M ; Clock_1MHz:CLK1MHZ|clk_1M ; 0.000        ; 0.056      ; 0.719      ;
; 0.520 ; DHT11_Controller:dht11_ctrl|data_count[0]                ; DHT11_Controller:dht11_ctrl|data_count[0]                ; Clock_1MHz:CLK1MHZ|clk_1M ; Clock_1MHz:CLK1MHZ|clk_1M ; 0.000        ; 0.055      ; 0.719      ;
; 0.520 ; DHT11_Controller:dht11_ctrl|count_1us[16]                ; DHT11_Controller:dht11_ctrl|count_1us[16]                ; Clock_1MHz:CLK1MHZ|clk_1M ; Clock_1MHz:CLK1MHZ|clk_1M ; 0.000        ; 0.055      ; 0.719      ;
; 0.520 ; DHT11_Controller:dht11_ctrl|count_1us[10]                ; DHT11_Controller:dht11_ctrl|count_1us[10]                ; Clock_1MHz:CLK1MHZ|clk_1M ; Clock_1MHz:CLK1MHZ|clk_1M ; 0.000        ; 0.055      ; 0.719      ;
; 0.521 ; DHT11_Controller:dht11_ctrl|count_1us[12]                ; DHT11_Controller:dht11_ctrl|count_1us[12]                ; Clock_1MHz:CLK1MHZ|clk_1M ; Clock_1MHz:CLK1MHZ|clk_1M ; 0.000        ; 0.055      ; 0.720      ;
; 0.522 ; DHT11_Controller:dht11_ctrl|data_temp[12]                ; DHT11_Controller:dht11_ctrl|data_temp[13]                ; Clock_1MHz:CLK1MHZ|clk_1M ; Clock_1MHz:CLK1MHZ|clk_1M ; 0.000        ; 0.055      ; 0.721      ;
; 0.522 ; DHT11_Controller:dht11_ctrl|count_1us[14]                ; DHT11_Controller:dht11_ctrl|count_1us[14]                ; Clock_1MHz:CLK1MHZ|clk_1M ; Clock_1MHz:CLK1MHZ|clk_1M ; 0.000        ; 0.055      ; 0.721      ;
; 0.523 ; DHT11_Controller:dht11_ctrl|count_1us[9]                 ; DHT11_Controller:dht11_ctrl|count_1us[9]                 ; Clock_1MHz:CLK1MHZ|clk_1M ; Clock_1MHz:CLK1MHZ|clk_1M ; 0.000        ; 0.055      ; 0.722      ;
; 0.526 ; DHT11_Controller:dht11_ctrl|count_1us[15]                ; DHT11_Controller:dht11_ctrl|count_1us[15]                ; Clock_1MHz:CLK1MHZ|clk_1M ; Clock_1MHz:CLK1MHZ|clk_1M ; 0.000        ; 0.055      ; 0.725      ;
; 0.531 ; DHT11_Controller:dht11_ctrl|count_1us[7]                 ; DHT11_Controller:dht11_ctrl|count_1us[7]                 ; Clock_1MHz:CLK1MHZ|clk_1M ; Clock_1MHz:CLK1MHZ|clk_1M ; 0.000        ; 0.055      ; 0.730      ;
; 0.535 ; DHT11_Controller:dht11_ctrl|count_1us[8]                 ; DHT11_Controller:dht11_ctrl|count_1us[8]                 ; Clock_1MHz:CLK1MHZ|clk_1M ; Clock_1MHz:CLK1MHZ|clk_1M ; 0.000        ; 0.055      ; 0.734      ;
; 0.592 ; DHT11_Controller:dht11_ctrl|data_temp[10]                ; DHT11_Controller:dht11_ctrl|data_temp[11]                ; Clock_1MHz:CLK1MHZ|clk_1M ; Clock_1MHz:CLK1MHZ|clk_1M ; 0.000        ; 0.055      ; 0.791      ;
; 0.595 ; DHT11_Controller:dht11_ctrl|data_temp[16]                ; DHT11_Controller:dht11_ctrl|data_temp[17]                ; Clock_1MHz:CLK1MHZ|clk_1M ; Clock_1MHz:CLK1MHZ|clk_1M ; 0.000        ; 0.055      ; 0.794      ;
; 0.597 ; DHT11_Controller:dht11_ctrl|data_temp[11]                ; DHT11_Controller:dht11_ctrl|data_temp[12]                ; Clock_1MHz:CLK1MHZ|clk_1M ; Clock_1MHz:CLK1MHZ|clk_1M ; 0.000        ; 0.055      ; 0.796      ;
; 0.597 ; DHT11_Controller:dht11_ctrl|next_state.READ_LOW_83US     ; DHT11_Controller:dht11_ctrl|cur_state.READ_LOW_83US      ; Clock_1MHz:CLK1MHZ|clk_1M ; Clock_1MHz:CLK1MHZ|clk_1M ; 0.000        ; 0.055      ; 0.796      ;
; 0.599 ; DHT11_Controller:dht11_ctrl|cur_state.CONTROL_LOW_20MS   ; DHT11_Controller:dht11_ctrl|next_state.CONTROL_LOW       ; Clock_1MHz:CLK1MHZ|clk_1M ; Clock_1MHz:CLK1MHZ|clk_1M ; 0.000        ; 0.055      ; 0.798      ;
; 0.608 ; DHT11_Controller:dht11_ctrl|cur_state.CONTROL_LOW_20MS   ; DHT11_Controller:dht11_ctrl|next_state.CONTROL_LOW_20MS  ; Clock_1MHz:CLK1MHZ|clk_1M ; Clock_1MHz:CLK1MHZ|clk_1M ; 0.000        ; 0.055      ; 0.807      ;
; 0.623 ; DHT11_Controller:dht11_ctrl|next_state.CONTROL_HIGH_13US ; DHT11_Controller:dht11_ctrl|cur_state.CONTROL_HIGH_13US  ; Clock_1MHz:CLK1MHZ|clk_1M ; Clock_1MHz:CLK1MHZ|clk_1M ; 0.000        ; 0.055      ; 0.822      ;
; 0.635 ; DHT11_Controller:dht11_ctrl|data_temp[4]                 ; DHT11_Controller:dht11_ctrl|data_temp[5]                 ; Clock_1MHz:CLK1MHZ|clk_1M ; Clock_1MHz:CLK1MHZ|clk_1M ; 0.000        ; 0.056      ; 0.835      ;
; 0.645 ; DHT11_Controller:dht11_ctrl|data_temp[17]                ; DHT11_Controller:dht11_ctrl|data_valid[9]                ; Clock_1MHz:CLK1MHZ|clk_1M ; Clock_1MHz:CLK1MHZ|clk_1M ; 0.000        ; 0.054      ; 0.843      ;
; 0.670 ; DHT11_Controller:dht11_ctrl|cur_state.CONTROL_LOW_20MS   ; DHT11_Controller:dht11_ctrl|dht_buffer~en                ; Clock_1MHz:CLK1MHZ|clk_1M ; Clock_1MHz:CLK1MHZ|clk_1M ; 0.000        ; 0.055      ; 0.869      ;
; 0.689 ; DHT11_Controller:dht11_ctrl|data_temp[17]                ; DHT11_Controller:dht11_ctrl|data_temp[18]                ; Clock_1MHz:CLK1MHZ|clk_1M ; Clock_1MHz:CLK1MHZ|clk_1M ; 0.000        ; 0.053      ; 0.886      ;
; 0.689 ; DHT11_Controller:dht11_ctrl|data_temp[1]                 ; DHT11_Controller:dht11_ctrl|data_temp[2]                 ; Clock_1MHz:CLK1MHZ|clk_1M ; Clock_1MHz:CLK1MHZ|clk_1M ; 0.000        ; 0.054      ; 0.887      ;
; 0.698 ; DHT11_Controller:dht11_ctrl|data_temp[24]                ; DHT11_Controller:dht11_ctrl|data_valid[16]               ; Clock_1MHz:CLK1MHZ|clk_1M ; Clock_1MHz:CLK1MHZ|clk_1M ; 0.000        ; 0.057      ; 0.899      ;
; 0.712 ; DHT11_Controller:dht11_ctrl|data_temp[32]                ; DHT11_Controller:dht11_ctrl|data_temp[33]                ; Clock_1MHz:CLK1MHZ|clk_1M ; Clock_1MHz:CLK1MHZ|clk_1M ; 0.000        ; 0.056      ; 0.912      ;
; 0.714 ; DHT11_Controller:dht11_ctrl|cur_state.CONTROL_LOW_20MS   ; DHT11_Controller:dht11_ctrl|next_state.CONTROL_HIGH_13US ; Clock_1MHz:CLK1MHZ|clk_1M ; Clock_1MHz:CLK1MHZ|clk_1M ; 0.000        ; 0.055      ; 0.913      ;
; 0.718 ; DHT11_Controller:dht11_ctrl|data_temp[14]                ; DHT11_Controller:dht11_ctrl|data_valid[6]                ; Clock_1MHz:CLK1MHZ|clk_1M ; Clock_1MHz:CLK1MHZ|clk_1M ; 0.000        ; 0.053      ; 0.915      ;
; 0.741 ; DHT11_Controller:dht11_ctrl|cur_state.READ_DATA          ; DHT11_Controller:dht11_ctrl|data_temp[3]                 ; Clock_1MHz:CLK1MHZ|clk_1M ; Clock_1MHz:CLK1MHZ|clk_1M ; 0.000        ; 0.061      ; 0.946      ;
; 0.741 ; DHT11_Controller:dht11_ctrl|cur_state.READ_DATA          ; DHT11_Controller:dht11_ctrl|data_temp[6]                 ; Clock_1MHz:CLK1MHZ|clk_1M ; Clock_1MHz:CLK1MHZ|clk_1M ; 0.000        ; 0.061      ; 0.946      ;
; 0.741 ; DHT11_Controller:dht11_ctrl|cur_state.READ_DATA          ; DHT11_Controller:dht11_ctrl|data_temp[7]                 ; Clock_1MHz:CLK1MHZ|clk_1M ; Clock_1MHz:CLK1MHZ|clk_1M ; 0.000        ; 0.061      ; 0.946      ;
; 0.741 ; DHT11_Controller:dht11_ctrl|cur_state.READ_DATA          ; DHT11_Controller:dht11_ctrl|data_temp[5]                 ; Clock_1MHz:CLK1MHZ|clk_1M ; Clock_1MHz:CLK1MHZ|clk_1M ; 0.000        ; 0.061      ; 0.946      ;
; 0.742 ; DHT11_Controller:dht11_ctrl|count_1us[1]                 ; DHT11_Controller:dht11_ctrl|count_1us[2]                 ; Clock_1MHz:CLK1MHZ|clk_1M ; Clock_1MHz:CLK1MHZ|clk_1M ; 0.000        ; 0.055      ; 0.941      ;
; 0.744 ; DHT11_Controller:dht11_ctrl|count_1us[0]                 ; DHT11_Controller:dht11_ctrl|count_1us[1]                 ; Clock_1MHz:CLK1MHZ|clk_1M ; Clock_1MHz:CLK1MHZ|clk_1M ; 0.000        ; 0.055      ; 0.943      ;
; 0.745 ; DHT11_Controller:dht11_ctrl|cur_state.READ_DATA          ; DHT11_Controller:dht11_ctrl|data_temp[4]                 ; Clock_1MHz:CLK1MHZ|clk_1M ; Clock_1MHz:CLK1MHZ|clk_1M ; 0.000        ; 0.061      ; 0.950      ;
; 0.745 ; DHT11_Controller:dht11_ctrl|data_count[1]                ; DHT11_Controller:dht11_ctrl|data_count[2]                ; Clock_1MHz:CLK1MHZ|clk_1M ; Clock_1MHz:CLK1MHZ|clk_1M ; 0.000        ; 0.055      ; 0.944      ;
; 0.745 ; DHT11_Controller:dht11_ctrl|data_count[3]                ; DHT11_Controller:dht11_ctrl|data_count[4]                ; Clock_1MHz:CLK1MHZ|clk_1M ; Clock_1MHz:CLK1MHZ|clk_1M ; 0.000        ; 0.055      ; 0.944      ;
; 0.751 ; DHT11_Controller:dht11_ctrl|count_1us[0]                 ; DHT11_Controller:dht11_ctrl|count_1us[2]                 ; Clock_1MHz:CLK1MHZ|clk_1M ; Clock_1MHz:CLK1MHZ|clk_1M ; 0.000        ; 0.055      ; 0.950      ;
; 0.753 ; DHT11_Controller:dht11_ctrl|count_1us[3]                 ; DHT11_Controller:dht11_ctrl|count_1us[4]                 ; Clock_1MHz:CLK1MHZ|clk_1M ; Clock_1MHz:CLK1MHZ|clk_1M ; 0.000        ; 0.055      ; 0.952      ;
; 0.753 ; DHT11_Controller:dht11_ctrl|data_count[0]                ; DHT11_Controller:dht11_ctrl|data_count[1]                ; Clock_1MHz:CLK1MHZ|clk_1M ; Clock_1MHz:CLK1MHZ|clk_1M ; 0.000        ; 0.055      ; 0.952      ;
; 0.754 ; DHT11_Controller:dht11_ctrl|count_1us[19]                ; DHT11_Controller:dht11_ctrl|count_1us[20]                ; Clock_1MHz:CLK1MHZ|clk_1M ; Clock_1MHz:CLK1MHZ|clk_1M ; 0.000        ; 0.055      ; 0.953      ;
; 0.754 ; DHT11_Controller:dht11_ctrl|data_count[2]                ; DHT11_Controller:dht11_ctrl|data_count[3]                ; Clock_1MHz:CLK1MHZ|clk_1M ; Clock_1MHz:CLK1MHZ|clk_1M ; 0.000        ; 0.055      ; 0.953      ;
; 0.755 ; DHT11_Controller:dht11_ctrl|count_1us[17]                ; DHT11_Controller:dht11_ctrl|count_1us[18]                ; Clock_1MHz:CLK1MHZ|clk_1M ; Clock_1MHz:CLK1MHZ|clk_1M ; 0.000        ; 0.055      ; 0.954      ;
; 0.756 ; DHT11_Controller:dht11_ctrl|count_1us[5]                 ; DHT11_Controller:dht11_ctrl|count_1us[6]                 ; Clock_1MHz:CLK1MHZ|clk_1M ; Clock_1MHz:CLK1MHZ|clk_1M ; 0.000        ; 0.055      ; 0.955      ;
; 0.757 ; DHT11_Controller:dht11_ctrl|data_temp[15]                ; DHT11_Controller:dht11_ctrl|data_temp[16]                ; Clock_1MHz:CLK1MHZ|clk_1M ; Clock_1MHz:CLK1MHZ|clk_1M ; 0.000        ; 0.070      ; 0.971      ;
; 0.757 ; DHT11_Controller:dht11_ctrl|cur_state.READ_DATA          ; DHT11_Controller:dht11_ctrl|us_clear                     ; Clock_1MHz:CLK1MHZ|clk_1M ; Clock_1MHz:CLK1MHZ|clk_1M ; 0.000        ; 0.055      ; 0.956      ;
; 0.758 ; DHT11_Controller:dht11_ctrl|data_temp[30]                ; DHT11_Controller:dht11_ctrl|data_temp[31]                ; Clock_1MHz:CLK1MHZ|clk_1M ; Clock_1MHz:CLK1MHZ|clk_1M ; 0.000        ; 0.043      ; 0.945      ;
; 0.758 ; DHT11_Controller:dht11_ctrl|data_count[4]                ; DHT11_Controller:dht11_ctrl|data_count[5]                ; Clock_1MHz:CLK1MHZ|clk_1M ; Clock_1MHz:CLK1MHZ|clk_1M ; 0.000        ; 0.055      ; 0.957      ;
; 0.760 ; DHT11_Controller:dht11_ctrl|count_1us[9]                 ; DHT11_Controller:dht11_ctrl|count_1us[10]                ; Clock_1MHz:CLK1MHZ|clk_1M ; Clock_1MHz:CLK1MHZ|clk_1M ; 0.000        ; 0.062      ; 0.966      ;
; 0.760 ; DHT11_Controller:dht11_ctrl|count_1us[2]                 ; DHT11_Controller:dht11_ctrl|count_1us[3]                 ; Clock_1MHz:CLK1MHZ|clk_1M ; Clock_1MHz:CLK1MHZ|clk_1M ; 0.000        ; 0.055      ; 0.959      ;
; 0.760 ; DHT11_Controller:dht11_ctrl|data_count[0]                ; DHT11_Controller:dht11_ctrl|data_count[2]                ; Clock_1MHz:CLK1MHZ|clk_1M ; Clock_1MHz:CLK1MHZ|clk_1M ; 0.000        ; 0.055      ; 0.959      ;
; 0.761 ; DHT11_Controller:dht11_ctrl|count_1us[13]                ; DHT11_Controller:dht11_ctrl|count_1us[14]                ; Clock_1MHz:CLK1MHZ|clk_1M ; Clock_1MHz:CLK1MHZ|clk_1M ; 0.000        ; 0.055      ; 0.960      ;
; 0.761 ; DHT11_Controller:dht11_ctrl|count_1us[18]                ; DHT11_Controller:dht11_ctrl|count_1us[19]                ; Clock_1MHz:CLK1MHZ|clk_1M ; Clock_1MHz:CLK1MHZ|clk_1M ; 0.000        ; 0.055      ; 0.960      ;
; 0.761 ; DHT11_Controller:dht11_ctrl|data_count[2]                ; DHT11_Controller:dht11_ctrl|data_count[4]                ; Clock_1MHz:CLK1MHZ|clk_1M ; Clock_1MHz:CLK1MHZ|clk_1M ; 0.000        ; 0.055      ; 0.960      ;
; 0.763 ; DHT11_Controller:dht11_ctrl|data_temp[10]                ; DHT11_Controller:dht11_ctrl|data_valid[2]                ; Clock_1MHz:CLK1MHZ|clk_1M ; Clock_1MHz:CLK1MHZ|clk_1M ; 0.000        ; 0.054      ; 0.961      ;
; 0.763 ; DHT11_Controller:dht11_ctrl|count_1us[11]                ; DHT11_Controller:dht11_ctrl|count_1us[12]                ; Clock_1MHz:CLK1MHZ|clk_1M ; Clock_1MHz:CLK1MHZ|clk_1M ; 0.000        ; 0.055      ; 0.962      ;
; 0.763 ; DHT11_Controller:dht11_ctrl|count_1us[6]                 ; DHT11_Controller:dht11_ctrl|count_1us[7]                 ; Clock_1MHz:CLK1MHZ|clk_1M ; Clock_1MHz:CLK1MHZ|clk_1M ; 0.000        ; 0.055      ; 0.962      ;
; 0.765 ; DHT11_Controller:dht11_ctrl|count_1us[4]                 ; DHT11_Controller:dht11_ctrl|count_1us[5]                 ; Clock_1MHz:CLK1MHZ|clk_1M ; Clock_1MHz:CLK1MHZ|clk_1M ; 0.000        ; 0.055      ; 0.964      ;
; 0.767 ; DHT11_Controller:dht11_ctrl|count_1us[2]                 ; DHT11_Controller:dht11_ctrl|count_1us[4]                 ; Clock_1MHz:CLK1MHZ|clk_1M ; Clock_1MHz:CLK1MHZ|clk_1M ; 0.000        ; 0.055      ; 0.966      ;
; 0.768 ; DHT11_Controller:dht11_ctrl|count_1us[18]                ; DHT11_Controller:dht11_ctrl|count_1us[20]                ; Clock_1MHz:CLK1MHZ|clk_1M ; Clock_1MHz:CLK1MHZ|clk_1M ; 0.000        ; 0.055      ; 0.967      ;
; 0.769 ; DHT11_Controller:dht11_ctrl|count_1us[16]                ; DHT11_Controller:dht11_ctrl|count_1us[17]                ; Clock_1MHz:CLK1MHZ|clk_1M ; Clock_1MHz:CLK1MHZ|clk_1M ; 0.000        ; 0.055      ; 0.968      ;
+-------+----------------------------------------------------------+----------------------------------------------------------+---------------------------+---------------------------+--------------+------------+------------+


+---------------------------------------------------------------------------------------------------------------------------+
; Slow 1200mV 0C Model Minimum Pulse Width: 'clk'                                                                           ;
+--------+--------------+----------------+-----------------+-------+------------+-------------------------------------------+
; Slack  ; Actual Width ; Required Width ; Type            ; Clock ; Clock Edge ; Target                                    ;
+--------+--------------+----------------+-----------------+-------+------------+-------------------------------------------+
; -3.000 ; 1.000        ; 4.000          ; Port Rate       ; clk   ; Rise       ; clk                                       ;
; -1.000 ; 1.000        ; 2.000          ; Min Period      ; clk   ; Rise       ; Clock_1MHz:CLK1MHZ|clk_1M                 ;
; -1.000 ; 1.000        ; 2.000          ; Min Period      ; clk   ; Rise       ; Clock_1MHz:CLK1MHZ|clk_cnt[0]             ;
; -1.000 ; 1.000        ; 2.000          ; Min Period      ; clk   ; Rise       ; Clock_1MHz:CLK1MHZ|clk_cnt[1]             ;
; -1.000 ; 1.000        ; 2.000          ; Min Period      ; clk   ; Rise       ; Clock_1MHz:CLK1MHZ|clk_cnt[2]             ;
; -1.000 ; 1.000        ; 2.000          ; Min Period      ; clk   ; Rise       ; Clock_1MHz:CLK1MHZ|clk_cnt[3]             ;
; -1.000 ; 1.000        ; 2.000          ; Min Period      ; clk   ; Rise       ; Clock_1MHz:CLK1MHZ|clk_cnt[4]             ;
; -1.000 ; 1.000        ; 2.000          ; Min Period      ; clk   ; Rise       ; LCD_Controller:lcd_ctrl|char_array[10][0] ;
; -1.000 ; 1.000        ; 2.000          ; Min Period      ; clk   ; Rise       ; LCD_Controller:lcd_ctrl|char_array[10][1] ;
; -1.000 ; 1.000        ; 2.000          ; Min Period      ; clk   ; Rise       ; LCD_Controller:lcd_ctrl|char_array[10][2] ;
; -1.000 ; 1.000        ; 2.000          ; Min Period      ; clk   ; Rise       ; LCD_Controller:lcd_ctrl|char_array[10][3] ;
; -1.000 ; 1.000        ; 2.000          ; Min Period      ; clk   ; Rise       ; LCD_Controller:lcd_ctrl|char_array[10][4] ;
; -1.000 ; 1.000        ; 2.000          ; Min Period      ; clk   ; Rise       ; LCD_Controller:lcd_ctrl|char_array[10][5] ;
; -1.000 ; 1.000        ; 2.000          ; Min Period      ; clk   ; Rise       ; LCD_Controller:lcd_ctrl|char_array[10][6] ;
; -1.000 ; 1.000        ; 2.000          ; Min Period      ; clk   ; Rise       ; LCD_Controller:lcd_ctrl|char_array[11][0] ;
; -1.000 ; 1.000        ; 2.000          ; Min Period      ; clk   ; Rise       ; LCD_Controller:lcd_ctrl|char_array[11][1] ;
; -1.000 ; 1.000        ; 2.000          ; Min Period      ; clk   ; Rise       ; LCD_Controller:lcd_ctrl|char_array[11][2] ;
; -1.000 ; 1.000        ; 2.000          ; Min Period      ; clk   ; Rise       ; LCD_Controller:lcd_ctrl|char_array[11][3] ;
; -1.000 ; 1.000        ; 2.000          ; Min Period      ; clk   ; Rise       ; LCD_Controller:lcd_ctrl|char_array[13][0] ;
; -1.000 ; 1.000        ; 2.000          ; Min Period      ; clk   ; Rise       ; LCD_Controller:lcd_ctrl|char_array[13][1] ;
; -1.000 ; 1.000        ; 2.000          ; Min Period      ; clk   ; Rise       ; LCD_Controller:lcd_ctrl|char_array[13][2] ;
; -1.000 ; 1.000        ; 2.000          ; Min Period      ; clk   ; Rise       ; LCD_Controller:lcd_ctrl|char_array[13][3] ;
; -1.000 ; 1.000        ; 2.000          ; Min Period      ; clk   ; Rise       ; LCD_Controller:lcd_ctrl|char_array[13][4] ;
; -1.000 ; 1.000        ; 2.000          ; Min Period      ; clk   ; Rise       ; LCD_Controller:lcd_ctrl|char_array[13][5] ;
; -1.000 ; 1.000        ; 2.000          ; Min Period      ; clk   ; Rise       ; LCD_Controller:lcd_ctrl|char_array[13][6] ;
; -1.000 ; 1.000        ; 2.000          ; Min Period      ; clk   ; Rise       ; LCD_Controller:lcd_ctrl|char_array[14][0] ;
; -1.000 ; 1.000        ; 2.000          ; Min Period      ; clk   ; Rise       ; LCD_Controller:lcd_ctrl|char_array[14][1] ;
; -1.000 ; 1.000        ; 2.000          ; Min Period      ; clk   ; Rise       ; LCD_Controller:lcd_ctrl|char_array[14][2] ;
; -1.000 ; 1.000        ; 2.000          ; Min Period      ; clk   ; Rise       ; LCD_Controller:lcd_ctrl|char_array[14][3] ;
; -1.000 ; 1.000        ; 2.000          ; Min Period      ; clk   ; Rise       ; LCD_Controller:lcd_ctrl|char_array[24][0] ;
; -1.000 ; 1.000        ; 2.000          ; Min Period      ; clk   ; Rise       ; LCD_Controller:lcd_ctrl|char_array[24][1] ;
; -1.000 ; 1.000        ; 2.000          ; Min Period      ; clk   ; Rise       ; LCD_Controller:lcd_ctrl|char_array[24][2] ;
; -1.000 ; 1.000        ; 2.000          ; Min Period      ; clk   ; Rise       ; LCD_Controller:lcd_ctrl|char_array[24][3] ;
; -1.000 ; 1.000        ; 2.000          ; Min Period      ; clk   ; Rise       ; LCD_Controller:lcd_ctrl|char_array[24][4] ;
; -1.000 ; 1.000        ; 2.000          ; Min Period      ; clk   ; Rise       ; LCD_Controller:lcd_ctrl|char_array[24][5] ;
; -1.000 ; 1.000        ; 2.000          ; Min Period      ; clk   ; Rise       ; LCD_Controller:lcd_ctrl|char_array[24][6] ;
; -1.000 ; 1.000        ; 2.000          ; Min Period      ; clk   ; Rise       ; LCD_Controller:lcd_ctrl|char_array[25][0] ;
; -1.000 ; 1.000        ; 2.000          ; Min Period      ; clk   ; Rise       ; LCD_Controller:lcd_ctrl|char_array[25][1] ;
; -1.000 ; 1.000        ; 2.000          ; Min Period      ; clk   ; Rise       ; LCD_Controller:lcd_ctrl|char_array[25][2] ;
; -1.000 ; 1.000        ; 2.000          ; Min Period      ; clk   ; Rise       ; LCD_Controller:lcd_ctrl|char_array[25][3] ;
; -1.000 ; 1.000        ; 2.000          ; Min Period      ; clk   ; Rise       ; LCD_Controller:lcd_ctrl|char_array[27][0] ;
; -1.000 ; 1.000        ; 2.000          ; Min Period      ; clk   ; Rise       ; LCD_Controller:lcd_ctrl|char_array[27][1] ;
; -1.000 ; 1.000        ; 2.000          ; Min Period      ; clk   ; Rise       ; LCD_Controller:lcd_ctrl|char_array[27][2] ;
; -1.000 ; 1.000        ; 2.000          ; Min Period      ; clk   ; Rise       ; LCD_Controller:lcd_ctrl|char_array[27][3] ;
; -1.000 ; 1.000        ; 2.000          ; Min Period      ; clk   ; Rise       ; LCD_Controller:lcd_ctrl|char_array[27][4] ;
; -1.000 ; 1.000        ; 2.000          ; Min Period      ; clk   ; Rise       ; LCD_Controller:lcd_ctrl|char_array[27][5] ;
; -1.000 ; 1.000        ; 2.000          ; Min Period      ; clk   ; Rise       ; LCD_Controller:lcd_ctrl|char_array[27][6] ;
; -1.000 ; 1.000        ; 2.000          ; Min Period      ; clk   ; Rise       ; LCD_Controller:lcd_ctrl|char_array[28][0] ;
; -1.000 ; 1.000        ; 2.000          ; Min Period      ; clk   ; Rise       ; LCD_Controller:lcd_ctrl|char_array[28][1] ;
; -1.000 ; 1.000        ; 2.000          ; Min Period      ; clk   ; Rise       ; LCD_Controller:lcd_ctrl|char_array[28][2] ;
; -1.000 ; 1.000        ; 2.000          ; Min Period      ; clk   ; Rise       ; LCD_Controller:lcd_ctrl|char_array[28][3] ;
; -1.000 ; 1.000        ; 2.000          ; Min Period      ; clk   ; Rise       ; LCD_Controller:lcd_ctrl|char_index[0]     ;
; -1.000 ; 1.000        ; 2.000          ; Min Period      ; clk   ; Rise       ; LCD_Controller:lcd_ctrl|char_index[1]     ;
; -1.000 ; 1.000        ; 2.000          ; Min Period      ; clk   ; Rise       ; LCD_Controller:lcd_ctrl|char_index[2]     ;
; -1.000 ; 1.000        ; 2.000          ; Min Period      ; clk   ; Rise       ; LCD_Controller:lcd_ctrl|char_index[3]     ;
; -1.000 ; 1.000        ; 2.000          ; Min Period      ; clk   ; Rise       ; LCD_Controller:lcd_ctrl|char_index[4]     ;
; -1.000 ; 1.000        ; 2.000          ; Min Period      ; clk   ; Rise       ; LCD_Controller:lcd_ctrl|counter[0]        ;
; -1.000 ; 1.000        ; 2.000          ; Min Period      ; clk   ; Rise       ; LCD_Controller:lcd_ctrl|counter[10]       ;
; -1.000 ; 1.000        ; 2.000          ; Min Period      ; clk   ; Rise       ; LCD_Controller:lcd_ctrl|counter[11]       ;
; -1.000 ; 1.000        ; 2.000          ; Min Period      ; clk   ; Rise       ; LCD_Controller:lcd_ctrl|counter[12]       ;
; -1.000 ; 1.000        ; 2.000          ; Min Period      ; clk   ; Rise       ; LCD_Controller:lcd_ctrl|counter[13]       ;
; -1.000 ; 1.000        ; 2.000          ; Min Period      ; clk   ; Rise       ; LCD_Controller:lcd_ctrl|counter[14]       ;
; -1.000 ; 1.000        ; 2.000          ; Min Period      ; clk   ; Rise       ; LCD_Controller:lcd_ctrl|counter[15]       ;
; -1.000 ; 1.000        ; 2.000          ; Min Period      ; clk   ; Rise       ; LCD_Controller:lcd_ctrl|counter[16]       ;
; -1.000 ; 1.000        ; 2.000          ; Min Period      ; clk   ; Rise       ; LCD_Controller:lcd_ctrl|counter[17]       ;
; -1.000 ; 1.000        ; 2.000          ; Min Period      ; clk   ; Rise       ; LCD_Controller:lcd_ctrl|counter[18]       ;
; -1.000 ; 1.000        ; 2.000          ; Min Period      ; clk   ; Rise       ; LCD_Controller:lcd_ctrl|counter[19]       ;
; -1.000 ; 1.000        ; 2.000          ; Min Period      ; clk   ; Rise       ; LCD_Controller:lcd_ctrl|counter[1]        ;
; -1.000 ; 1.000        ; 2.000          ; Min Period      ; clk   ; Rise       ; LCD_Controller:lcd_ctrl|counter[20]       ;
; -1.000 ; 1.000        ; 2.000          ; Min Period      ; clk   ; Rise       ; LCD_Controller:lcd_ctrl|counter[21]       ;
; -1.000 ; 1.000        ; 2.000          ; Min Period      ; clk   ; Rise       ; LCD_Controller:lcd_ctrl|counter[2]        ;
; -1.000 ; 1.000        ; 2.000          ; Min Period      ; clk   ; Rise       ; LCD_Controller:lcd_ctrl|counter[3]        ;
; -1.000 ; 1.000        ; 2.000          ; Min Period      ; clk   ; Rise       ; LCD_Controller:lcd_ctrl|counter[4]        ;
; -1.000 ; 1.000        ; 2.000          ; Min Period      ; clk   ; Rise       ; LCD_Controller:lcd_ctrl|counter[5]        ;
; -1.000 ; 1.000        ; 2.000          ; Min Period      ; clk   ; Rise       ; LCD_Controller:lcd_ctrl|counter[6]        ;
; -1.000 ; 1.000        ; 2.000          ; Min Period      ; clk   ; Rise       ; LCD_Controller:lcd_ctrl|counter[7]        ;
; -1.000 ; 1.000        ; 2.000          ; Min Period      ; clk   ; Rise       ; LCD_Controller:lcd_ctrl|counter[8]        ;
; -1.000 ; 1.000        ; 2.000          ; Min Period      ; clk   ; Rise       ; LCD_Controller:lcd_ctrl|counter[9]        ;
; -1.000 ; 1.000        ; 2.000          ; Min Period      ; clk   ; Rise       ; LCD_Controller:lcd_ctrl|lcd_db[0]         ;
; -1.000 ; 1.000        ; 2.000          ; Min Period      ; clk   ; Rise       ; LCD_Controller:lcd_ctrl|lcd_db[1]         ;
; -1.000 ; 1.000        ; 2.000          ; Min Period      ; clk   ; Rise       ; LCD_Controller:lcd_ctrl|lcd_db[2]         ;
; -1.000 ; 1.000        ; 2.000          ; Min Period      ; clk   ; Rise       ; LCD_Controller:lcd_ctrl|lcd_db[3]         ;
; -1.000 ; 1.000        ; 2.000          ; Min Period      ; clk   ; Rise       ; LCD_Controller:lcd_ctrl|lcd_db[4]         ;
; -1.000 ; 1.000        ; 2.000          ; Min Period      ; clk   ; Rise       ; LCD_Controller:lcd_ctrl|lcd_db[5]         ;
; -1.000 ; 1.000        ; 2.000          ; Min Period      ; clk   ; Rise       ; LCD_Controller:lcd_ctrl|lcd_db[6]         ;
; -1.000 ; 1.000        ; 2.000          ; Min Period      ; clk   ; Rise       ; LCD_Controller:lcd_ctrl|lcd_db[7]         ;
; -1.000 ; 1.000        ; 2.000          ; Min Period      ; clk   ; Rise       ; LCD_Controller:lcd_ctrl|lcd_e             ;
; -1.000 ; 1.000        ; 2.000          ; Min Period      ; clk   ; Rise       ; LCD_Controller:lcd_ctrl|lcd_rs            ;
; -1.000 ; 1.000        ; 2.000          ; Min Period      ; clk   ; Rise       ; LCD_Controller:lcd_ctrl|state.000000      ;
; -1.000 ; 1.000        ; 2.000          ; Min Period      ; clk   ; Rise       ; LCD_Controller:lcd_ctrl|state.000001      ;
; -1.000 ; 1.000        ; 2.000          ; Min Period      ; clk   ; Rise       ; LCD_Controller:lcd_ctrl|state.000010      ;
; -1.000 ; 1.000        ; 2.000          ; Min Period      ; clk   ; Rise       ; LCD_Controller:lcd_ctrl|state.000011      ;
; -1.000 ; 1.000        ; 2.000          ; Min Period      ; clk   ; Rise       ; LCD_Controller:lcd_ctrl|state.000100      ;
; -1.000 ; 1.000        ; 2.000          ; Min Period      ; clk   ; Rise       ; LCD_Controller:lcd_ctrl|state.000101      ;
; -1.000 ; 1.000        ; 2.000          ; Min Period      ; clk   ; Rise       ; LCD_Controller:lcd_ctrl|state.000110      ;
; -1.000 ; 1.000        ; 2.000          ; Min Period      ; clk   ; Rise       ; LCD_Controller:lcd_ctrl|state.000111      ;
; -1.000 ; 1.000        ; 2.000          ; Min Period      ; clk   ; Rise       ; LCD_Controller:lcd_ctrl|state.001000      ;
; -1.000 ; 1.000        ; 2.000          ; Min Period      ; clk   ; Rise       ; LCD_Controller:lcd_ctrl|state.001001      ;
; 0.195  ; 0.379        ; 0.184          ; Low Pulse Width ; clk   ; Rise       ; LCD_Controller:lcd_ctrl|char_array[10][4] ;
; 0.195  ; 0.379        ; 0.184          ; Low Pulse Width ; clk   ; Rise       ; LCD_Controller:lcd_ctrl|char_array[13][6] ;
+--------+--------------+----------------+-----------------+-------+------------+-------------------------------------------+


+--------------------------------------------------------------------------------------------------------------------------------------------------------+
; Slow 1200mV 0C Model Minimum Pulse Width: 'Clock_1MHz:CLK1MHZ|clk_1M'                                                                                  ;
+--------+--------------+----------------+------------+---------------------------+------------+---------------------------------------------------------+
; Slack  ; Actual Width ; Required Width ; Type       ; Clock                     ; Clock Edge ; Target                                                  ;
+--------+--------------+----------------+------------+---------------------------+------------+---------------------------------------------------------+
; -1.000 ; 1.000        ; 2.000          ; Min Period ; Clock_1MHz:CLK1MHZ|clk_1M ; Rise       ; DHT11_Controller:dht11_ctrl|count_1us[0]                ;
; -1.000 ; 1.000        ; 2.000          ; Min Period ; Clock_1MHz:CLK1MHZ|clk_1M ; Rise       ; DHT11_Controller:dht11_ctrl|count_1us[10]               ;
; -1.000 ; 1.000        ; 2.000          ; Min Period ; Clock_1MHz:CLK1MHZ|clk_1M ; Rise       ; DHT11_Controller:dht11_ctrl|count_1us[11]               ;
; -1.000 ; 1.000        ; 2.000          ; Min Period ; Clock_1MHz:CLK1MHZ|clk_1M ; Rise       ; DHT11_Controller:dht11_ctrl|count_1us[12]               ;
; -1.000 ; 1.000        ; 2.000          ; Min Period ; Clock_1MHz:CLK1MHZ|clk_1M ; Rise       ; DHT11_Controller:dht11_ctrl|count_1us[13]               ;
; -1.000 ; 1.000        ; 2.000          ; Min Period ; Clock_1MHz:CLK1MHZ|clk_1M ; Rise       ; DHT11_Controller:dht11_ctrl|count_1us[14]               ;
; -1.000 ; 1.000        ; 2.000          ; Min Period ; Clock_1MHz:CLK1MHZ|clk_1M ; Rise       ; DHT11_Controller:dht11_ctrl|count_1us[15]               ;
; -1.000 ; 1.000        ; 2.000          ; Min Period ; Clock_1MHz:CLK1MHZ|clk_1M ; Rise       ; DHT11_Controller:dht11_ctrl|count_1us[16]               ;
; -1.000 ; 1.000        ; 2.000          ; Min Period ; Clock_1MHz:CLK1MHZ|clk_1M ; Rise       ; DHT11_Controller:dht11_ctrl|count_1us[17]               ;
; -1.000 ; 1.000        ; 2.000          ; Min Period ; Clock_1MHz:CLK1MHZ|clk_1M ; Rise       ; DHT11_Controller:dht11_ctrl|count_1us[18]               ;
; -1.000 ; 1.000        ; 2.000          ; Min Period ; Clock_1MHz:CLK1MHZ|clk_1M ; Rise       ; DHT11_Controller:dht11_ctrl|count_1us[19]               ;
; -1.000 ; 1.000        ; 2.000          ; Min Period ; Clock_1MHz:CLK1MHZ|clk_1M ; Rise       ; DHT11_Controller:dht11_ctrl|count_1us[1]                ;
; -1.000 ; 1.000        ; 2.000          ; Min Period ; Clock_1MHz:CLK1MHZ|clk_1M ; Rise       ; DHT11_Controller:dht11_ctrl|count_1us[20]               ;
; -1.000 ; 1.000        ; 2.000          ; Min Period ; Clock_1MHz:CLK1MHZ|clk_1M ; Rise       ; DHT11_Controller:dht11_ctrl|count_1us[2]                ;
; -1.000 ; 1.000        ; 2.000          ; Min Period ; Clock_1MHz:CLK1MHZ|clk_1M ; Rise       ; DHT11_Controller:dht11_ctrl|count_1us[3]                ;
; -1.000 ; 1.000        ; 2.000          ; Min Period ; Clock_1MHz:CLK1MHZ|clk_1M ; Rise       ; DHT11_Controller:dht11_ctrl|count_1us[4]                ;
; -1.000 ; 1.000        ; 2.000          ; Min Period ; Clock_1MHz:CLK1MHZ|clk_1M ; Rise       ; DHT11_Controller:dht11_ctrl|count_1us[5]                ;
; -1.000 ; 1.000        ; 2.000          ; Min Period ; Clock_1MHz:CLK1MHZ|clk_1M ; Rise       ; DHT11_Controller:dht11_ctrl|count_1us[6]                ;
; -1.000 ; 1.000        ; 2.000          ; Min Period ; Clock_1MHz:CLK1MHZ|clk_1M ; Rise       ; DHT11_Controller:dht11_ctrl|count_1us[7]                ;
; -1.000 ; 1.000        ; 2.000          ; Min Period ; Clock_1MHz:CLK1MHZ|clk_1M ; Rise       ; DHT11_Controller:dht11_ctrl|count_1us[8]                ;
; -1.000 ; 1.000        ; 2.000          ; Min Period ; Clock_1MHz:CLK1MHZ|clk_1M ; Rise       ; DHT11_Controller:dht11_ctrl|count_1us[9]                ;
; -1.000 ; 1.000        ; 2.000          ; Min Period ; Clock_1MHz:CLK1MHZ|clk_1M ; Rise       ; DHT11_Controller:dht11_ctrl|cur_state.CONTROL_HIGH_13US ;
; -1.000 ; 1.000        ; 2.000          ; Min Period ; Clock_1MHz:CLK1MHZ|clk_1M ; Rise       ; DHT11_Controller:dht11_ctrl|cur_state.CONTROL_LOW       ;
; -1.000 ; 1.000        ; 2.000          ; Min Period ; Clock_1MHz:CLK1MHZ|clk_1M ; Rise       ; DHT11_Controller:dht11_ctrl|cur_state.CONTROL_LOW_20MS  ;
; -1.000 ; 1.000        ; 2.000          ; Min Period ; Clock_1MHz:CLK1MHZ|clk_1M ; Rise       ; DHT11_Controller:dht11_ctrl|cur_state.KEEP_DELAY        ;
; -1.000 ; 1.000        ; 2.000          ; Min Period ; Clock_1MHz:CLK1MHZ|clk_1M ; Rise       ; DHT11_Controller:dht11_ctrl|cur_state.READ_DATA         ;
; -1.000 ; 1.000        ; 2.000          ; Min Period ; Clock_1MHz:CLK1MHZ|clk_1M ; Rise       ; DHT11_Controller:dht11_ctrl|cur_state.READ_HIGH_87US    ;
; -1.000 ; 1.000        ; 2.000          ; Min Period ; Clock_1MHz:CLK1MHZ|clk_1M ; Rise       ; DHT11_Controller:dht11_ctrl|cur_state.READ_LOW_83US     ;
; -1.000 ; 1.000        ; 2.000          ; Min Period ; Clock_1MHz:CLK1MHZ|clk_1M ; Rise       ; DHT11_Controller:dht11_ctrl|data_count[0]               ;
; -1.000 ; 1.000        ; 2.000          ; Min Period ; Clock_1MHz:CLK1MHZ|clk_1M ; Rise       ; DHT11_Controller:dht11_ctrl|data_count[1]               ;
; -1.000 ; 1.000        ; 2.000          ; Min Period ; Clock_1MHz:CLK1MHZ|clk_1M ; Rise       ; DHT11_Controller:dht11_ctrl|data_count[2]               ;
; -1.000 ; 1.000        ; 2.000          ; Min Period ; Clock_1MHz:CLK1MHZ|clk_1M ; Rise       ; DHT11_Controller:dht11_ctrl|data_count[3]               ;
; -1.000 ; 1.000        ; 2.000          ; Min Period ; Clock_1MHz:CLK1MHZ|clk_1M ; Rise       ; DHT11_Controller:dht11_ctrl|data_count[4]               ;
; -1.000 ; 1.000        ; 2.000          ; Min Period ; Clock_1MHz:CLK1MHZ|clk_1M ; Rise       ; DHT11_Controller:dht11_ctrl|data_count[5]               ;
; -1.000 ; 1.000        ; 2.000          ; Min Period ; Clock_1MHz:CLK1MHZ|clk_1M ; Rise       ; DHT11_Controller:dht11_ctrl|data_temp[0]                ;
; -1.000 ; 1.000        ; 2.000          ; Min Period ; Clock_1MHz:CLK1MHZ|clk_1M ; Rise       ; DHT11_Controller:dht11_ctrl|data_temp[10]               ;
; -1.000 ; 1.000        ; 2.000          ; Min Period ; Clock_1MHz:CLK1MHZ|clk_1M ; Rise       ; DHT11_Controller:dht11_ctrl|data_temp[11]               ;
; -1.000 ; 1.000        ; 2.000          ; Min Period ; Clock_1MHz:CLK1MHZ|clk_1M ; Rise       ; DHT11_Controller:dht11_ctrl|data_temp[12]               ;
; -1.000 ; 1.000        ; 2.000          ; Min Period ; Clock_1MHz:CLK1MHZ|clk_1M ; Rise       ; DHT11_Controller:dht11_ctrl|data_temp[13]               ;
; -1.000 ; 1.000        ; 2.000          ; Min Period ; Clock_1MHz:CLK1MHZ|clk_1M ; Rise       ; DHT11_Controller:dht11_ctrl|data_temp[14]               ;
; -1.000 ; 1.000        ; 2.000          ; Min Period ; Clock_1MHz:CLK1MHZ|clk_1M ; Rise       ; DHT11_Controller:dht11_ctrl|data_temp[15]               ;
; -1.000 ; 1.000        ; 2.000          ; Min Period ; Clock_1MHz:CLK1MHZ|clk_1M ; Rise       ; DHT11_Controller:dht11_ctrl|data_temp[16]               ;
; -1.000 ; 1.000        ; 2.000          ; Min Period ; Clock_1MHz:CLK1MHZ|clk_1M ; Rise       ; DHT11_Controller:dht11_ctrl|data_temp[17]               ;
; -1.000 ; 1.000        ; 2.000          ; Min Period ; Clock_1MHz:CLK1MHZ|clk_1M ; Rise       ; DHT11_Controller:dht11_ctrl|data_temp[18]               ;
; -1.000 ; 1.000        ; 2.000          ; Min Period ; Clock_1MHz:CLK1MHZ|clk_1M ; Rise       ; DHT11_Controller:dht11_ctrl|data_temp[19]               ;
; -1.000 ; 1.000        ; 2.000          ; Min Period ; Clock_1MHz:CLK1MHZ|clk_1M ; Rise       ; DHT11_Controller:dht11_ctrl|data_temp[1]                ;
; -1.000 ; 1.000        ; 2.000          ; Min Period ; Clock_1MHz:CLK1MHZ|clk_1M ; Rise       ; DHT11_Controller:dht11_ctrl|data_temp[20]               ;
; -1.000 ; 1.000        ; 2.000          ; Min Period ; Clock_1MHz:CLK1MHZ|clk_1M ; Rise       ; DHT11_Controller:dht11_ctrl|data_temp[21]               ;
; -1.000 ; 1.000        ; 2.000          ; Min Period ; Clock_1MHz:CLK1MHZ|clk_1M ; Rise       ; DHT11_Controller:dht11_ctrl|data_temp[22]               ;
; -1.000 ; 1.000        ; 2.000          ; Min Period ; Clock_1MHz:CLK1MHZ|clk_1M ; Rise       ; DHT11_Controller:dht11_ctrl|data_temp[23]               ;
; -1.000 ; 1.000        ; 2.000          ; Min Period ; Clock_1MHz:CLK1MHZ|clk_1M ; Rise       ; DHT11_Controller:dht11_ctrl|data_temp[24]               ;
; -1.000 ; 1.000        ; 2.000          ; Min Period ; Clock_1MHz:CLK1MHZ|clk_1M ; Rise       ; DHT11_Controller:dht11_ctrl|data_temp[25]               ;
; -1.000 ; 1.000        ; 2.000          ; Min Period ; Clock_1MHz:CLK1MHZ|clk_1M ; Rise       ; DHT11_Controller:dht11_ctrl|data_temp[26]               ;
; -1.000 ; 1.000        ; 2.000          ; Min Period ; Clock_1MHz:CLK1MHZ|clk_1M ; Rise       ; DHT11_Controller:dht11_ctrl|data_temp[27]               ;
; -1.000 ; 1.000        ; 2.000          ; Min Period ; Clock_1MHz:CLK1MHZ|clk_1M ; Rise       ; DHT11_Controller:dht11_ctrl|data_temp[28]               ;
; -1.000 ; 1.000        ; 2.000          ; Min Period ; Clock_1MHz:CLK1MHZ|clk_1M ; Rise       ; DHT11_Controller:dht11_ctrl|data_temp[29]               ;
; -1.000 ; 1.000        ; 2.000          ; Min Period ; Clock_1MHz:CLK1MHZ|clk_1M ; Rise       ; DHT11_Controller:dht11_ctrl|data_temp[2]                ;
; -1.000 ; 1.000        ; 2.000          ; Min Period ; Clock_1MHz:CLK1MHZ|clk_1M ; Rise       ; DHT11_Controller:dht11_ctrl|data_temp[30]               ;
; -1.000 ; 1.000        ; 2.000          ; Min Period ; Clock_1MHz:CLK1MHZ|clk_1M ; Rise       ; DHT11_Controller:dht11_ctrl|data_temp[31]               ;
; -1.000 ; 1.000        ; 2.000          ; Min Period ; Clock_1MHz:CLK1MHZ|clk_1M ; Rise       ; DHT11_Controller:dht11_ctrl|data_temp[32]               ;
; -1.000 ; 1.000        ; 2.000          ; Min Period ; Clock_1MHz:CLK1MHZ|clk_1M ; Rise       ; DHT11_Controller:dht11_ctrl|data_temp[33]               ;
; -1.000 ; 1.000        ; 2.000          ; Min Period ; Clock_1MHz:CLK1MHZ|clk_1M ; Rise       ; DHT11_Controller:dht11_ctrl|data_temp[34]               ;
; -1.000 ; 1.000        ; 2.000          ; Min Period ; Clock_1MHz:CLK1MHZ|clk_1M ; Rise       ; DHT11_Controller:dht11_ctrl|data_temp[35]               ;
; -1.000 ; 1.000        ; 2.000          ; Min Period ; Clock_1MHz:CLK1MHZ|clk_1M ; Rise       ; DHT11_Controller:dht11_ctrl|data_temp[36]               ;
; -1.000 ; 1.000        ; 2.000          ; Min Period ; Clock_1MHz:CLK1MHZ|clk_1M ; Rise       ; DHT11_Controller:dht11_ctrl|data_temp[37]               ;
; -1.000 ; 1.000        ; 2.000          ; Min Period ; Clock_1MHz:CLK1MHZ|clk_1M ; Rise       ; DHT11_Controller:dht11_ctrl|data_temp[38]               ;
; -1.000 ; 1.000        ; 2.000          ; Min Period ; Clock_1MHz:CLK1MHZ|clk_1M ; Rise       ; DHT11_Controller:dht11_ctrl|data_temp[39]               ;
; -1.000 ; 1.000        ; 2.000          ; Min Period ; Clock_1MHz:CLK1MHZ|clk_1M ; Rise       ; DHT11_Controller:dht11_ctrl|data_temp[3]                ;
; -1.000 ; 1.000        ; 2.000          ; Min Period ; Clock_1MHz:CLK1MHZ|clk_1M ; Rise       ; DHT11_Controller:dht11_ctrl|data_temp[4]                ;
; -1.000 ; 1.000        ; 2.000          ; Min Period ; Clock_1MHz:CLK1MHZ|clk_1M ; Rise       ; DHT11_Controller:dht11_ctrl|data_temp[5]                ;
; -1.000 ; 1.000        ; 2.000          ; Min Period ; Clock_1MHz:CLK1MHZ|clk_1M ; Rise       ; DHT11_Controller:dht11_ctrl|data_temp[6]                ;
; -1.000 ; 1.000        ; 2.000          ; Min Period ; Clock_1MHz:CLK1MHZ|clk_1M ; Rise       ; DHT11_Controller:dht11_ctrl|data_temp[7]                ;
; -1.000 ; 1.000        ; 2.000          ; Min Period ; Clock_1MHz:CLK1MHZ|clk_1M ; Rise       ; DHT11_Controller:dht11_ctrl|data_temp[8]                ;
; -1.000 ; 1.000        ; 2.000          ; Min Period ; Clock_1MHz:CLK1MHZ|clk_1M ; Rise       ; DHT11_Controller:dht11_ctrl|data_temp[9]                ;
; -1.000 ; 1.000        ; 2.000          ; Min Period ; Clock_1MHz:CLK1MHZ|clk_1M ; Rise       ; DHT11_Controller:dht11_ctrl|data_valid[0]               ;
; -1.000 ; 1.000        ; 2.000          ; Min Period ; Clock_1MHz:CLK1MHZ|clk_1M ; Rise       ; DHT11_Controller:dht11_ctrl|data_valid[10]              ;
; -1.000 ; 1.000        ; 2.000          ; Min Period ; Clock_1MHz:CLK1MHZ|clk_1M ; Rise       ; DHT11_Controller:dht11_ctrl|data_valid[11]              ;
; -1.000 ; 1.000        ; 2.000          ; Min Period ; Clock_1MHz:CLK1MHZ|clk_1M ; Rise       ; DHT11_Controller:dht11_ctrl|data_valid[12]              ;
; -1.000 ; 1.000        ; 2.000          ; Min Period ; Clock_1MHz:CLK1MHZ|clk_1M ; Rise       ; DHT11_Controller:dht11_ctrl|data_valid[13]              ;
; -1.000 ; 1.000        ; 2.000          ; Min Period ; Clock_1MHz:CLK1MHZ|clk_1M ; Rise       ; DHT11_Controller:dht11_ctrl|data_valid[14]              ;
; -1.000 ; 1.000        ; 2.000          ; Min Period ; Clock_1MHz:CLK1MHZ|clk_1M ; Rise       ; DHT11_Controller:dht11_ctrl|data_valid[15]              ;
; -1.000 ; 1.000        ; 2.000          ; Min Period ; Clock_1MHz:CLK1MHZ|clk_1M ; Rise       ; DHT11_Controller:dht11_ctrl|data_valid[16]              ;
; -1.000 ; 1.000        ; 2.000          ; Min Period ; Clock_1MHz:CLK1MHZ|clk_1M ; Rise       ; DHT11_Controller:dht11_ctrl|data_valid[17]              ;
; -1.000 ; 1.000        ; 2.000          ; Min Period ; Clock_1MHz:CLK1MHZ|clk_1M ; Rise       ; DHT11_Controller:dht11_ctrl|data_valid[18]              ;
; -1.000 ; 1.000        ; 2.000          ; Min Period ; Clock_1MHz:CLK1MHZ|clk_1M ; Rise       ; DHT11_Controller:dht11_ctrl|data_valid[19]              ;
; -1.000 ; 1.000        ; 2.000          ; Min Period ; Clock_1MHz:CLK1MHZ|clk_1M ; Rise       ; DHT11_Controller:dht11_ctrl|data_valid[1]               ;
; -1.000 ; 1.000        ; 2.000          ; Min Period ; Clock_1MHz:CLK1MHZ|clk_1M ; Rise       ; DHT11_Controller:dht11_ctrl|data_valid[20]              ;
; -1.000 ; 1.000        ; 2.000          ; Min Period ; Clock_1MHz:CLK1MHZ|clk_1M ; Rise       ; DHT11_Controller:dht11_ctrl|data_valid[21]              ;
; -1.000 ; 1.000        ; 2.000          ; Min Period ; Clock_1MHz:CLK1MHZ|clk_1M ; Rise       ; DHT11_Controller:dht11_ctrl|data_valid[22]              ;
; -1.000 ; 1.000        ; 2.000          ; Min Period ; Clock_1MHz:CLK1MHZ|clk_1M ; Rise       ; DHT11_Controller:dht11_ctrl|data_valid[23]              ;
; -1.000 ; 1.000        ; 2.000          ; Min Period ; Clock_1MHz:CLK1MHZ|clk_1M ; Rise       ; DHT11_Controller:dht11_ctrl|data_valid[24]              ;
; -1.000 ; 1.000        ; 2.000          ; Min Period ; Clock_1MHz:CLK1MHZ|clk_1M ; Rise       ; DHT11_Controller:dht11_ctrl|data_valid[25]              ;
; -1.000 ; 1.000        ; 2.000          ; Min Period ; Clock_1MHz:CLK1MHZ|clk_1M ; Rise       ; DHT11_Controller:dht11_ctrl|data_valid[26]              ;
; -1.000 ; 1.000        ; 2.000          ; Min Period ; Clock_1MHz:CLK1MHZ|clk_1M ; Rise       ; DHT11_Controller:dht11_ctrl|data_valid[27]              ;
; -1.000 ; 1.000        ; 2.000          ; Min Period ; Clock_1MHz:CLK1MHZ|clk_1M ; Rise       ; DHT11_Controller:dht11_ctrl|data_valid[28]              ;
; -1.000 ; 1.000        ; 2.000          ; Min Period ; Clock_1MHz:CLK1MHZ|clk_1M ; Rise       ; DHT11_Controller:dht11_ctrl|data_valid[29]              ;
; -1.000 ; 1.000        ; 2.000          ; Min Period ; Clock_1MHz:CLK1MHZ|clk_1M ; Rise       ; DHT11_Controller:dht11_ctrl|data_valid[2]               ;
; -1.000 ; 1.000        ; 2.000          ; Min Period ; Clock_1MHz:CLK1MHZ|clk_1M ; Rise       ; DHT11_Controller:dht11_ctrl|data_valid[30]              ;
; -1.000 ; 1.000        ; 2.000          ; Min Period ; Clock_1MHz:CLK1MHZ|clk_1M ; Rise       ; DHT11_Controller:dht11_ctrl|data_valid[31]              ;
; -1.000 ; 1.000        ; 2.000          ; Min Period ; Clock_1MHz:CLK1MHZ|clk_1M ; Rise       ; DHT11_Controller:dht11_ctrl|data_valid[3]               ;
+--------+--------------+----------------+------------+---------------------------+------------+---------------------------------------------------------+


+------------------------------------------------------------------------------------------------+
; Setup Times                                                                                    ;
+-----------+---------------------------+-------+-------+------------+---------------------------+
; Data Port ; Clock Port                ; Rise  ; Fall  ; Clock Edge ; Clock Reference           ;
+-----------+---------------------------+-------+-------+------------+---------------------------+
; dht11     ; Clock_1MHz:CLK1MHZ|clk_1M ; 1.834 ; 2.160 ; Rise       ; Clock_1MHz:CLK1MHZ|clk_1M ;
+-----------+---------------------------+-------+-------+------------+---------------------------+


+--------------------------------------------------------------------------------------------------+
; Hold Times                                                                                       ;
+-----------+---------------------------+--------+--------+------------+---------------------------+
; Data Port ; Clock Port                ; Rise   ; Fall   ; Clock Edge ; Clock Reference           ;
+-----------+---------------------------+--------+--------+------------+---------------------------+
; dht11     ; Clock_1MHz:CLK1MHZ|clk_1M ; -1.454 ; -1.772 ; Rise       ; Clock_1MHz:CLK1MHZ|clk_1M ;
+-----------+---------------------------+--------+--------+------------+---------------------------+


+---------------------------------------------------------------------------------------------------+
; Clock to Output Times                                                                             ;
+--------------+---------------------------+-------+-------+------------+---------------------------+
; Data Port    ; Clock Port                ; Rise  ; Fall  ; Clock Edge ; Clock Reference           ;
+--------------+---------------------------+-------+-------+------------+---------------------------+
; dht11        ; Clock_1MHz:CLK1MHZ|clk_1M ; 5.623 ; 5.664 ; Rise       ; Clock_1MHz:CLK1MHZ|clk_1M ;
; led_hum[*]   ; Clock_1MHz:CLK1MHZ|clk_1M ; 8.907 ; 8.927 ; Rise       ; Clock_1MHz:CLK1MHZ|clk_1M ;
;  led_hum[0]  ; Clock_1MHz:CLK1MHZ|clk_1M ; 5.769 ; 5.766 ; Rise       ; Clock_1MHz:CLK1MHZ|clk_1M ;
;  led_hum[1]  ; Clock_1MHz:CLK1MHZ|clk_1M ; 5.878 ; 5.853 ; Rise       ; Clock_1MHz:CLK1MHZ|clk_1M ;
;  led_hum[2]  ; Clock_1MHz:CLK1MHZ|clk_1M ; 6.113 ; 6.093 ; Rise       ; Clock_1MHz:CLK1MHZ|clk_1M ;
;  led_hum[3]  ; Clock_1MHz:CLK1MHZ|clk_1M ; 5.762 ; 5.743 ; Rise       ; Clock_1MHz:CLK1MHZ|clk_1M ;
;  led_hum[4]  ; Clock_1MHz:CLK1MHZ|clk_1M ; 7.415 ; 7.287 ; Rise       ; Clock_1MHz:CLK1MHZ|clk_1M ;
;  led_hum[5]  ; Clock_1MHz:CLK1MHZ|clk_1M ; 7.367 ; 7.381 ; Rise       ; Clock_1MHz:CLK1MHZ|clk_1M ;
;  led_hum[6]  ; Clock_1MHz:CLK1MHZ|clk_1M ; 6.856 ; 6.917 ; Rise       ; Clock_1MHz:CLK1MHZ|clk_1M ;
;  led_hum[7]  ; Clock_1MHz:CLK1MHZ|clk_1M ; 8.907 ; 8.927 ; Rise       ; Clock_1MHz:CLK1MHZ|clk_1M ;
; led_temp[*]  ; Clock_1MHz:CLK1MHZ|clk_1M ; 8.152 ; 8.146 ; Rise       ; Clock_1MHz:CLK1MHZ|clk_1M ;
;  led_temp[0] ; Clock_1MHz:CLK1MHZ|clk_1M ; 7.160 ; 7.175 ; Rise       ; Clock_1MHz:CLK1MHZ|clk_1M ;
;  led_temp[1] ; Clock_1MHz:CLK1MHZ|clk_1M ; 8.152 ; 8.146 ; Rise       ; Clock_1MHz:CLK1MHZ|clk_1M ;
;  led_temp[2] ; Clock_1MHz:CLK1MHZ|clk_1M ; 6.824 ; 6.860 ; Rise       ; Clock_1MHz:CLK1MHZ|clk_1M ;
;  led_temp[3] ; Clock_1MHz:CLK1MHZ|clk_1M ; 7.143 ; 7.184 ; Rise       ; Clock_1MHz:CLK1MHZ|clk_1M ;
;  led_temp[4] ; Clock_1MHz:CLK1MHZ|clk_1M ; 6.866 ; 6.821 ; Rise       ; Clock_1MHz:CLK1MHZ|clk_1M ;
;  led_temp[5] ; Clock_1MHz:CLK1MHZ|clk_1M ; 7.036 ; 7.027 ; Rise       ; Clock_1MHz:CLK1MHZ|clk_1M ;
; lcd_db[*]    ; clk                       ; 6.873 ; 6.913 ; Rise       ; clk                       ;
;  lcd_db[0]   ; clk                       ; 5.616 ; 5.663 ; Rise       ; clk                       ;
;  lcd_db[1]   ; clk                       ; 6.593 ; 6.605 ; Rise       ; clk                       ;
;  lcd_db[2]   ; clk                       ; 6.174 ; 6.157 ; Rise       ; clk                       ;
;  lcd_db[3]   ; clk                       ; 6.873 ; 6.913 ; Rise       ; clk                       ;
;  lcd_db[4]   ; clk                       ; 6.389 ; 6.386 ; Rise       ; clk                       ;
;  lcd_db[5]   ; clk                       ; 6.234 ; 6.248 ; Rise       ; clk                       ;
;  lcd_db[6]   ; clk                       ; 6.018 ; 6.055 ; Rise       ; clk                       ;
;  lcd_db[7]   ; clk                       ; 5.915 ; 5.950 ; Rise       ; clk                       ;
; lcd_e        ; clk                       ; 6.047 ; 6.073 ; Rise       ; clk                       ;
; lcd_rs       ; clk                       ; 6.778 ; 6.772 ; Rise       ; clk                       ;
+--------------+---------------------------+-------+-------+------------+---------------------------+


+---------------------------------------------------------------------------------------------------+
; Minimum Clock to Output Times                                                                     ;
+--------------+---------------------------+-------+-------+------------+---------------------------+
; Data Port    ; Clock Port                ; Rise  ; Fall  ; Clock Edge ; Clock Reference           ;
+--------------+---------------------------+-------+-------+------------+---------------------------+
; dht11        ; Clock_1MHz:CLK1MHZ|clk_1M ; 5.404 ; 5.444 ; Rise       ; Clock_1MHz:CLK1MHZ|clk_1M ;
; led_hum[*]   ; Clock_1MHz:CLK1MHZ|clk_1M ; 5.538 ; 5.519 ; Rise       ; Clock_1MHz:CLK1MHZ|clk_1M ;
;  led_hum[0]  ; Clock_1MHz:CLK1MHZ|clk_1M ; 5.544 ; 5.541 ; Rise       ; Clock_1MHz:CLK1MHZ|clk_1M ;
;  led_hum[1]  ; Clock_1MHz:CLK1MHZ|clk_1M ; 5.649 ; 5.625 ; Rise       ; Clock_1MHz:CLK1MHZ|clk_1M ;
;  led_hum[2]  ; Clock_1MHz:CLK1MHZ|clk_1M ; 5.875 ; 5.855 ; Rise       ; Clock_1MHz:CLK1MHZ|clk_1M ;
;  led_hum[3]  ; Clock_1MHz:CLK1MHZ|clk_1M ; 5.538 ; 5.519 ; Rise       ; Clock_1MHz:CLK1MHZ|clk_1M ;
;  led_hum[4]  ; Clock_1MHz:CLK1MHZ|clk_1M ; 7.127 ; 7.003 ; Rise       ; Clock_1MHz:CLK1MHZ|clk_1M ;
;  led_hum[5]  ; Clock_1MHz:CLK1MHZ|clk_1M ; 7.122 ; 7.136 ; Rise       ; Clock_1MHz:CLK1MHZ|clk_1M ;
;  led_hum[6]  ; Clock_1MHz:CLK1MHZ|clk_1M ; 6.586 ; 6.644 ; Rise       ; Clock_1MHz:CLK1MHZ|clk_1M ;
;  led_hum[7]  ; Clock_1MHz:CLK1MHZ|clk_1M ; 8.600 ; 8.620 ; Rise       ; Clock_1MHz:CLK1MHZ|clk_1M ;
; led_temp[*]  ; Clock_1MHz:CLK1MHZ|clk_1M ; 6.558 ; 6.556 ; Rise       ; Clock_1MHz:CLK1MHZ|clk_1M ;
;  led_temp[0] ; Clock_1MHz:CLK1MHZ|clk_1M ; 6.880 ; 6.893 ; Rise       ; Clock_1MHz:CLK1MHZ|clk_1M ;
;  led_temp[1] ; Clock_1MHz:CLK1MHZ|clk_1M ; 7.878 ; 7.873 ; Rise       ; Clock_1MHz:CLK1MHZ|clk_1M ;
;  led_temp[2] ; Clock_1MHz:CLK1MHZ|clk_1M ; 6.558 ; 6.592 ; Rise       ; Clock_1MHz:CLK1MHZ|clk_1M ;
;  led_temp[3] ; Clock_1MHz:CLK1MHZ|clk_1M ; 6.863 ; 6.902 ; Rise       ; Clock_1MHz:CLK1MHZ|clk_1M ;
;  led_temp[4] ; Clock_1MHz:CLK1MHZ|clk_1M ; 6.600 ; 6.556 ; Rise       ; Clock_1MHz:CLK1MHZ|clk_1M ;
;  led_temp[5] ; Clock_1MHz:CLK1MHZ|clk_1M ; 6.763 ; 6.753 ; Rise       ; Clock_1MHz:CLK1MHZ|clk_1M ;
; lcd_db[*]    ; clk                       ; 5.418 ; 5.463 ; Rise       ; clk                       ;
;  lcd_db[0]   ; clk                       ; 5.418 ; 5.463 ; Rise       ; clk                       ;
;  lcd_db[1]   ; clk                       ; 6.355 ; 6.366 ; Rise       ; clk                       ;
;  lcd_db[2]   ; clk                       ; 5.954 ; 5.937 ; Rise       ; clk                       ;
;  lcd_db[3]   ; clk                       ; 6.670 ; 6.709 ; Rise       ; clk                       ;
;  lcd_db[4]   ; clk                       ; 6.160 ; 6.157 ; Rise       ; clk                       ;
;  lcd_db[5]   ; clk                       ; 6.012 ; 6.024 ; Rise       ; clk                       ;
;  lcd_db[6]   ; clk                       ; 5.803 ; 5.838 ; Rise       ; clk                       ;
;  lcd_db[7]   ; clk                       ; 5.705 ; 5.737 ; Rise       ; clk                       ;
; lcd_e        ; clk                       ; 5.831 ; 5.855 ; Rise       ; clk                       ;
; lcd_rs       ; clk                       ; 6.533 ; 6.526 ; Rise       ; clk                       ;
+--------------+---------------------------+-------+-------+------------+---------------------------+


---------------------------------------------
; Slow 1200mV 0C Model Metastability Report ;
---------------------------------------------
No synchronizer chains to report.


+----------------------------------------------------+
; Fast 1200mV 0C Model Setup Summary                 ;
+---------------------------+--------+---------------+
; Clock                     ; Slack  ; End Point TNS ;
+---------------------------+--------+---------------+
; clk                       ; -4.801 ; -132.962      ;
; Clock_1MHz:CLK1MHZ|clk_1M ; -2.156 ; -117.489      ;
+---------------------------+--------+---------------+


+----------------------------------------------------+
; Fast 1200mV 0C Model Hold Summary                  ;
+---------------------------+--------+---------------+
; Clock                     ; Slack  ; End Point TNS ;
+---------------------------+--------+---------------+
; clk                       ; -0.180 ; -0.180        ;
; Clock_1MHz:CLK1MHZ|clk_1M ; 0.186  ; 0.000         ;
+---------------------------+--------+---------------+


-----------------------------------------
; Fast 1200mV 0C Model Recovery Summary ;
-----------------------------------------
No paths to report.


----------------------------------------
; Fast 1200mV 0C Model Removal Summary ;
----------------------------------------
No paths to report.


+----------------------------------------------------+
; Fast 1200mV 0C Model Minimum Pulse Width Summary   ;
+---------------------------+--------+---------------+
; Clock                     ; Slack  ; End Point TNS ;
+---------------------------+--------+---------------+
; clk                       ; -3.000 ; -106.097      ;
; Clock_1MHz:CLK1MHZ|clk_1M ; -1.000 ; -118.000      ;
+---------------------------+--------+---------------+


+------------------------------------------------------------------------------------------------------------------------------------------------------------------------------------+
; Fast 1200mV 0C Model Setup: 'clk'                                                                                                                                                  ;
+--------+--------------------------------------------+-------------------------------------------+---------------------------+-------------+--------------+------------+------------+
; Slack  ; From Node                                  ; To Node                                   ; Launch Clock              ; Latch Clock ; Relationship ; Clock Skew ; Data Delay ;
+--------+--------------------------------------------+-------------------------------------------+---------------------------+-------------+--------------+------------+------------+
; -4.801 ; DHT11_Controller:dht11_ctrl|data_valid[22] ; LCD_Controller:lcd_ctrl|char_array[28][3] ; Clock_1MHz:CLK1MHZ|clk_1M ; clk         ; 1.000        ; -0.080     ; 5.698      ;
; -4.762 ; DHT11_Controller:dht11_ctrl|data_valid[21] ; LCD_Controller:lcd_ctrl|char_array[28][3] ; Clock_1MHz:CLK1MHZ|clk_1M ; clk         ; 1.000        ; -0.081     ; 5.658      ;
; -4.716 ; DHT11_Controller:dht11_ctrl|data_valid[22] ; LCD_Controller:lcd_ctrl|char_array[28][2] ; Clock_1MHz:CLK1MHZ|clk_1M ; clk         ; 1.000        ; -0.080     ; 5.613      ;
; -4.702 ; DHT11_Controller:dht11_ctrl|data_valid[22] ; LCD_Controller:lcd_ctrl|char_array[28][1] ; Clock_1MHz:CLK1MHZ|clk_1M ; clk         ; 1.000        ; -0.080     ; 5.599      ;
; -4.677 ; DHT11_Controller:dht11_ctrl|data_valid[21] ; LCD_Controller:lcd_ctrl|char_array[28][2] ; Clock_1MHz:CLK1MHZ|clk_1M ; clk         ; 1.000        ; -0.081     ; 5.573      ;
; -4.667 ; DHT11_Controller:dht11_ctrl|data_valid[23] ; LCD_Controller:lcd_ctrl|char_array[28][3] ; Clock_1MHz:CLK1MHZ|clk_1M ; clk         ; 1.000        ; -0.081     ; 5.563      ;
; -4.663 ; DHT11_Controller:dht11_ctrl|data_valid[21] ; LCD_Controller:lcd_ctrl|char_array[28][1] ; Clock_1MHz:CLK1MHZ|clk_1M ; clk         ; 1.000        ; -0.081     ; 5.559      ;
; -4.620 ; DHT11_Controller:dht11_ctrl|data_valid[29] ; LCD_Controller:lcd_ctrl|char_array[25][1] ; Clock_1MHz:CLK1MHZ|clk_1M ; clk         ; 1.000        ; -0.075     ; 5.522      ;
; -4.619 ; DHT11_Controller:dht11_ctrl|data_valid[29] ; LCD_Controller:lcd_ctrl|char_array[25][3] ; Clock_1MHz:CLK1MHZ|clk_1M ; clk         ; 1.000        ; -0.075     ; 5.521      ;
; -4.616 ; DHT11_Controller:dht11_ctrl|data_valid[29] ; LCD_Controller:lcd_ctrl|char_array[25][2] ; Clock_1MHz:CLK1MHZ|clk_1M ; clk         ; 1.000        ; -0.075     ; 5.518      ;
; -4.582 ; DHT11_Controller:dht11_ctrl|data_valid[23] ; LCD_Controller:lcd_ctrl|char_array[28][2] ; Clock_1MHz:CLK1MHZ|clk_1M ; clk         ; 1.000        ; -0.081     ; 5.478      ;
; -4.568 ; DHT11_Controller:dht11_ctrl|data_valid[23] ; LCD_Controller:lcd_ctrl|char_array[28][1] ; Clock_1MHz:CLK1MHZ|clk_1M ; clk         ; 1.000        ; -0.081     ; 5.464      ;
; -4.567 ; DHT11_Controller:dht11_ctrl|data_valid[30] ; LCD_Controller:lcd_ctrl|char_array[25][1] ; Clock_1MHz:CLK1MHZ|clk_1M ; clk         ; 1.000        ; -0.075     ; 5.469      ;
; -4.566 ; DHT11_Controller:dht11_ctrl|data_valid[30] ; LCD_Controller:lcd_ctrl|char_array[25][3] ; Clock_1MHz:CLK1MHZ|clk_1M ; clk         ; 1.000        ; -0.075     ; 5.468      ;
; -4.563 ; DHT11_Controller:dht11_ctrl|data_valid[30] ; LCD_Controller:lcd_ctrl|char_array[25][2] ; Clock_1MHz:CLK1MHZ|clk_1M ; clk         ; 1.000        ; -0.075     ; 5.465      ;
; -4.549 ; DHT11_Controller:dht11_ctrl|data_valid[31] ; LCD_Controller:lcd_ctrl|char_array[25][1] ; Clock_1MHz:CLK1MHZ|clk_1M ; clk         ; 1.000        ; -0.075     ; 5.451      ;
; -4.548 ; DHT11_Controller:dht11_ctrl|data_valid[31] ; LCD_Controller:lcd_ctrl|char_array[25][3] ; Clock_1MHz:CLK1MHZ|clk_1M ; clk         ; 1.000        ; -0.075     ; 5.450      ;
; -4.545 ; DHT11_Controller:dht11_ctrl|data_valid[31] ; LCD_Controller:lcd_ctrl|char_array[25][2] ; Clock_1MHz:CLK1MHZ|clk_1M ; clk         ; 1.000        ; -0.075     ; 5.447      ;
; -4.538 ; DHT11_Controller:dht11_ctrl|data_valid[5]  ; LCD_Controller:lcd_ctrl|char_array[14][2] ; Clock_1MHz:CLK1MHZ|clk_1M ; clk         ; 1.000        ; -0.056     ; 5.459      ;
; -4.491 ; DHT11_Controller:dht11_ctrl|data_valid[30] ; LCD_Controller:lcd_ctrl|char_array[24][0] ; Clock_1MHz:CLK1MHZ|clk_1M ; clk         ; 1.000        ; -0.066     ; 5.402      ;
; -4.473 ; DHT11_Controller:dht11_ctrl|data_valid[7]  ; LCD_Controller:lcd_ctrl|char_array[14][2] ; Clock_1MHz:CLK1MHZ|clk_1M ; clk         ; 1.000        ; -0.056     ; 5.394      ;
; -4.470 ; DHT11_Controller:dht11_ctrl|data_valid[6]  ; LCD_Controller:lcd_ctrl|char_array[14][2] ; Clock_1MHz:CLK1MHZ|clk_1M ; clk         ; 1.000        ; -0.056     ; 5.391      ;
; -4.454 ; DHT11_Controller:dht11_ctrl|data_valid[5]  ; LCD_Controller:lcd_ctrl|char_array[14][1] ; Clock_1MHz:CLK1MHZ|clk_1M ; clk         ; 1.000        ; -0.056     ; 5.375      ;
; -4.451 ; DHT11_Controller:dht11_ctrl|data_valid[5]  ; LCD_Controller:lcd_ctrl|char_array[14][3] ; Clock_1MHz:CLK1MHZ|clk_1M ; clk         ; 1.000        ; -0.056     ; 5.372      ;
; -4.434 ; DHT11_Controller:dht11_ctrl|data_valid[6]  ; LCD_Controller:lcd_ctrl|char_array[13][0] ; Clock_1MHz:CLK1MHZ|clk_1M ; clk         ; 1.000        ; -0.059     ; 5.352      ;
; -4.433 ; DHT11_Controller:dht11_ctrl|data_valid[22] ; LCD_Controller:lcd_ctrl|char_array[27][0] ; Clock_1MHz:CLK1MHZ|clk_1M ; clk         ; 1.000        ; -0.070     ; 5.340      ;
; -4.427 ; DHT11_Controller:dht11_ctrl|data_valid[21] ; LCD_Controller:lcd_ctrl|char_array[27][0] ; Clock_1MHz:CLK1MHZ|clk_1M ; clk         ; 1.000        ; -0.071     ; 5.333      ;
; -4.411 ; DHT11_Controller:dht11_ctrl|data_valid[5]  ; LCD_Controller:lcd_ctrl|char_array[13][0] ; Clock_1MHz:CLK1MHZ|clk_1M ; clk         ; 1.000        ; -0.059     ; 5.329      ;
; -4.389 ; DHT11_Controller:dht11_ctrl|data_valid[7]  ; LCD_Controller:lcd_ctrl|char_array[14][1] ; Clock_1MHz:CLK1MHZ|clk_1M ; clk         ; 1.000        ; -0.056     ; 5.310      ;
; -4.386 ; DHT11_Controller:dht11_ctrl|data_valid[6]  ; LCD_Controller:lcd_ctrl|char_array[14][1] ; Clock_1MHz:CLK1MHZ|clk_1M ; clk         ; 1.000        ; -0.056     ; 5.307      ;
; -4.386 ; DHT11_Controller:dht11_ctrl|data_valid[7]  ; LCD_Controller:lcd_ctrl|char_array[14][3] ; Clock_1MHz:CLK1MHZ|clk_1M ; clk         ; 1.000        ; -0.056     ; 5.307      ;
; -4.383 ; DHT11_Controller:dht11_ctrl|data_valid[6]  ; LCD_Controller:lcd_ctrl|char_array[14][3] ; Clock_1MHz:CLK1MHZ|clk_1M ; clk         ; 1.000        ; -0.056     ; 5.304      ;
; -4.381 ; DHT11_Controller:dht11_ctrl|data_valid[31] ; LCD_Controller:lcd_ctrl|char_array[24][0] ; Clock_1MHz:CLK1MHZ|clk_1M ; clk         ; 1.000        ; -0.066     ; 5.292      ;
; -4.361 ; DHT11_Controller:dht11_ctrl|data_valid[23] ; LCD_Controller:lcd_ctrl|char_array[27][0] ; Clock_1MHz:CLK1MHZ|clk_1M ; clk         ; 1.000        ; -0.071     ; 5.267      ;
; -4.358 ; DHT11_Controller:dht11_ctrl|data_valid[29] ; LCD_Controller:lcd_ctrl|char_array[24][0] ; Clock_1MHz:CLK1MHZ|clk_1M ; clk         ; 1.000        ; -0.066     ; 5.269      ;
; -4.337 ; DHT11_Controller:dht11_ctrl|data_valid[7]  ; LCD_Controller:lcd_ctrl|char_array[13][0] ; Clock_1MHz:CLK1MHZ|clk_1M ; clk         ; 1.000        ; -0.059     ; 5.255      ;
; -4.305 ; DHT11_Controller:dht11_ctrl|data_valid[13] ; LCD_Controller:lcd_ctrl|char_array[10][0] ; Clock_1MHz:CLK1MHZ|clk_1M ; clk         ; 1.000        ; -0.070     ; 5.212      ;
; -4.300 ; DHT11_Controller:dht11_ctrl|data_valid[14] ; LCD_Controller:lcd_ctrl|char_array[11][2] ; Clock_1MHz:CLK1MHZ|clk_1M ; clk         ; 1.000        ; -0.071     ; 5.206      ;
; -4.293 ; DHT11_Controller:dht11_ctrl|data_valid[13] ; LCD_Controller:lcd_ctrl|char_array[11][2] ; Clock_1MHz:CLK1MHZ|clk_1M ; clk         ; 1.000        ; -0.071     ; 5.199      ;
; -4.285 ; DHT11_Controller:dht11_ctrl|data_valid[14] ; LCD_Controller:lcd_ctrl|char_array[10][0] ; Clock_1MHz:CLK1MHZ|clk_1M ; clk         ; 1.000        ; -0.070     ; 5.192      ;
; -4.262 ; DHT11_Controller:dht11_ctrl|data_valid[14] ; LCD_Controller:lcd_ctrl|char_array[11][3] ; Clock_1MHz:CLK1MHZ|clk_1M ; clk         ; 1.000        ; -0.071     ; 5.168      ;
; -4.257 ; DHT11_Controller:dht11_ctrl|data_valid[14] ; LCD_Controller:lcd_ctrl|char_array[11][1] ; Clock_1MHz:CLK1MHZ|clk_1M ; clk         ; 1.000        ; -0.071     ; 5.163      ;
; -4.255 ; DHT11_Controller:dht11_ctrl|data_valid[13] ; LCD_Controller:lcd_ctrl|char_array[11][3] ; Clock_1MHz:CLK1MHZ|clk_1M ; clk         ; 1.000        ; -0.071     ; 5.161      ;
; -4.250 ; DHT11_Controller:dht11_ctrl|data_valid[13] ; LCD_Controller:lcd_ctrl|char_array[11][1] ; Clock_1MHz:CLK1MHZ|clk_1M ; clk         ; 1.000        ; -0.071     ; 5.156      ;
; -4.237 ; DHT11_Controller:dht11_ctrl|data_valid[15] ; LCD_Controller:lcd_ctrl|char_array[10][0] ; Clock_1MHz:CLK1MHZ|clk_1M ; clk         ; 1.000        ; -0.070     ; 5.144      ;
; -4.207 ; DHT11_Controller:dht11_ctrl|data_valid[15] ; LCD_Controller:lcd_ctrl|char_array[11][2] ; Clock_1MHz:CLK1MHZ|clk_1M ; clk         ; 1.000        ; -0.071     ; 5.113      ;
; -4.169 ; DHT11_Controller:dht11_ctrl|data_valid[15] ; LCD_Controller:lcd_ctrl|char_array[11][3] ; Clock_1MHz:CLK1MHZ|clk_1M ; clk         ; 1.000        ; -0.071     ; 5.075      ;
; -4.164 ; DHT11_Controller:dht11_ctrl|data_valid[15] ; LCD_Controller:lcd_ctrl|char_array[11][1] ; Clock_1MHz:CLK1MHZ|clk_1M ; clk         ; 1.000        ; -0.071     ; 5.070      ;
; -4.062 ; DHT11_Controller:dht11_ctrl|data_valid[12] ; LCD_Controller:lcd_ctrl|char_array[11][2] ; Clock_1MHz:CLK1MHZ|clk_1M ; clk         ; 1.000        ; -0.264     ; 4.775      ;
; -4.024 ; DHT11_Controller:dht11_ctrl|data_valid[12] ; LCD_Controller:lcd_ctrl|char_array[11][3] ; Clock_1MHz:CLK1MHZ|clk_1M ; clk         ; 1.000        ; -0.264     ; 4.737      ;
; -4.019 ; DHT11_Controller:dht11_ctrl|data_valid[12] ; LCD_Controller:lcd_ctrl|char_array[11][1] ; Clock_1MHz:CLK1MHZ|clk_1M ; clk         ; 1.000        ; -0.264     ; 4.732      ;
; -3.981 ; DHT11_Controller:dht11_ctrl|data_valid[20] ; LCD_Controller:lcd_ctrl|char_array[28][3] ; Clock_1MHz:CLK1MHZ|clk_1M ; clk         ; 1.000        ; -0.081     ; 4.877      ;
; -3.980 ; DHT11_Controller:dht11_ctrl|data_valid[12] ; LCD_Controller:lcd_ctrl|char_array[10][0] ; Clock_1MHz:CLK1MHZ|clk_1M ; clk         ; 1.000        ; -0.263     ; 4.694      ;
; -3.922 ; DHT11_Controller:dht11_ctrl|data_valid[22] ; LCD_Controller:lcd_ctrl|char_array[27][1] ; Clock_1MHz:CLK1MHZ|clk_1M ; clk         ; 1.000        ; -0.259     ; 4.640      ;
; -3.916 ; DHT11_Controller:dht11_ctrl|data_valid[21] ; LCD_Controller:lcd_ctrl|char_array[27][1] ; Clock_1MHz:CLK1MHZ|clk_1M ; clk         ; 1.000        ; -0.260     ; 4.633      ;
; -3.896 ; DHT11_Controller:dht11_ctrl|data_valid[20] ; LCD_Controller:lcd_ctrl|char_array[28][2] ; Clock_1MHz:CLK1MHZ|clk_1M ; clk         ; 1.000        ; -0.081     ; 4.792      ;
; -3.887 ; DHT11_Controller:dht11_ctrl|data_valid[4]  ; LCD_Controller:lcd_ctrl|char_array[14][2] ; Clock_1MHz:CLK1MHZ|clk_1M ; clk         ; 1.000        ; -0.056     ; 4.808      ;
; -3.882 ; DHT11_Controller:dht11_ctrl|data_valid[20] ; LCD_Controller:lcd_ctrl|char_array[28][1] ; Clock_1MHz:CLK1MHZ|clk_1M ; clk         ; 1.000        ; -0.081     ; 4.778      ;
; -3.865 ; DHT11_Controller:dht11_ctrl|data_valid[6]  ; LCD_Controller:lcd_ctrl|char_array[13][1] ; Clock_1MHz:CLK1MHZ|clk_1M ; clk         ; 1.000        ; -0.249     ; 4.593      ;
; -3.850 ; DHT11_Controller:dht11_ctrl|data_valid[23] ; LCD_Controller:lcd_ctrl|char_array[27][1] ; Clock_1MHz:CLK1MHZ|clk_1M ; clk         ; 1.000        ; -0.260     ; 4.567      ;
; -3.846 ; DHT11_Controller:dht11_ctrl|data_valid[28] ; LCD_Controller:lcd_ctrl|char_array[25][1] ; Clock_1MHz:CLK1MHZ|clk_1M ; clk         ; 1.000        ; -0.070     ; 4.753      ;
; -3.845 ; DHT11_Controller:dht11_ctrl|data_valid[28] ; LCD_Controller:lcd_ctrl|char_array[25][3] ; Clock_1MHz:CLK1MHZ|clk_1M ; clk         ; 1.000        ; -0.070     ; 4.752      ;
; -3.842 ; DHT11_Controller:dht11_ctrl|data_valid[28] ; LCD_Controller:lcd_ctrl|char_array[25][2] ; Clock_1MHz:CLK1MHZ|clk_1M ; clk         ; 1.000        ; -0.070     ; 4.749      ;
; -3.842 ; DHT11_Controller:dht11_ctrl|data_valid[5]  ; LCD_Controller:lcd_ctrl|char_array[13][1] ; Clock_1MHz:CLK1MHZ|clk_1M ; clk         ; 1.000        ; -0.249     ; 4.570      ;
; -3.814 ; DHT11_Controller:dht11_ctrl|data_valid[28] ; LCD_Controller:lcd_ctrl|char_array[24][0] ; Clock_1MHz:CLK1MHZ|clk_1M ; clk         ; 1.000        ; -0.061     ; 4.730      ;
; -3.803 ; DHT11_Controller:dht11_ctrl|data_valid[4]  ; LCD_Controller:lcd_ctrl|char_array[14][1] ; Clock_1MHz:CLK1MHZ|clk_1M ; clk         ; 1.000        ; -0.056     ; 4.724      ;
; -3.800 ; DHT11_Controller:dht11_ctrl|data_valid[4]  ; LCD_Controller:lcd_ctrl|char_array[14][3] ; Clock_1MHz:CLK1MHZ|clk_1M ; clk         ; 1.000        ; -0.056     ; 4.721      ;
; -3.793 ; DHT11_Controller:dht11_ctrl|data_valid[20] ; LCD_Controller:lcd_ctrl|char_array[27][0] ; Clock_1MHz:CLK1MHZ|clk_1M ; clk         ; 1.000        ; -0.071     ; 4.699      ;
; -3.769 ; DHT11_Controller:dht11_ctrl|data_valid[30] ; LCD_Controller:lcd_ctrl|char_array[24][1] ; Clock_1MHz:CLK1MHZ|clk_1M ; clk         ; 1.000        ; -0.066     ; 4.680      ;
; -3.768 ; DHT11_Controller:dht11_ctrl|data_valid[7]  ; LCD_Controller:lcd_ctrl|char_array[13][1] ; Clock_1MHz:CLK1MHZ|clk_1M ; clk         ; 1.000        ; -0.249     ; 4.496      ;
; -3.737 ; DHT11_Controller:dht11_ctrl|data_valid[13] ; LCD_Controller:lcd_ctrl|char_array[10][1] ; Clock_1MHz:CLK1MHZ|clk_1M ; clk         ; 1.000        ; -0.260     ; 4.454      ;
; -3.717 ; DHT11_Controller:dht11_ctrl|data_valid[14] ; LCD_Controller:lcd_ctrl|char_array[10][1] ; Clock_1MHz:CLK1MHZ|clk_1M ; clk         ; 1.000        ; -0.260     ; 4.434      ;
; -3.672 ; DHT11_Controller:dht11_ctrl|data_valid[4]  ; LCD_Controller:lcd_ctrl|char_array[13][0] ; Clock_1MHz:CLK1MHZ|clk_1M ; clk         ; 1.000        ; -0.059     ; 4.590      ;
; -3.669 ; DHT11_Controller:dht11_ctrl|data_valid[15] ; LCD_Controller:lcd_ctrl|char_array[10][1] ; Clock_1MHz:CLK1MHZ|clk_1M ; clk         ; 1.000        ; -0.260     ; 4.386      ;
; -3.659 ; DHT11_Controller:dht11_ctrl|data_valid[31] ; LCD_Controller:lcd_ctrl|char_array[24][1] ; Clock_1MHz:CLK1MHZ|clk_1M ; clk         ; 1.000        ; -0.066     ; 4.570      ;
; -3.636 ; DHT11_Controller:dht11_ctrl|data_valid[29] ; LCD_Controller:lcd_ctrl|char_array[24][1] ; Clock_1MHz:CLK1MHZ|clk_1M ; clk         ; 1.000        ; -0.066     ; 4.547      ;
; -3.429 ; DHT11_Controller:dht11_ctrl|data_valid[13] ; LCD_Controller:lcd_ctrl|char_array[10][2] ; Clock_1MHz:CLK1MHZ|clk_1M ; clk         ; 1.000        ; -0.262     ; 4.144      ;
; -3.412 ; DHT11_Controller:dht11_ctrl|data_valid[12] ; LCD_Controller:lcd_ctrl|char_array[10][1] ; Clock_1MHz:CLK1MHZ|clk_1M ; clk         ; 1.000        ; -0.453     ; 3.936      ;
; -3.409 ; DHT11_Controller:dht11_ctrl|data_valid[14] ; LCD_Controller:lcd_ctrl|char_array[10][2] ; Clock_1MHz:CLK1MHZ|clk_1M ; clk         ; 1.000        ; -0.262     ; 4.124      ;
; -3.361 ; DHT11_Controller:dht11_ctrl|data_valid[15] ; LCD_Controller:lcd_ctrl|char_array[10][2] ; Clock_1MHz:CLK1MHZ|clk_1M ; clk         ; 1.000        ; -0.262     ; 4.076      ;
; -3.282 ; DHT11_Controller:dht11_ctrl|data_valid[20] ; LCD_Controller:lcd_ctrl|char_array[27][1] ; Clock_1MHz:CLK1MHZ|clk_1M ; clk         ; 1.000        ; -0.260     ; 3.999      ;
; -3.188 ; DHT11_Controller:dht11_ctrl|data_valid[3]  ; LCD_Controller:lcd_ctrl|char_array[14][2] ; Clock_1MHz:CLK1MHZ|clk_1M ; clk         ; 1.000        ; -0.259     ; 3.906      ;
; -3.104 ; DHT11_Controller:dht11_ctrl|data_valid[3]  ; LCD_Controller:lcd_ctrl|char_array[14][1] ; Clock_1MHz:CLK1MHZ|clk_1M ; clk         ; 1.000        ; -0.259     ; 3.822      ;
; -3.104 ; DHT11_Controller:dht11_ctrl|data_valid[12] ; LCD_Controller:lcd_ctrl|char_array[10][2] ; Clock_1MHz:CLK1MHZ|clk_1M ; clk         ; 1.000        ; -0.455     ; 3.626      ;
; -3.103 ; DHT11_Controller:dht11_ctrl|data_valid[4]  ; LCD_Controller:lcd_ctrl|char_array[13][1] ; Clock_1MHz:CLK1MHZ|clk_1M ; clk         ; 1.000        ; -0.249     ; 3.831      ;
; -3.101 ; DHT11_Controller:dht11_ctrl|data_valid[3]  ; LCD_Controller:lcd_ctrl|char_array[14][3] ; Clock_1MHz:CLK1MHZ|clk_1M ; clk         ; 1.000        ; -0.259     ; 3.819      ;
; -3.092 ; DHT11_Controller:dht11_ctrl|data_valid[28] ; LCD_Controller:lcd_ctrl|char_array[24][1] ; Clock_1MHz:CLK1MHZ|clk_1M ; clk         ; 1.000        ; -0.061     ; 4.008      ;
; -3.090 ; DHT11_Controller:dht11_ctrl|data_valid[27] ; LCD_Controller:lcd_ctrl|char_array[25][1] ; Clock_1MHz:CLK1MHZ|clk_1M ; clk         ; 1.000        ; -0.070     ; 3.997      ;
; -3.089 ; DHT11_Controller:dht11_ctrl|data_valid[27] ; LCD_Controller:lcd_ctrl|char_array[25][3] ; Clock_1MHz:CLK1MHZ|clk_1M ; clk         ; 1.000        ; -0.070     ; 3.996      ;
; -3.086 ; DHT11_Controller:dht11_ctrl|data_valid[27] ; LCD_Controller:lcd_ctrl|char_array[25][2] ; Clock_1MHz:CLK1MHZ|clk_1M ; clk         ; 1.000        ; -0.070     ; 3.993      ;
; -3.085 ; DHT11_Controller:dht11_ctrl|data_valid[19] ; LCD_Controller:lcd_ctrl|char_array[28][3] ; Clock_1MHz:CLK1MHZ|clk_1M ; clk         ; 1.000        ; -0.081     ; 3.981      ;
; -3.080 ; DHT11_Controller:dht11_ctrl|data_valid[11] ; LCD_Controller:lcd_ctrl|char_array[11][2] ; Clock_1MHz:CLK1MHZ|clk_1M ; clk         ; 1.000        ; -0.276     ; 3.781      ;
; -3.059 ; DHT11_Controller:dht11_ctrl|data_valid[30] ; LCD_Controller:lcd_ctrl|char_array[24][2] ; Clock_1MHz:CLK1MHZ|clk_1M ; clk         ; 1.000        ; -0.259     ; 3.777      ;
; -3.042 ; DHT11_Controller:dht11_ctrl|data_valid[11] ; LCD_Controller:lcd_ctrl|char_array[11][3] ; Clock_1MHz:CLK1MHZ|clk_1M ; clk         ; 1.000        ; -0.276     ; 3.743      ;
; -3.037 ; DHT11_Controller:dht11_ctrl|data_valid[11] ; LCD_Controller:lcd_ctrl|char_array[11][1] ; Clock_1MHz:CLK1MHZ|clk_1M ; clk         ; 1.000        ; -0.276     ; 3.738      ;
; -3.000 ; DHT11_Controller:dht11_ctrl|data_valid[19] ; LCD_Controller:lcd_ctrl|char_array[28][2] ; Clock_1MHz:CLK1MHZ|clk_1M ; clk         ; 1.000        ; -0.081     ; 3.896      ;
; -2.986 ; DHT11_Controller:dht11_ctrl|data_valid[19] ; LCD_Controller:lcd_ctrl|char_array[28][1] ; Clock_1MHz:CLK1MHZ|clk_1M ; clk         ; 1.000        ; -0.081     ; 3.882      ;
; -2.968 ; DHT11_Controller:dht11_ctrl|data_valid[3]  ; LCD_Controller:lcd_ctrl|char_array[13][0] ; Clock_1MHz:CLK1MHZ|clk_1M ; clk         ; 1.000        ; -0.262     ; 3.683      ;
; -2.949 ; DHT11_Controller:dht11_ctrl|data_valid[31] ; LCD_Controller:lcd_ctrl|char_array[24][2] ; Clock_1MHz:CLK1MHZ|clk_1M ; clk         ; 1.000        ; -0.259     ; 3.667      ;
; -2.926 ; DHT11_Controller:dht11_ctrl|data_valid[29] ; LCD_Controller:lcd_ctrl|char_array[24][2] ; Clock_1MHz:CLK1MHZ|clk_1M ; clk         ; 1.000        ; -0.259     ; 3.644      ;
+--------+--------------------------------------------+-------------------------------------------+---------------------------+-------------+--------------+------------+------------+


+--------------------------------------------------------------------------------------------------------------------------------------------------------------------------------------------------+
; Fast 1200mV 0C Model Setup: 'Clock_1MHz:CLK1MHZ|clk_1M'                                                                                                                                          ;
+--------+-------------------------------------------+--------------------------------------------+---------------------------+---------------------------+--------------+------------+------------+
; Slack  ; From Node                                 ; To Node                                    ; Launch Clock              ; Latch Clock               ; Relationship ; Clock Skew ; Data Delay ;
+--------+-------------------------------------------+--------------------------------------------+---------------------------+---------------------------+--------------+------------+------------+
; -2.156 ; DHT11_Controller:dht11_ctrl|data_temp[16] ; DHT11_Controller:dht11_ctrl|data_valid[22] ; Clock_1MHz:CLK1MHZ|clk_1M ; Clock_1MHz:CLK1MHZ|clk_1M ; 1.000        ; -0.047     ; 3.096      ;
; -2.153 ; DHT11_Controller:dht11_ctrl|data_temp[8]  ; DHT11_Controller:dht11_ctrl|data_valid[22] ; Clock_1MHz:CLK1MHZ|clk_1M ; Clock_1MHz:CLK1MHZ|clk_1M ; 1.000        ; -0.047     ; 3.093      ;
; -2.148 ; DHT11_Controller:dht11_ctrl|data_temp[33] ; DHT11_Controller:dht11_ctrl|data_valid[22] ; Clock_1MHz:CLK1MHZ|clk_1M ; Clock_1MHz:CLK1MHZ|clk_1M ; 1.000        ; -0.046     ; 3.089      ;
; -2.133 ; DHT11_Controller:dht11_ctrl|data_temp[16] ; DHT11_Controller:dht11_ctrl|data_valid[13] ; Clock_1MHz:CLK1MHZ|clk_1M ; Clock_1MHz:CLK1MHZ|clk_1M ; 1.000        ; -0.040     ; 3.080      ;
; -2.132 ; DHT11_Controller:dht11_ctrl|data_temp[32] ; DHT11_Controller:dht11_ctrl|data_valid[22] ; Clock_1MHz:CLK1MHZ|clk_1M ; Clock_1MHz:CLK1MHZ|clk_1M ; 1.000        ; -0.046     ; 3.073      ;
; -2.130 ; DHT11_Controller:dht11_ctrl|data_temp[16] ; DHT11_Controller:dht11_ctrl|data_valid[14] ; Clock_1MHz:CLK1MHZ|clk_1M ; Clock_1MHz:CLK1MHZ|clk_1M ; 1.000        ; -0.040     ; 3.077      ;
; -2.130 ; DHT11_Controller:dht11_ctrl|data_temp[8]  ; DHT11_Controller:dht11_ctrl|data_valid[13] ; Clock_1MHz:CLK1MHZ|clk_1M ; Clock_1MHz:CLK1MHZ|clk_1M ; 1.000        ; -0.040     ; 3.077      ;
; -2.129 ; DHT11_Controller:dht11_ctrl|data_temp[16] ; DHT11_Controller:dht11_ctrl|data_valid[15] ; Clock_1MHz:CLK1MHZ|clk_1M ; Clock_1MHz:CLK1MHZ|clk_1M ; 1.000        ; -0.040     ; 3.076      ;
; -2.127 ; DHT11_Controller:dht11_ctrl|data_temp[8]  ; DHT11_Controller:dht11_ctrl|data_valid[14] ; Clock_1MHz:CLK1MHZ|clk_1M ; Clock_1MHz:CLK1MHZ|clk_1M ; 1.000        ; -0.040     ; 3.074      ;
; -2.126 ; DHT11_Controller:dht11_ctrl|data_temp[8]  ; DHT11_Controller:dht11_ctrl|data_valid[15] ; Clock_1MHz:CLK1MHZ|clk_1M ; Clock_1MHz:CLK1MHZ|clk_1M ; 1.000        ; -0.040     ; 3.073      ;
; -2.125 ; DHT11_Controller:dht11_ctrl|data_temp[33] ; DHT11_Controller:dht11_ctrl|data_valid[13] ; Clock_1MHz:CLK1MHZ|clk_1M ; Clock_1MHz:CLK1MHZ|clk_1M ; 1.000        ; -0.039     ; 3.073      ;
; -2.122 ; DHT11_Controller:dht11_ctrl|data_temp[33] ; DHT11_Controller:dht11_ctrl|data_valid[14] ; Clock_1MHz:CLK1MHZ|clk_1M ; Clock_1MHz:CLK1MHZ|clk_1M ; 1.000        ; -0.039     ; 3.070      ;
; -2.121 ; DHT11_Controller:dht11_ctrl|data_temp[33] ; DHT11_Controller:dht11_ctrl|data_valid[15] ; Clock_1MHz:CLK1MHZ|clk_1M ; Clock_1MHz:CLK1MHZ|clk_1M ; 1.000        ; -0.039     ; 3.069      ;
; -2.109 ; DHT11_Controller:dht11_ctrl|data_temp[32] ; DHT11_Controller:dht11_ctrl|data_valid[13] ; Clock_1MHz:CLK1MHZ|clk_1M ; Clock_1MHz:CLK1MHZ|clk_1M ; 1.000        ; -0.039     ; 3.057      ;
; -2.106 ; DHT11_Controller:dht11_ctrl|data_temp[32] ; DHT11_Controller:dht11_ctrl|data_valid[14] ; Clock_1MHz:CLK1MHZ|clk_1M ; Clock_1MHz:CLK1MHZ|clk_1M ; 1.000        ; -0.039     ; 3.054      ;
; -2.105 ; DHT11_Controller:dht11_ctrl|data_temp[32] ; DHT11_Controller:dht11_ctrl|data_valid[15] ; Clock_1MHz:CLK1MHZ|clk_1M ; Clock_1MHz:CLK1MHZ|clk_1M ; 1.000        ; -0.039     ; 3.053      ;
; -2.085 ; DHT11_Controller:dht11_ctrl|data_temp[35] ; DHT11_Controller:dht11_ctrl|data_valid[22] ; Clock_1MHz:CLK1MHZ|clk_1M ; Clock_1MHz:CLK1MHZ|clk_1M ; 1.000        ; -0.045     ; 3.027      ;
; -2.077 ; DHT11_Controller:dht11_ctrl|data_temp[24] ; DHT11_Controller:dht11_ctrl|data_valid[22] ; Clock_1MHz:CLK1MHZ|clk_1M ; Clock_1MHz:CLK1MHZ|clk_1M ; 1.000        ; -0.046     ; 3.018      ;
; -2.076 ; DHT11_Controller:dht11_ctrl|data_temp[25] ; DHT11_Controller:dht11_ctrl|data_valid[22] ; Clock_1MHz:CLK1MHZ|clk_1M ; Clock_1MHz:CLK1MHZ|clk_1M ; 1.000        ; -0.046     ; 3.017      ;
; -2.063 ; DHT11_Controller:dht11_ctrl|data_temp[18] ; DHT11_Controller:dht11_ctrl|data_valid[22] ; Clock_1MHz:CLK1MHZ|clk_1M ; Clock_1MHz:CLK1MHZ|clk_1M ; 1.000        ; -0.046     ; 3.004      ;
; -2.062 ; DHT11_Controller:dht11_ctrl|data_temp[35] ; DHT11_Controller:dht11_ctrl|data_valid[13] ; Clock_1MHz:CLK1MHZ|clk_1M ; Clock_1MHz:CLK1MHZ|clk_1M ; 1.000        ; -0.038     ; 3.011      ;
; -2.059 ; DHT11_Controller:dht11_ctrl|data_temp[35] ; DHT11_Controller:dht11_ctrl|data_valid[14] ; Clock_1MHz:CLK1MHZ|clk_1M ; Clock_1MHz:CLK1MHZ|clk_1M ; 1.000        ; -0.038     ; 3.008      ;
; -2.058 ; DHT11_Controller:dht11_ctrl|data_temp[35] ; DHT11_Controller:dht11_ctrl|data_valid[15] ; Clock_1MHz:CLK1MHZ|clk_1M ; Clock_1MHz:CLK1MHZ|clk_1M ; 1.000        ; -0.038     ; 3.007      ;
; -2.054 ; DHT11_Controller:dht11_ctrl|data_temp[24] ; DHT11_Controller:dht11_ctrl|data_valid[13] ; Clock_1MHz:CLK1MHZ|clk_1M ; Clock_1MHz:CLK1MHZ|clk_1M ; 1.000        ; -0.039     ; 3.002      ;
; -2.053 ; DHT11_Controller:dht11_ctrl|data_temp[25] ; DHT11_Controller:dht11_ctrl|data_valid[13] ; Clock_1MHz:CLK1MHZ|clk_1M ; Clock_1MHz:CLK1MHZ|clk_1M ; 1.000        ; -0.039     ; 3.001      ;
; -2.051 ; DHT11_Controller:dht11_ctrl|data_temp[24] ; DHT11_Controller:dht11_ctrl|data_valid[14] ; Clock_1MHz:CLK1MHZ|clk_1M ; Clock_1MHz:CLK1MHZ|clk_1M ; 1.000        ; -0.039     ; 2.999      ;
; -2.050 ; DHT11_Controller:dht11_ctrl|data_temp[25] ; DHT11_Controller:dht11_ctrl|data_valid[14] ; Clock_1MHz:CLK1MHZ|clk_1M ; Clock_1MHz:CLK1MHZ|clk_1M ; 1.000        ; -0.039     ; 2.998      ;
; -2.050 ; DHT11_Controller:dht11_ctrl|data_temp[24] ; DHT11_Controller:dht11_ctrl|data_valid[15] ; Clock_1MHz:CLK1MHZ|clk_1M ; Clock_1MHz:CLK1MHZ|clk_1M ; 1.000        ; -0.039     ; 2.998      ;
; -2.049 ; DHT11_Controller:dht11_ctrl|data_temp[25] ; DHT11_Controller:dht11_ctrl|data_valid[15] ; Clock_1MHz:CLK1MHZ|clk_1M ; Clock_1MHz:CLK1MHZ|clk_1M ; 1.000        ; -0.039     ; 2.997      ;
; -2.046 ; DHT11_Controller:dht11_ctrl|data_temp[17] ; DHT11_Controller:dht11_ctrl|data_valid[22] ; Clock_1MHz:CLK1MHZ|clk_1M ; Clock_1MHz:CLK1MHZ|clk_1M ; 1.000        ; -0.047     ; 2.986      ;
; -2.042 ; DHT11_Controller:dht11_ctrl|data_temp[9]  ; DHT11_Controller:dht11_ctrl|data_valid[22] ; Clock_1MHz:CLK1MHZ|clk_1M ; Clock_1MHz:CLK1MHZ|clk_1M ; 1.000        ; -0.047     ; 2.982      ;
; -2.040 ; DHT11_Controller:dht11_ctrl|data_temp[18] ; DHT11_Controller:dht11_ctrl|data_valid[13] ; Clock_1MHz:CLK1MHZ|clk_1M ; Clock_1MHz:CLK1MHZ|clk_1M ; 1.000        ; -0.039     ; 2.988      ;
; -2.037 ; DHT11_Controller:dht11_ctrl|data_temp[18] ; DHT11_Controller:dht11_ctrl|data_valid[14] ; Clock_1MHz:CLK1MHZ|clk_1M ; Clock_1MHz:CLK1MHZ|clk_1M ; 1.000        ; -0.039     ; 2.985      ;
; -2.036 ; DHT11_Controller:dht11_ctrl|data_temp[18] ; DHT11_Controller:dht11_ctrl|data_valid[15] ; Clock_1MHz:CLK1MHZ|clk_1M ; Clock_1MHz:CLK1MHZ|clk_1M ; 1.000        ; -0.039     ; 2.984      ;
; -2.023 ; DHT11_Controller:dht11_ctrl|data_temp[17] ; DHT11_Controller:dht11_ctrl|data_valid[13] ; Clock_1MHz:CLK1MHZ|clk_1M ; Clock_1MHz:CLK1MHZ|clk_1M ; 1.000        ; -0.040     ; 2.970      ;
; -2.020 ; DHT11_Controller:dht11_ctrl|data_temp[17] ; DHT11_Controller:dht11_ctrl|data_valid[14] ; Clock_1MHz:CLK1MHZ|clk_1M ; Clock_1MHz:CLK1MHZ|clk_1M ; 1.000        ; -0.040     ; 2.967      ;
; -2.019 ; DHT11_Controller:dht11_ctrl|data_temp[17] ; DHT11_Controller:dht11_ctrl|data_valid[15] ; Clock_1MHz:CLK1MHZ|clk_1M ; Clock_1MHz:CLK1MHZ|clk_1M ; 1.000        ; -0.040     ; 2.966      ;
; -2.019 ; DHT11_Controller:dht11_ctrl|data_temp[9]  ; DHT11_Controller:dht11_ctrl|data_valid[13] ; Clock_1MHz:CLK1MHZ|clk_1M ; Clock_1MHz:CLK1MHZ|clk_1M ; 1.000        ; -0.040     ; 2.966      ;
; -2.016 ; DHT11_Controller:dht11_ctrl|data_temp[9]  ; DHT11_Controller:dht11_ctrl|data_valid[14] ; Clock_1MHz:CLK1MHZ|clk_1M ; Clock_1MHz:CLK1MHZ|clk_1M ; 1.000        ; -0.040     ; 2.963      ;
; -2.015 ; DHT11_Controller:dht11_ctrl|data_temp[9]  ; DHT11_Controller:dht11_ctrl|data_valid[15] ; Clock_1MHz:CLK1MHZ|clk_1M ; Clock_1MHz:CLK1MHZ|clk_1M ; 1.000        ; -0.040     ; 2.962      ;
; -2.010 ; DHT11_Controller:dht11_ctrl|data_temp[20] ; DHT11_Controller:dht11_ctrl|data_valid[22] ; Clock_1MHz:CLK1MHZ|clk_1M ; Clock_1MHz:CLK1MHZ|clk_1M ; 1.000        ; -0.050     ; 2.947      ;
; -2.008 ; DHT11_Controller:dht11_ctrl|data_temp[27] ; DHT11_Controller:dht11_ctrl|data_valid[22] ; Clock_1MHz:CLK1MHZ|clk_1M ; Clock_1MHz:CLK1MHZ|clk_1M ; 1.000        ; -0.046     ; 2.949      ;
; -1.996 ; DHT11_Controller:dht11_ctrl|data_temp[26] ; DHT11_Controller:dht11_ctrl|data_valid[22] ; Clock_1MHz:CLK1MHZ|clk_1M ; Clock_1MHz:CLK1MHZ|clk_1M ; 1.000        ; -0.046     ; 2.937      ;
; -1.994 ; DHT11_Controller:dht11_ctrl|data_temp[34] ; DHT11_Controller:dht11_ctrl|data_valid[22] ; Clock_1MHz:CLK1MHZ|clk_1M ; Clock_1MHz:CLK1MHZ|clk_1M ; 1.000        ; -0.046     ; 2.935      ;
; -1.987 ; DHT11_Controller:dht11_ctrl|data_temp[20] ; DHT11_Controller:dht11_ctrl|data_valid[13] ; Clock_1MHz:CLK1MHZ|clk_1M ; Clock_1MHz:CLK1MHZ|clk_1M ; 1.000        ; -0.043     ; 2.931      ;
; -1.985 ; DHT11_Controller:dht11_ctrl|data_temp[27] ; DHT11_Controller:dht11_ctrl|data_valid[13] ; Clock_1MHz:CLK1MHZ|clk_1M ; Clock_1MHz:CLK1MHZ|clk_1M ; 1.000        ; -0.039     ; 2.933      ;
; -1.984 ; DHT11_Controller:dht11_ctrl|data_temp[20] ; DHT11_Controller:dht11_ctrl|data_valid[14] ; Clock_1MHz:CLK1MHZ|clk_1M ; Clock_1MHz:CLK1MHZ|clk_1M ; 1.000        ; -0.043     ; 2.928      ;
; -1.983 ; DHT11_Controller:dht11_ctrl|data_temp[20] ; DHT11_Controller:dht11_ctrl|data_valid[15] ; Clock_1MHz:CLK1MHZ|clk_1M ; Clock_1MHz:CLK1MHZ|clk_1M ; 1.000        ; -0.043     ; 2.927      ;
; -1.982 ; DHT11_Controller:dht11_ctrl|data_temp[27] ; DHT11_Controller:dht11_ctrl|data_valid[14] ; Clock_1MHz:CLK1MHZ|clk_1M ; Clock_1MHz:CLK1MHZ|clk_1M ; 1.000        ; -0.039     ; 2.930      ;
; -1.981 ; DHT11_Controller:dht11_ctrl|data_temp[27] ; DHT11_Controller:dht11_ctrl|data_valid[15] ; Clock_1MHz:CLK1MHZ|clk_1M ; Clock_1MHz:CLK1MHZ|clk_1M ; 1.000        ; -0.039     ; 2.929      ;
; -1.973 ; DHT11_Controller:dht11_ctrl|data_temp[26] ; DHT11_Controller:dht11_ctrl|data_valid[13] ; Clock_1MHz:CLK1MHZ|clk_1M ; Clock_1MHz:CLK1MHZ|clk_1M ; 1.000        ; -0.039     ; 2.921      ;
; -1.971 ; DHT11_Controller:dht11_ctrl|data_temp[34] ; DHT11_Controller:dht11_ctrl|data_valid[13] ; Clock_1MHz:CLK1MHZ|clk_1M ; Clock_1MHz:CLK1MHZ|clk_1M ; 1.000        ; -0.039     ; 2.919      ;
; -1.970 ; DHT11_Controller:dht11_ctrl|data_temp[26] ; DHT11_Controller:dht11_ctrl|data_valid[14] ; Clock_1MHz:CLK1MHZ|clk_1M ; Clock_1MHz:CLK1MHZ|clk_1M ; 1.000        ; -0.039     ; 2.918      ;
; -1.969 ; DHT11_Controller:dht11_ctrl|data_temp[26] ; DHT11_Controller:dht11_ctrl|data_valid[15] ; Clock_1MHz:CLK1MHZ|clk_1M ; Clock_1MHz:CLK1MHZ|clk_1M ; 1.000        ; -0.039     ; 2.917      ;
; -1.968 ; DHT11_Controller:dht11_ctrl|data_temp[34] ; DHT11_Controller:dht11_ctrl|data_valid[14] ; Clock_1MHz:CLK1MHZ|clk_1M ; Clock_1MHz:CLK1MHZ|clk_1M ; 1.000        ; -0.039     ; 2.916      ;
; -1.967 ; DHT11_Controller:dht11_ctrl|data_temp[34] ; DHT11_Controller:dht11_ctrl|data_valid[15] ; Clock_1MHz:CLK1MHZ|clk_1M ; Clock_1MHz:CLK1MHZ|clk_1M ; 1.000        ; -0.039     ; 2.915      ;
; -1.959 ; DHT11_Controller:dht11_ctrl|data_temp[11] ; DHT11_Controller:dht11_ctrl|data_valid[22] ; Clock_1MHz:CLK1MHZ|clk_1M ; Clock_1MHz:CLK1MHZ|clk_1M ; 1.000        ; -0.047     ; 2.899      ;
; -1.936 ; DHT11_Controller:dht11_ctrl|data_temp[11] ; DHT11_Controller:dht11_ctrl|data_valid[13] ; Clock_1MHz:CLK1MHZ|clk_1M ; Clock_1MHz:CLK1MHZ|clk_1M ; 1.000        ; -0.040     ; 2.883      ;
; -1.933 ; DHT11_Controller:dht11_ctrl|data_temp[11] ; DHT11_Controller:dht11_ctrl|data_valid[14] ; Clock_1MHz:CLK1MHZ|clk_1M ; Clock_1MHz:CLK1MHZ|clk_1M ; 1.000        ; -0.040     ; 2.880      ;
; -1.932 ; DHT11_Controller:dht11_ctrl|data_temp[11] ; DHT11_Controller:dht11_ctrl|data_valid[15] ; Clock_1MHz:CLK1MHZ|clk_1M ; Clock_1MHz:CLK1MHZ|clk_1M ; 1.000        ; -0.040     ; 2.879      ;
; -1.929 ; DHT11_Controller:dht11_ctrl|data_temp[37] ; DHT11_Controller:dht11_ctrl|data_valid[22] ; Clock_1MHz:CLK1MHZ|clk_1M ; Clock_1MHz:CLK1MHZ|clk_1M ; 1.000        ; -0.046     ; 2.870      ;
; -1.927 ; DHT11_Controller:dht11_ctrl|data_temp[28] ; DHT11_Controller:dht11_ctrl|data_valid[22] ; Clock_1MHz:CLK1MHZ|clk_1M ; Clock_1MHz:CLK1MHZ|clk_1M ; 1.000        ; -0.046     ; 2.868      ;
; -1.926 ; DHT11_Controller:dht11_ctrl|data_temp[29] ; DHT11_Controller:dht11_ctrl|data_valid[22] ; Clock_1MHz:CLK1MHZ|clk_1M ; Clock_1MHz:CLK1MHZ|clk_1M ; 1.000        ; -0.046     ; 2.867      ;
; -1.926 ; DHT11_Controller:dht11_ctrl|data_temp[36] ; DHT11_Controller:dht11_ctrl|data_valid[22] ; Clock_1MHz:CLK1MHZ|clk_1M ; Clock_1MHz:CLK1MHZ|clk_1M ; 1.000        ; -0.046     ; 2.867      ;
; -1.906 ; DHT11_Controller:dht11_ctrl|data_temp[37] ; DHT11_Controller:dht11_ctrl|data_valid[13] ; Clock_1MHz:CLK1MHZ|clk_1M ; Clock_1MHz:CLK1MHZ|clk_1M ; 1.000        ; -0.039     ; 2.854      ;
; -1.904 ; DHT11_Controller:dht11_ctrl|data_temp[28] ; DHT11_Controller:dht11_ctrl|data_valid[13] ; Clock_1MHz:CLK1MHZ|clk_1M ; Clock_1MHz:CLK1MHZ|clk_1M ; 1.000        ; -0.039     ; 2.852      ;
; -1.903 ; DHT11_Controller:dht11_ctrl|data_temp[29] ; DHT11_Controller:dht11_ctrl|data_valid[13] ; Clock_1MHz:CLK1MHZ|clk_1M ; Clock_1MHz:CLK1MHZ|clk_1M ; 1.000        ; -0.039     ; 2.851      ;
; -1.903 ; DHT11_Controller:dht11_ctrl|data_temp[36] ; DHT11_Controller:dht11_ctrl|data_valid[13] ; Clock_1MHz:CLK1MHZ|clk_1M ; Clock_1MHz:CLK1MHZ|clk_1M ; 1.000        ; -0.039     ; 2.851      ;
; -1.903 ; DHT11_Controller:dht11_ctrl|data_temp[37] ; DHT11_Controller:dht11_ctrl|data_valid[14] ; Clock_1MHz:CLK1MHZ|clk_1M ; Clock_1MHz:CLK1MHZ|clk_1M ; 1.000        ; -0.039     ; 2.851      ;
; -1.902 ; DHT11_Controller:dht11_ctrl|data_temp[37] ; DHT11_Controller:dht11_ctrl|data_valid[15] ; Clock_1MHz:CLK1MHZ|clk_1M ; Clock_1MHz:CLK1MHZ|clk_1M ; 1.000        ; -0.039     ; 2.850      ;
; -1.901 ; DHT11_Controller:dht11_ctrl|data_temp[28] ; DHT11_Controller:dht11_ctrl|data_valid[14] ; Clock_1MHz:CLK1MHZ|clk_1M ; Clock_1MHz:CLK1MHZ|clk_1M ; 1.000        ; -0.039     ; 2.849      ;
; -1.900 ; DHT11_Controller:dht11_ctrl|data_temp[29] ; DHT11_Controller:dht11_ctrl|data_valid[14] ; Clock_1MHz:CLK1MHZ|clk_1M ; Clock_1MHz:CLK1MHZ|clk_1M ; 1.000        ; -0.039     ; 2.848      ;
; -1.900 ; DHT11_Controller:dht11_ctrl|data_temp[36] ; DHT11_Controller:dht11_ctrl|data_valid[14] ; Clock_1MHz:CLK1MHZ|clk_1M ; Clock_1MHz:CLK1MHZ|clk_1M ; 1.000        ; -0.039     ; 2.848      ;
; -1.900 ; DHT11_Controller:dht11_ctrl|data_temp[28] ; DHT11_Controller:dht11_ctrl|data_valid[15] ; Clock_1MHz:CLK1MHZ|clk_1M ; Clock_1MHz:CLK1MHZ|clk_1M ; 1.000        ; -0.039     ; 2.848      ;
; -1.899 ; DHT11_Controller:dht11_ctrl|data_temp[29] ; DHT11_Controller:dht11_ctrl|data_valid[15] ; Clock_1MHz:CLK1MHZ|clk_1M ; Clock_1MHz:CLK1MHZ|clk_1M ; 1.000        ; -0.039     ; 2.847      ;
; -1.899 ; DHT11_Controller:dht11_ctrl|data_temp[36] ; DHT11_Controller:dht11_ctrl|data_valid[15] ; Clock_1MHz:CLK1MHZ|clk_1M ; Clock_1MHz:CLK1MHZ|clk_1M ; 1.000        ; -0.039     ; 2.847      ;
; -1.878 ; DHT11_Controller:dht11_ctrl|data_temp[19] ; DHT11_Controller:dht11_ctrl|data_valid[22] ; Clock_1MHz:CLK1MHZ|clk_1M ; Clock_1MHz:CLK1MHZ|clk_1M ; 1.000        ; -0.047     ; 2.818      ;
; -1.877 ; DHT11_Controller:dht11_ctrl|data_temp[16] ; DHT11_Controller:dht11_ctrl|data_valid[5]  ; Clock_1MHz:CLK1MHZ|clk_1M ; Clock_1MHz:CLK1MHZ|clk_1M ; 1.000        ; -0.050     ; 2.814      ;
; -1.877 ; DHT11_Controller:dht11_ctrl|data_temp[16] ; DHT11_Controller:dht11_ctrl|data_valid[6]  ; Clock_1MHz:CLK1MHZ|clk_1M ; Clock_1MHz:CLK1MHZ|clk_1M ; 1.000        ; -0.050     ; 2.814      ;
; -1.874 ; DHT11_Controller:dht11_ctrl|data_temp[8]  ; DHT11_Controller:dht11_ctrl|data_valid[5]  ; Clock_1MHz:CLK1MHZ|clk_1M ; Clock_1MHz:CLK1MHZ|clk_1M ; 1.000        ; -0.050     ; 2.811      ;
; -1.874 ; DHT11_Controller:dht11_ctrl|data_temp[8]  ; DHT11_Controller:dht11_ctrl|data_valid[6]  ; Clock_1MHz:CLK1MHZ|clk_1M ; Clock_1MHz:CLK1MHZ|clk_1M ; 1.000        ; -0.050     ; 2.811      ;
; -1.869 ; DHT11_Controller:dht11_ctrl|data_temp[33] ; DHT11_Controller:dht11_ctrl|data_valid[5]  ; Clock_1MHz:CLK1MHZ|clk_1M ; Clock_1MHz:CLK1MHZ|clk_1M ; 1.000        ; -0.049     ; 2.807      ;
; -1.869 ; DHT11_Controller:dht11_ctrl|data_temp[33] ; DHT11_Controller:dht11_ctrl|data_valid[6]  ; Clock_1MHz:CLK1MHZ|clk_1M ; Clock_1MHz:CLK1MHZ|clk_1M ; 1.000        ; -0.049     ; 2.807      ;
; -1.855 ; DHT11_Controller:dht11_ctrl|data_temp[19] ; DHT11_Controller:dht11_ctrl|data_valid[13] ; Clock_1MHz:CLK1MHZ|clk_1M ; Clock_1MHz:CLK1MHZ|clk_1M ; 1.000        ; -0.040     ; 2.802      ;
; -1.853 ; DHT11_Controller:dht11_ctrl|data_temp[32] ; DHT11_Controller:dht11_ctrl|data_valid[5]  ; Clock_1MHz:CLK1MHZ|clk_1M ; Clock_1MHz:CLK1MHZ|clk_1M ; 1.000        ; -0.049     ; 2.791      ;
; -1.853 ; DHT11_Controller:dht11_ctrl|data_temp[32] ; DHT11_Controller:dht11_ctrl|data_valid[6]  ; Clock_1MHz:CLK1MHZ|clk_1M ; Clock_1MHz:CLK1MHZ|clk_1M ; 1.000        ; -0.049     ; 2.791      ;
; -1.852 ; DHT11_Controller:dht11_ctrl|data_temp[19] ; DHT11_Controller:dht11_ctrl|data_valid[14] ; Clock_1MHz:CLK1MHZ|clk_1M ; Clock_1MHz:CLK1MHZ|clk_1M ; 1.000        ; -0.040     ; 2.799      ;
; -1.851 ; DHT11_Controller:dht11_ctrl|data_temp[10] ; DHT11_Controller:dht11_ctrl|data_valid[22] ; Clock_1MHz:CLK1MHZ|clk_1M ; Clock_1MHz:CLK1MHZ|clk_1M ; 1.000        ; -0.047     ; 2.791      ;
; -1.851 ; DHT11_Controller:dht11_ctrl|data_temp[19] ; DHT11_Controller:dht11_ctrl|data_valid[15] ; Clock_1MHz:CLK1MHZ|clk_1M ; Clock_1MHz:CLK1MHZ|clk_1M ; 1.000        ; -0.040     ; 2.798      ;
; -1.846 ; DHT11_Controller:dht11_ctrl|data_temp[16] ; DHT11_Controller:dht11_ctrl|data_valid[23] ; Clock_1MHz:CLK1MHZ|clk_1M ; Clock_1MHz:CLK1MHZ|clk_1M ; 1.000        ; -0.047     ; 2.786      ;
; -1.846 ; DHT11_Controller:dht11_ctrl|data_temp[38] ; DHT11_Controller:dht11_ctrl|data_valid[22] ; Clock_1MHz:CLK1MHZ|clk_1M ; Clock_1MHz:CLK1MHZ|clk_1M ; 1.000        ; -0.041     ; 2.792      ;
; -1.844 ; DHT11_Controller:dht11_ctrl|data_temp[16] ; DHT11_Controller:dht11_ctrl|data_valid[19] ; Clock_1MHz:CLK1MHZ|clk_1M ; Clock_1MHz:CLK1MHZ|clk_1M ; 1.000        ; -0.047     ; 2.784      ;
; -1.843 ; DHT11_Controller:dht11_ctrl|data_temp[16] ; DHT11_Controller:dht11_ctrl|data_valid[21] ; Clock_1MHz:CLK1MHZ|clk_1M ; Clock_1MHz:CLK1MHZ|clk_1M ; 1.000        ; -0.047     ; 2.783      ;
; -1.843 ; DHT11_Controller:dht11_ctrl|data_temp[8]  ; DHT11_Controller:dht11_ctrl|data_valid[23] ; Clock_1MHz:CLK1MHZ|clk_1M ; Clock_1MHz:CLK1MHZ|clk_1M ; 1.000        ; -0.047     ; 2.783      ;
; -1.841 ; DHT11_Controller:dht11_ctrl|data_temp[16] ; DHT11_Controller:dht11_ctrl|data_valid[24] ; Clock_1MHz:CLK1MHZ|clk_1M ; Clock_1MHz:CLK1MHZ|clk_1M ; 1.000        ; -0.047     ; 2.781      ;
; -1.841 ; DHT11_Controller:dht11_ctrl|data_temp[8]  ; DHT11_Controller:dht11_ctrl|data_valid[19] ; Clock_1MHz:CLK1MHZ|clk_1M ; Clock_1MHz:CLK1MHZ|clk_1M ; 1.000        ; -0.047     ; 2.781      ;
; -1.840 ; DHT11_Controller:dht11_ctrl|data_temp[16] ; DHT11_Controller:dht11_ctrl|data_valid[20] ; Clock_1MHz:CLK1MHZ|clk_1M ; Clock_1MHz:CLK1MHZ|clk_1M ; 1.000        ; -0.047     ; 2.780      ;
; -1.840 ; DHT11_Controller:dht11_ctrl|data_temp[8]  ; DHT11_Controller:dht11_ctrl|data_valid[21] ; Clock_1MHz:CLK1MHZ|clk_1M ; Clock_1MHz:CLK1MHZ|clk_1M ; 1.000        ; -0.047     ; 2.780      ;
; -1.838 ; DHT11_Controller:dht11_ctrl|data_temp[33] ; DHT11_Controller:dht11_ctrl|data_valid[23] ; Clock_1MHz:CLK1MHZ|clk_1M ; Clock_1MHz:CLK1MHZ|clk_1M ; 1.000        ; -0.046     ; 2.779      ;
; -1.838 ; DHT11_Controller:dht11_ctrl|data_temp[8]  ; DHT11_Controller:dht11_ctrl|data_valid[24] ; Clock_1MHz:CLK1MHZ|clk_1M ; Clock_1MHz:CLK1MHZ|clk_1M ; 1.000        ; -0.047     ; 2.778      ;
+--------+-------------------------------------------+--------------------------------------------+---------------------------+---------------------------+--------------+------------+------------+


+------------------------------------------------------------------------------------------------------------------------------------------------------------------------------------+
; Fast 1200mV 0C Model Hold: 'clk'                                                                                                                                                   ;
+--------+--------------------------------------------+-------------------------------------------+---------------------------+-------------+--------------+------------+------------+
; Slack  ; From Node                                  ; To Node                                   ; Launch Clock              ; Latch Clock ; Relationship ; Clock Skew ; Data Delay ;
+--------+--------------------------------------------+-------------------------------------------+---------------------------+-------------+--------------+------------+------------+
; -0.180 ; Clock_1MHz:CLK1MHZ|clk_1M                  ; Clock_1MHz:CLK1MHZ|clk_1M                 ; Clock_1MHz:CLK1MHZ|clk_1M ; clk         ; 0.000        ; 1.252      ; 1.291      ;
; 0.178  ; LCD_Controller:lcd_ctrl|lcd_db[7]          ; LCD_Controller:lcd_ctrl|lcd_db[7]         ; clk                       ; clk         ; 0.000        ; 0.045      ; 0.307      ;
; 0.178  ; LCD_Controller:lcd_ctrl|lcd_rs             ; LCD_Controller:lcd_ctrl|lcd_rs            ; clk                       ; clk         ; 0.000        ; 0.045      ; 0.307      ;
; 0.187  ; LCD_Controller:lcd_ctrl|lcd_db[6]          ; LCD_Controller:lcd_ctrl|lcd_db[6]         ; clk                       ; clk         ; 0.000        ; 0.036      ; 0.307      ;
; 0.192  ; LCD_Controller:lcd_ctrl|state.000011       ; LCD_Controller:lcd_ctrl|state.000100      ; clk                       ; clk         ; 0.000        ; 0.037      ; 0.313      ;
; 0.194  ; LCD_Controller:lcd_ctrl|state.000001       ; LCD_Controller:lcd_ctrl|state.000010      ; clk                       ; clk         ; 0.000        ; 0.037      ; 0.315      ;
; 0.209  ; LCD_Controller:lcd_ctrl|counter[21]        ; LCD_Controller:lcd_ctrl|counter[21]       ; clk                       ; clk         ; 0.000        ; 0.036      ; 0.329      ;
; 0.212  ; LCD_Controller:lcd_ctrl|state.000010       ; LCD_Controller:lcd_ctrl|state.000011      ; clk                       ; clk         ; 0.000        ; 0.037      ; 0.333      ;
; 0.274  ; LCD_Controller:lcd_ctrl|state.000000       ; LCD_Controller:lcd_ctrl|state.000001      ; clk                       ; clk         ; 0.000        ; 0.037      ; 0.395      ;
; 0.277  ; LCD_Controller:lcd_ctrl|state.000110       ; LCD_Controller:lcd_ctrl|state.000111      ; clk                       ; clk         ; 0.000        ; 0.037      ; 0.398      ;
; 0.285  ; LCD_Controller:lcd_ctrl|state.000100       ; LCD_Controller:lcd_ctrl|state.000101      ; clk                       ; clk         ; 0.000        ; 0.037      ; 0.406      ;
; 0.292  ; LCD_Controller:lcd_ctrl|counter[10]        ; LCD_Controller:lcd_ctrl|counter[10]       ; clk                       ; clk         ; 0.000        ; 0.037      ; 0.413      ;
; 0.292  ; LCD_Controller:lcd_ctrl|counter[1]         ; LCD_Controller:lcd_ctrl|counter[1]        ; clk                       ; clk         ; 0.000        ; 0.037      ; 0.413      ;
; 0.293  ; LCD_Controller:lcd_ctrl|counter[9]         ; LCD_Controller:lcd_ctrl|counter[9]        ; clk                       ; clk         ; 0.000        ; 0.037      ; 0.414      ;
; 0.293  ; LCD_Controller:lcd_ctrl|counter[8]         ; LCD_Controller:lcd_ctrl|counter[8]        ; clk                       ; clk         ; 0.000        ; 0.037      ; 0.414      ;
; 0.293  ; LCD_Controller:lcd_ctrl|counter[3]         ; LCD_Controller:lcd_ctrl|counter[3]        ; clk                       ; clk         ; 0.000        ; 0.037      ; 0.414      ;
; 0.294  ; LCD_Controller:lcd_ctrl|counter[17]        ; LCD_Controller:lcd_ctrl|counter[17]       ; clk                       ; clk         ; 0.000        ; 0.036      ; 0.414      ;
; 0.294  ; LCD_Controller:lcd_ctrl|counter[11]        ; LCD_Controller:lcd_ctrl|counter[11]       ; clk                       ; clk         ; 0.000        ; 0.036      ; 0.414      ;
; 0.294  ; LCD_Controller:lcd_ctrl|counter[7]         ; LCD_Controller:lcd_ctrl|counter[7]        ; clk                       ; clk         ; 0.000        ; 0.037      ; 0.415      ;
; 0.294  ; LCD_Controller:lcd_ctrl|counter[6]         ; LCD_Controller:lcd_ctrl|counter[6]        ; clk                       ; clk         ; 0.000        ; 0.037      ; 0.415      ;
; 0.294  ; LCD_Controller:lcd_ctrl|counter[5]         ; LCD_Controller:lcd_ctrl|counter[5]        ; clk                       ; clk         ; 0.000        ; 0.037      ; 0.415      ;
; 0.294  ; LCD_Controller:lcd_ctrl|counter[2]         ; LCD_Controller:lcd_ctrl|counter[2]        ; clk                       ; clk         ; 0.000        ; 0.037      ; 0.415      ;
; 0.294  ; Clock_1MHz:CLK1MHZ|clk_cnt[1]              ; Clock_1MHz:CLK1MHZ|clk_cnt[1]             ; clk                       ; clk         ; 0.000        ; 0.037      ; 0.415      ;
; 0.294  ; Clock_1MHz:CLK1MHZ|clk_cnt[2]              ; Clock_1MHz:CLK1MHZ|clk_cnt[2]             ; clk                       ; clk         ; 0.000        ; 0.037      ; 0.415      ;
; 0.295  ; LCD_Controller:lcd_ctrl|counter[19]        ; LCD_Controller:lcd_ctrl|counter[19]       ; clk                       ; clk         ; 0.000        ; 0.036      ; 0.415      ;
; 0.295  ; LCD_Controller:lcd_ctrl|counter[16]        ; LCD_Controller:lcd_ctrl|counter[16]       ; clk                       ; clk         ; 0.000        ; 0.036      ; 0.415      ;
; 0.295  ; LCD_Controller:lcd_ctrl|counter[15]        ; LCD_Controller:lcd_ctrl|counter[15]       ; clk                       ; clk         ; 0.000        ; 0.036      ; 0.415      ;
; 0.295  ; LCD_Controller:lcd_ctrl|counter[14]        ; LCD_Controller:lcd_ctrl|counter[14]       ; clk                       ; clk         ; 0.000        ; 0.036      ; 0.415      ;
; 0.295  ; LCD_Controller:lcd_ctrl|counter[13]        ; LCD_Controller:lcd_ctrl|counter[13]       ; clk                       ; clk         ; 0.000        ; 0.036      ; 0.415      ;
; 0.295  ; LCD_Controller:lcd_ctrl|counter[12]        ; LCD_Controller:lcd_ctrl|counter[12]       ; clk                       ; clk         ; 0.000        ; 0.036      ; 0.415      ;
; 0.295  ; LCD_Controller:lcd_ctrl|counter[4]         ; LCD_Controller:lcd_ctrl|counter[4]        ; clk                       ; clk         ; 0.000        ; 0.037      ; 0.416      ;
; 0.296  ; LCD_Controller:lcd_ctrl|char_index[4]      ; LCD_Controller:lcd_ctrl|char_index[4]     ; clk                       ; clk         ; 0.000        ; 0.036      ; 0.416      ;
; 0.296  ; LCD_Controller:lcd_ctrl|counter[20]        ; LCD_Controller:lcd_ctrl|counter[20]       ; clk                       ; clk         ; 0.000        ; 0.036      ; 0.416      ;
; 0.296  ; LCD_Controller:lcd_ctrl|counter[18]        ; LCD_Controller:lcd_ctrl|counter[18]       ; clk                       ; clk         ; 0.000        ; 0.036      ; 0.416      ;
; 0.301  ; Clock_1MHz:CLK1MHZ|clk_cnt[4]              ; Clock_1MHz:CLK1MHZ|clk_cnt[4]             ; clk                       ; clk         ; 0.000        ; 0.037      ; 0.422      ;
; 0.302  ; LCD_Controller:lcd_ctrl|counter[0]         ; LCD_Controller:lcd_ctrl|counter[0]        ; clk                       ; clk         ; 0.000        ; 0.037      ; 0.423      ;
; 0.303  ; Clock_1MHz:CLK1MHZ|clk_cnt[0]              ; Clock_1MHz:CLK1MHZ|clk_cnt[0]             ; clk                       ; clk         ; 0.000        ; 0.037      ; 0.424      ;
; 0.308  ; Clock_1MHz:CLK1MHZ|clk_cnt[3]              ; Clock_1MHz:CLK1MHZ|clk_cnt[3]             ; clk                       ; clk         ; 0.000        ; 0.037      ; 0.429      ;
; 0.332  ; LCD_Controller:lcd_ctrl|state.001000       ; LCD_Controller:lcd_ctrl|lcd_db[2]         ; clk                       ; clk         ; 0.000        ; 0.037      ; 0.453      ;
; 0.335  ; LCD_Controller:lcd_ctrl|state.000000       ; LCD_Controller:lcd_ctrl|lcd_rs            ; clk                       ; clk         ; 0.000        ; 0.250      ; 0.669      ;
; 0.336  ; LCD_Controller:lcd_ctrl|state.000101       ; LCD_Controller:lcd_ctrl|state.000110      ; clk                       ; clk         ; 0.000        ; 0.037      ; 0.457      ;
; 0.346  ; LCD_Controller:lcd_ctrl|char_index[2]      ; LCD_Controller:lcd_ctrl|char_index[2]     ; clk                       ; clk         ; 0.000        ; 0.036      ; 0.466      ;
; 0.347  ; DHT11_Controller:dht11_ctrl|data_valid[24] ; LCD_Controller:lcd_ctrl|char_array[25][0] ; Clock_1MHz:CLK1MHZ|clk_1M ; clk         ; 0.000        ; -0.136     ; 0.325      ;
; 0.352  ; LCD_Controller:lcd_ctrl|char_index[1]      ; LCD_Controller:lcd_ctrl|char_index[1]     ; clk                       ; clk         ; 0.000        ; 0.036      ; 0.472      ;
; 0.355  ; DHT11_Controller:dht11_ctrl|data_valid[17] ; LCD_Controller:lcd_ctrl|char_array[28][1] ; Clock_1MHz:CLK1MHZ|clk_1M ; clk         ; 0.000        ; 0.044      ; 0.513      ;
; 0.365  ; LCD_Controller:lcd_ctrl|state.000010       ; LCD_Controller:lcd_ctrl|lcd_db[2]         ; clk                       ; clk         ; 0.000        ; 0.037      ; 0.486      ;
; 0.366  ; LCD_Controller:lcd_ctrl|state.000010       ; LCD_Controller:lcd_ctrl|lcd_db[5]         ; clk                       ; clk         ; 0.000        ; 0.221      ; 0.671      ;
; 0.368  ; LCD_Controller:lcd_ctrl|counter[21]        ; LCD_Controller:lcd_ctrl|counter[20]       ; clk                       ; clk         ; 0.000        ; 0.036      ; 0.488      ;
; 0.368  ; LCD_Controller:lcd_ctrl|counter[21]        ; LCD_Controller:lcd_ctrl|counter[19]       ; clk                       ; clk         ; 0.000        ; 0.036      ; 0.488      ;
; 0.368  ; LCD_Controller:lcd_ctrl|counter[21]        ; LCD_Controller:lcd_ctrl|counter[18]       ; clk                       ; clk         ; 0.000        ; 0.036      ; 0.488      ;
; 0.368  ; LCD_Controller:lcd_ctrl|counter[21]        ; LCD_Controller:lcd_ctrl|counter[17]       ; clk                       ; clk         ; 0.000        ; 0.036      ; 0.488      ;
; 0.368  ; LCD_Controller:lcd_ctrl|counter[21]        ; LCD_Controller:lcd_ctrl|counter[16]       ; clk                       ; clk         ; 0.000        ; 0.036      ; 0.488      ;
; 0.368  ; LCD_Controller:lcd_ctrl|counter[21]        ; LCD_Controller:lcd_ctrl|counter[15]       ; clk                       ; clk         ; 0.000        ; 0.036      ; 0.488      ;
; 0.368  ; LCD_Controller:lcd_ctrl|counter[21]        ; LCD_Controller:lcd_ctrl|counter[14]       ; clk                       ; clk         ; 0.000        ; 0.036      ; 0.488      ;
; 0.368  ; LCD_Controller:lcd_ctrl|counter[21]        ; LCD_Controller:lcd_ctrl|counter[13]       ; clk                       ; clk         ; 0.000        ; 0.036      ; 0.488      ;
; 0.368  ; LCD_Controller:lcd_ctrl|counter[21]        ; LCD_Controller:lcd_ctrl|counter[12]       ; clk                       ; clk         ; 0.000        ; 0.036      ; 0.488      ;
; 0.368  ; LCD_Controller:lcd_ctrl|counter[21]        ; LCD_Controller:lcd_ctrl|counter[11]       ; clk                       ; clk         ; 0.000        ; 0.036      ; 0.488      ;
; 0.385  ; LCD_Controller:lcd_ctrl|state.000111       ; LCD_Controller:lcd_ctrl|state.001000      ; clk                       ; clk         ; 0.000        ; 0.037      ; 0.506      ;
; 0.386  ; LCD_Controller:lcd_ctrl|state.001001       ; LCD_Controller:lcd_ctrl|state.001000      ; clk                       ; clk         ; 0.000        ; 0.036      ; 0.506      ;
; 0.393  ; LCD_Controller:lcd_ctrl|state.001000       ; LCD_Controller:lcd_ctrl|state.001001      ; clk                       ; clk         ; 0.000        ; 0.037      ; 0.514      ;
; 0.417  ; DHT11_Controller:dht11_ctrl|data_valid[16] ; LCD_Controller:lcd_ctrl|char_array[28][0] ; Clock_1MHz:CLK1MHZ|clk_1M ; clk         ; 0.000        ; -0.142     ; 0.389      ;
; 0.419  ; Clock_1MHz:CLK1MHZ|clk_1M                  ; Clock_1MHz:CLK1MHZ|clk_1M                 ; Clock_1MHz:CLK1MHZ|clk_1M ; clk         ; -0.500       ; 1.252      ; 1.390      ;
; 0.421  ; LCD_Controller:lcd_ctrl|char_index[0]      ; LCD_Controller:lcd_ctrl|lcd_db[1]         ; clk                       ; clk         ; 0.000        ; 0.246      ; 0.751      ;
; 0.423  ; LCD_Controller:lcd_ctrl|state.000100       ; LCD_Controller:lcd_ctrl|lcd_db[1]         ; clk                       ; clk         ; 0.000        ; 0.250      ; 0.757      ;
; 0.424  ; LCD_Controller:lcd_ctrl|state.001000       ; LCD_Controller:lcd_ctrl|lcd_db[7]         ; clk                       ; clk         ; 0.000        ; 0.250      ; 0.758      ;
; 0.424  ; LCD_Controller:lcd_ctrl|state.000100       ; LCD_Controller:lcd_ctrl|lcd_db[5]         ; clk                       ; clk         ; 0.000        ; 0.221      ; 0.729      ;
; 0.425  ; LCD_Controller:lcd_ctrl|state.000100       ; LCD_Controller:lcd_ctrl|lcd_db[2]         ; clk                       ; clk         ; 0.000        ; 0.037      ; 0.546      ;
; 0.441  ; LCD_Controller:lcd_ctrl|counter[1]         ; LCD_Controller:lcd_ctrl|counter[2]        ; clk                       ; clk         ; 0.000        ; 0.037      ; 0.562      ;
; 0.442  ; LCD_Controller:lcd_ctrl|counter[9]         ; LCD_Controller:lcd_ctrl|counter[10]       ; clk                       ; clk         ; 0.000        ; 0.037      ; 0.563      ;
; 0.442  ; LCD_Controller:lcd_ctrl|counter[3]         ; LCD_Controller:lcd_ctrl|counter[4]        ; clk                       ; clk         ; 0.000        ; 0.037      ; 0.563      ;
; 0.443  ; LCD_Controller:lcd_ctrl|counter[7]         ; LCD_Controller:lcd_ctrl|counter[8]        ; clk                       ; clk         ; 0.000        ; 0.037      ; 0.564      ;
; 0.443  ; LCD_Controller:lcd_ctrl|counter[5]         ; LCD_Controller:lcd_ctrl|counter[6]        ; clk                       ; clk         ; 0.000        ; 0.037      ; 0.564      ;
; 0.443  ; Clock_1MHz:CLK1MHZ|clk_cnt[1]              ; Clock_1MHz:CLK1MHZ|clk_cnt[2]             ; clk                       ; clk         ; 0.000        ; 0.037      ; 0.564      ;
; 0.443  ; LCD_Controller:lcd_ctrl|counter[11]        ; LCD_Controller:lcd_ctrl|counter[12]       ; clk                       ; clk         ; 0.000        ; 0.036      ; 0.563      ;
; 0.443  ; LCD_Controller:lcd_ctrl|counter[17]        ; LCD_Controller:lcd_ctrl|counter[18]       ; clk                       ; clk         ; 0.000        ; 0.036      ; 0.563      ;
; 0.444  ; LCD_Controller:lcd_ctrl|counter[15]        ; LCD_Controller:lcd_ctrl|counter[16]       ; clk                       ; clk         ; 0.000        ; 0.036      ; 0.564      ;
; 0.444  ; LCD_Controller:lcd_ctrl|counter[13]        ; LCD_Controller:lcd_ctrl|counter[14]       ; clk                       ; clk         ; 0.000        ; 0.036      ; 0.564      ;
; 0.444  ; LCD_Controller:lcd_ctrl|counter[19]        ; LCD_Controller:lcd_ctrl|counter[20]       ; clk                       ; clk         ; 0.000        ; 0.036      ; 0.564      ;
; 0.448  ; LCD_Controller:lcd_ctrl|state.001000       ; LCD_Controller:lcd_ctrl|lcd_db[1]         ; clk                       ; clk         ; 0.000        ; 0.250      ; 0.782      ;
; 0.449  ; LCD_Controller:lcd_ctrl|counter[10]        ; LCD_Controller:lcd_ctrl|counter[11]       ; clk                       ; clk         ; 0.000        ; 0.038      ; 0.571      ;
; 0.451  ; LCD_Controller:lcd_ctrl|counter[0]         ; LCD_Controller:lcd_ctrl|counter[1]        ; clk                       ; clk         ; 0.000        ; 0.037      ; 0.572      ;
; 0.451  ; LCD_Controller:lcd_ctrl|counter[8]         ; LCD_Controller:lcd_ctrl|counter[9]        ; clk                       ; clk         ; 0.000        ; 0.037      ; 0.572      ;
; 0.451  ; LCD_Controller:lcd_ctrl|lcd_db[1]          ; LCD_Controller:lcd_ctrl|lcd_db[1]         ; clk                       ; clk         ; 0.000        ; 0.045      ; 0.580      ;
; 0.452  ; LCD_Controller:lcd_ctrl|counter[2]         ; LCD_Controller:lcd_ctrl|counter[3]        ; clk                       ; clk         ; 0.000        ; 0.037      ; 0.573      ;
; 0.452  ; LCD_Controller:lcd_ctrl|counter[6]         ; LCD_Controller:lcd_ctrl|counter[7]        ; clk                       ; clk         ; 0.000        ; 0.037      ; 0.573      ;
; 0.452  ; Clock_1MHz:CLK1MHZ|clk_cnt[0]              ; Clock_1MHz:CLK1MHZ|clk_cnt[1]             ; clk                       ; clk         ; 0.000        ; 0.037      ; 0.573      ;
; 0.452  ; Clock_1MHz:CLK1MHZ|clk_cnt[2]              ; Clock_1MHz:CLK1MHZ|clk_cnt[3]             ; clk                       ; clk         ; 0.000        ; 0.037      ; 0.573      ;
; 0.452  ; LCD_Controller:lcd_ctrl|counter[10]        ; LCD_Controller:lcd_ctrl|counter[12]       ; clk                       ; clk         ; 0.000        ; 0.038      ; 0.574      ;
; 0.453  ; LCD_Controller:lcd_ctrl|counter[16]        ; LCD_Controller:lcd_ctrl|counter[17]       ; clk                       ; clk         ; 0.000        ; 0.036      ; 0.573      ;
; 0.453  ; LCD_Controller:lcd_ctrl|counter[4]         ; LCD_Controller:lcd_ctrl|counter[5]        ; clk                       ; clk         ; 0.000        ; 0.037      ; 0.574      ;
; 0.453  ; LCD_Controller:lcd_ctrl|counter[14]        ; LCD_Controller:lcd_ctrl|counter[15]       ; clk                       ; clk         ; 0.000        ; 0.036      ; 0.573      ;
; 0.453  ; LCD_Controller:lcd_ctrl|counter[12]        ; LCD_Controller:lcd_ctrl|counter[13]       ; clk                       ; clk         ; 0.000        ; 0.036      ; 0.573      ;
; 0.454  ; LCD_Controller:lcd_ctrl|counter[20]        ; LCD_Controller:lcd_ctrl|counter[21]       ; clk                       ; clk         ; 0.000        ; 0.036      ; 0.574      ;
; 0.454  ; LCD_Controller:lcd_ctrl|counter[18]        ; LCD_Controller:lcd_ctrl|counter[19]       ; clk                       ; clk         ; 0.000        ; 0.036      ; 0.574      ;
; 0.454  ; LCD_Controller:lcd_ctrl|counter[0]         ; LCD_Controller:lcd_ctrl|counter[2]        ; clk                       ; clk         ; 0.000        ; 0.037      ; 0.575      ;
; 0.454  ; LCD_Controller:lcd_ctrl|counter[8]         ; LCD_Controller:lcd_ctrl|counter[10]       ; clk                       ; clk         ; 0.000        ; 0.037      ; 0.575      ;
; 0.455  ; Clock_1MHz:CLK1MHZ|clk_cnt[2]              ; Clock_1MHz:CLK1MHZ|clk_cnt[4]             ; clk                       ; clk         ; 0.000        ; 0.037      ; 0.576      ;
; 0.455  ; LCD_Controller:lcd_ctrl|counter[2]         ; LCD_Controller:lcd_ctrl|counter[4]        ; clk                       ; clk         ; 0.000        ; 0.037      ; 0.576      ;
; 0.455  ; LCD_Controller:lcd_ctrl|counter[6]         ; LCD_Controller:lcd_ctrl|counter[8]        ; clk                       ; clk         ; 0.000        ; 0.037      ; 0.576      ;
; 0.455  ; Clock_1MHz:CLK1MHZ|clk_cnt[0]              ; Clock_1MHz:CLK1MHZ|clk_cnt[2]             ; clk                       ; clk         ; 0.000        ; 0.037      ; 0.576      ;
+--------+--------------------------------------------+-------------------------------------------+---------------------------+-------------+--------------+------------+------------+


+------------------------------------------------------------------------------------------------------------------------------------------------------------------------------------------------------------------------------+
; Fast 1200mV 0C Model Hold: 'Clock_1MHz:CLK1MHZ|clk_1M'                                                                                                                                                                       ;
+-------+----------------------------------------------------------+----------------------------------------------------------+---------------------------+---------------------------+--------------+------------+------------+
; Slack ; From Node                                                ; To Node                                                  ; Launch Clock              ; Latch Clock               ; Relationship ; Clock Skew ; Data Delay ;
+-------+----------------------------------------------------------+----------------------------------------------------------+---------------------------+---------------------------+--------------+------------+------------+
; 0.186 ; DHT11_Controller:dht11_ctrl|next_state.KEEP_DELAY        ; DHT11_Controller:dht11_ctrl|next_state.KEEP_DELAY        ; Clock_1MHz:CLK1MHZ|clk_1M ; Clock_1MHz:CLK1MHZ|clk_1M ; 0.000        ; 0.037      ; 0.307      ;
; 0.186 ; DHT11_Controller:dht11_ctrl|next_state.CONTROL_LOW       ; DHT11_Controller:dht11_ctrl|next_state.CONTROL_LOW       ; Clock_1MHz:CLK1MHZ|clk_1M ; Clock_1MHz:CLK1MHZ|clk_1M ; 0.000        ; 0.037      ; 0.307      ;
; 0.186 ; DHT11_Controller:dht11_ctrl|next_state.CONTROL_LOW_20MS  ; DHT11_Controller:dht11_ctrl|next_state.CONTROL_LOW_20MS  ; Clock_1MHz:CLK1MHZ|clk_1M ; Clock_1MHz:CLK1MHZ|clk_1M ; 0.000        ; 0.037      ; 0.307      ;
; 0.186 ; DHT11_Controller:dht11_ctrl|next_state.READ_HIGH_87US    ; DHT11_Controller:dht11_ctrl|next_state.READ_HIGH_87US    ; Clock_1MHz:CLK1MHZ|clk_1M ; Clock_1MHz:CLK1MHZ|clk_1M ; 0.000        ; 0.037      ; 0.307      ;
; 0.187 ; DHT11_Controller:dht11_ctrl|next_state.READ_DATA         ; DHT11_Controller:dht11_ctrl|next_state.READ_DATA         ; Clock_1MHz:CLK1MHZ|clk_1M ; Clock_1MHz:CLK1MHZ|clk_1M ; 0.000        ; 0.036      ; 0.307      ;
; 0.187 ; DHT11_Controller:dht11_ctrl|next_state.READ_LOW_83US     ; DHT11_Controller:dht11_ctrl|next_state.READ_LOW_83US     ; Clock_1MHz:CLK1MHZ|clk_1M ; Clock_1MHz:CLK1MHZ|clk_1M ; 0.000        ; 0.036      ; 0.307      ;
; 0.187 ; DHT11_Controller:dht11_ctrl|state                        ; DHT11_Controller:dht11_ctrl|state                        ; Clock_1MHz:CLK1MHZ|clk_1M ; Clock_1MHz:CLK1MHZ|clk_1M ; 0.000        ; 0.036      ; 0.307      ;
; 0.204 ; DHT11_Controller:dht11_ctrl|data_temp[22]                ; DHT11_Controller:dht11_ctrl|data_temp[23]                ; Clock_1MHz:CLK1MHZ|clk_1M ; Clock_1MHz:CLK1MHZ|clk_1M ; 0.000        ; 0.037      ; 0.325      ;
; 0.206 ; DHT11_Controller:dht11_ctrl|data_temp[14]                ; DHT11_Controller:dht11_ctrl|data_temp[15]                ; Clock_1MHz:CLK1MHZ|clk_1M ; Clock_1MHz:CLK1MHZ|clk_1M ; 0.000        ; 0.036      ; 0.326      ;
; 0.208 ; DHT11_Controller:dht11_ctrl|count_1us[20]                ; DHT11_Controller:dht11_ctrl|count_1us[20]                ; Clock_1MHz:CLK1MHZ|clk_1M ; Clock_1MHz:CLK1MHZ|clk_1M ; 0.000        ; 0.037      ; 0.329      ;
; 0.263 ; DHT11_Controller:dht11_ctrl|data_temp[5]                 ; DHT11_Controller:dht11_ctrl|data_temp[6]                 ; Clock_1MHz:CLK1MHZ|clk_1M ; Clock_1MHz:CLK1MHZ|clk_1M ; 0.000        ; 0.037      ; 0.384      ;
; 0.265 ; DHT11_Controller:dht11_ctrl|data_temp[15]                ; DHT11_Controller:dht11_ctrl|data_valid[7]                ; Clock_1MHz:CLK1MHZ|clk_1M ; Clock_1MHz:CLK1MHZ|clk_1M ; 0.000        ; 0.036      ; 0.385      ;
; 0.265 ; DHT11_Controller:dht11_ctrl|next_state.CONTROL_LOW       ; DHT11_Controller:dht11_ctrl|cur_state.CONTROL_LOW        ; Clock_1MHz:CLK1MHZ|clk_1M ; Clock_1MHz:CLK1MHZ|clk_1M ; 0.000        ; 0.037      ; 0.386      ;
; 0.266 ; DHT11_Controller:dht11_ctrl|data_temp[38]                ; DHT11_Controller:dht11_ctrl|data_temp[39]                ; Clock_1MHz:CLK1MHZ|clk_1M ; Clock_1MHz:CLK1MHZ|clk_1M ; 0.000        ; 0.036      ; 0.386      ;
; 0.266 ; DHT11_Controller:dht11_ctrl|data_temp[3]                 ; DHT11_Controller:dht11_ctrl|data_temp[4]                 ; Clock_1MHz:CLK1MHZ|clk_1M ; Clock_1MHz:CLK1MHZ|clk_1M ; 0.000        ; 0.037      ; 0.387      ;
; 0.267 ; DHT11_Controller:dht11_ctrl|next_state.CONTROL_LOW_20MS  ; DHT11_Controller:dht11_ctrl|cur_state.CONTROL_LOW_20MS   ; Clock_1MHz:CLK1MHZ|clk_1M ; Clock_1MHz:CLK1MHZ|clk_1M ; 0.000        ; 0.037      ; 0.388      ;
; 0.267 ; DHT11_Controller:dht11_ctrl|next_state.KEEP_DELAY        ; DHT11_Controller:dht11_ctrl|cur_state.KEEP_DELAY         ; Clock_1MHz:CLK1MHZ|clk_1M ; Clock_1MHz:CLK1MHZ|clk_1M ; 0.000        ; 0.037      ; 0.388      ;
; 0.268 ; DHT11_Controller:dht11_ctrl|next_state.READ_DATA         ; DHT11_Controller:dht11_ctrl|cur_state.READ_DATA          ; Clock_1MHz:CLK1MHZ|clk_1M ; Clock_1MHz:CLK1MHZ|clk_1M ; 0.000        ; 0.036      ; 0.388      ;
; 0.272 ; DHT11_Controller:dht11_ctrl|data_temp[0]                 ; DHT11_Controller:dht11_ctrl|data_temp[1]                 ; Clock_1MHz:CLK1MHZ|clk_1M ; Clock_1MHz:CLK1MHZ|clk_1M ; 0.000        ; 0.037      ; 0.393      ;
; 0.288 ; DHT11_Controller:dht11_ctrl|data_temp[16]                ; DHT11_Controller:dht11_ctrl|data_valid[8]                ; Clock_1MHz:CLK1MHZ|clk_1M ; Clock_1MHz:CLK1MHZ|clk_1M ; 0.000        ; 0.239      ; 0.611      ;
; 0.289 ; DHT11_Controller:dht11_ctrl|data_temp[19]                ; DHT11_Controller:dht11_ctrl|data_valid[11]               ; Clock_1MHz:CLK1MHZ|clk_1M ; Clock_1MHz:CLK1MHZ|clk_1M ; 0.000        ; 0.239      ; 0.612      ;
; 0.293 ; DHT11_Controller:dht11_ctrl|dht_d0                       ; DHT11_Controller:dht11_ctrl|dht_d1                       ; Clock_1MHz:CLK1MHZ|clk_1M ; Clock_1MHz:CLK1MHZ|clk_1M ; 0.000        ; 0.036      ; 0.413      ;
; 0.293 ; DHT11_Controller:dht11_ctrl|count_1us[1]                 ; DHT11_Controller:dht11_ctrl|count_1us[1]                 ; Clock_1MHz:CLK1MHZ|clk_1M ; Clock_1MHz:CLK1MHZ|clk_1M ; 0.000        ; 0.037      ; 0.414      ;
; 0.298 ; DHT11_Controller:dht11_ctrl|data_count[3]                ; DHT11_Controller:dht11_ctrl|data_count[3]                ; Clock_1MHz:CLK1MHZ|clk_1M ; Clock_1MHz:CLK1MHZ|clk_1M ; 0.000        ; 0.036      ; 0.418      ;
; 0.299 ; DHT11_Controller:dht11_ctrl|data_count[1]                ; DHT11_Controller:dht11_ctrl|data_count[1]                ; Clock_1MHz:CLK1MHZ|clk_1M ; Clock_1MHz:CLK1MHZ|clk_1M ; 0.000        ; 0.036      ; 0.419      ;
; 0.301 ; DHT11_Controller:dht11_ctrl|data_count[2]                ; DHT11_Controller:dht11_ctrl|data_count[2]                ; Clock_1MHz:CLK1MHZ|clk_1M ; Clock_1MHz:CLK1MHZ|clk_1M ; 0.000        ; 0.036      ; 0.421      ;
; 0.302 ; DHT11_Controller:dht11_ctrl|count_1us[2]                 ; DHT11_Controller:dht11_ctrl|count_1us[2]                 ; Clock_1MHz:CLK1MHZ|clk_1M ; Clock_1MHz:CLK1MHZ|clk_1M ; 0.000        ; 0.037      ; 0.423      ;
; 0.302 ; DHT11_Controller:dht11_ctrl|count_1us[0]                 ; DHT11_Controller:dht11_ctrl|count_1us[0]                 ; Clock_1MHz:CLK1MHZ|clk_1M ; Clock_1MHz:CLK1MHZ|clk_1M ; 0.000        ; 0.037      ; 0.423      ;
; 0.303 ; DHT11_Controller:dht11_ctrl|count_1us[17]                ; DHT11_Controller:dht11_ctrl|count_1us[17]                ; Clock_1MHz:CLK1MHZ|clk_1M ; Clock_1MHz:CLK1MHZ|clk_1M ; 0.000        ; 0.037      ; 0.424      ;
; 0.303 ; DHT11_Controller:dht11_ctrl|count_1us[3]                 ; DHT11_Controller:dht11_ctrl|count_1us[3]                 ; Clock_1MHz:CLK1MHZ|clk_1M ; Clock_1MHz:CLK1MHZ|clk_1M ; 0.000        ; 0.037      ; 0.424      ;
; 0.304 ; DHT11_Controller:dht11_ctrl|data_count[5]                ; DHT11_Controller:dht11_ctrl|data_count[5]                ; Clock_1MHz:CLK1MHZ|clk_1M ; Clock_1MHz:CLK1MHZ|clk_1M ; 0.000        ; 0.036      ; 0.424      ;
; 0.304 ; DHT11_Controller:dht11_ctrl|data_count[4]                ; DHT11_Controller:dht11_ctrl|data_count[4]                ; Clock_1MHz:CLK1MHZ|clk_1M ; Clock_1MHz:CLK1MHZ|clk_1M ; 0.000        ; 0.036      ; 0.424      ;
; 0.304 ; DHT11_Controller:dht11_ctrl|count_1us[19]                ; DHT11_Controller:dht11_ctrl|count_1us[19]                ; Clock_1MHz:CLK1MHZ|clk_1M ; Clock_1MHz:CLK1MHZ|clk_1M ; 0.000        ; 0.037      ; 0.425      ;
; 0.304 ; DHT11_Controller:dht11_ctrl|count_1us[18]                ; DHT11_Controller:dht11_ctrl|count_1us[18]                ; Clock_1MHz:CLK1MHZ|clk_1M ; Clock_1MHz:CLK1MHZ|clk_1M ; 0.000        ; 0.037      ; 0.425      ;
; 0.305 ; DHT11_Controller:dht11_ctrl|data_temp[6]                 ; DHT11_Controller:dht11_ctrl|data_temp[7]                 ; Clock_1MHz:CLK1MHZ|clk_1M ; Clock_1MHz:CLK1MHZ|clk_1M ; 0.000        ; 0.037      ; 0.426      ;
; 0.306 ; DHT11_Controller:dht11_ctrl|count_1us[5]                 ; DHT11_Controller:dht11_ctrl|count_1us[5]                 ; Clock_1MHz:CLK1MHZ|clk_1M ; Clock_1MHz:CLK1MHZ|clk_1M ; 0.000        ; 0.037      ; 0.427      ;
; 0.306 ; DHT11_Controller:dht11_ctrl|count_1us[4]                 ; DHT11_Controller:dht11_ctrl|count_1us[4]                 ; Clock_1MHz:CLK1MHZ|clk_1M ; Clock_1MHz:CLK1MHZ|clk_1M ; 0.000        ; 0.037      ; 0.427      ;
; 0.308 ; DHT11_Controller:dht11_ctrl|count_1us[13]                ; DHT11_Controller:dht11_ctrl|count_1us[13]                ; Clock_1MHz:CLK1MHZ|clk_1M ; Clock_1MHz:CLK1MHZ|clk_1M ; 0.000        ; 0.037      ; 0.429      ;
; 0.308 ; DHT11_Controller:dht11_ctrl|count_1us[11]                ; DHT11_Controller:dht11_ctrl|count_1us[11]                ; Clock_1MHz:CLK1MHZ|clk_1M ; Clock_1MHz:CLK1MHZ|clk_1M ; 0.000        ; 0.037      ; 0.429      ;
; 0.308 ; DHT11_Controller:dht11_ctrl|count_1us[10]                ; DHT11_Controller:dht11_ctrl|count_1us[10]                ; Clock_1MHz:CLK1MHZ|clk_1M ; Clock_1MHz:CLK1MHZ|clk_1M ; 0.000        ; 0.037      ; 0.429      ;
; 0.308 ; DHT11_Controller:dht11_ctrl|count_1us[6]                 ; DHT11_Controller:dht11_ctrl|count_1us[6]                 ; Clock_1MHz:CLK1MHZ|clk_1M ; Clock_1MHz:CLK1MHZ|clk_1M ; 0.000        ; 0.037      ; 0.429      ;
; 0.310 ; DHT11_Controller:dht11_ctrl|data_temp[37]                ; DHT11_Controller:dht11_ctrl|data_valid[29]               ; Clock_1MHz:CLK1MHZ|clk_1M ; Clock_1MHz:CLK1MHZ|clk_1M ; 0.000        ; 0.037      ; 0.431      ;
; 0.310 ; DHT11_Controller:dht11_ctrl|count_1us[16]                ; DHT11_Controller:dht11_ctrl|count_1us[16]                ; Clock_1MHz:CLK1MHZ|clk_1M ; Clock_1MHz:CLK1MHZ|clk_1M ; 0.000        ; 0.037      ; 0.431      ;
; 0.310 ; DHT11_Controller:dht11_ctrl|count_1us[12]                ; DHT11_Controller:dht11_ctrl|count_1us[12]                ; Clock_1MHz:CLK1MHZ|clk_1M ; Clock_1MHz:CLK1MHZ|clk_1M ; 0.000        ; 0.037      ; 0.431      ;
; 0.310 ; DHT11_Controller:dht11_ctrl|count_1us[9]                 ; DHT11_Controller:dht11_ctrl|count_1us[9]                 ; Clock_1MHz:CLK1MHZ|clk_1M ; Clock_1MHz:CLK1MHZ|clk_1M ; 0.000        ; 0.037      ; 0.431      ;
; 0.311 ; DHT11_Controller:dht11_ctrl|count_1us[14]                ; DHT11_Controller:dht11_ctrl|count_1us[14]                ; Clock_1MHz:CLK1MHZ|clk_1M ; Clock_1MHz:CLK1MHZ|clk_1M ; 0.000        ; 0.037      ; 0.432      ;
; 0.312 ; DHT11_Controller:dht11_ctrl|data_count[0]                ; DHT11_Controller:dht11_ctrl|data_count[0]                ; Clock_1MHz:CLK1MHZ|clk_1M ; Clock_1MHz:CLK1MHZ|clk_1M ; 0.000        ; 0.036      ; 0.432      ;
; 0.313 ; DHT11_Controller:dht11_ctrl|data_temp[12]                ; DHT11_Controller:dht11_ctrl|data_temp[13]                ; Clock_1MHz:CLK1MHZ|clk_1M ; Clock_1MHz:CLK1MHZ|clk_1M ; 0.000        ; 0.037      ; 0.434      ;
; 0.313 ; DHT11_Controller:dht11_ctrl|count_1us[15]                ; DHT11_Controller:dht11_ctrl|count_1us[15]                ; Clock_1MHz:CLK1MHZ|clk_1M ; Clock_1MHz:CLK1MHZ|clk_1M ; 0.000        ; 0.037      ; 0.434      ;
; 0.316 ; DHT11_Controller:dht11_ctrl|count_1us[8]                 ; DHT11_Controller:dht11_ctrl|count_1us[8]                 ; Clock_1MHz:CLK1MHZ|clk_1M ; Clock_1MHz:CLK1MHZ|clk_1M ; 0.000        ; 0.037      ; 0.437      ;
; 0.317 ; DHT11_Controller:dht11_ctrl|count_1us[7]                 ; DHT11_Controller:dht11_ctrl|count_1us[7]                 ; Clock_1MHz:CLK1MHZ|clk_1M ; Clock_1MHz:CLK1MHZ|clk_1M ; 0.000        ; 0.037      ; 0.438      ;
; 0.335 ; DHT11_Controller:dht11_ctrl|next_state.READ_LOW_83US     ; DHT11_Controller:dht11_ctrl|cur_state.READ_LOW_83US      ; Clock_1MHz:CLK1MHZ|clk_1M ; Clock_1MHz:CLK1MHZ|clk_1M ; 0.000        ; 0.036      ; 0.455      ;
; 0.339 ; DHT11_Controller:dht11_ctrl|data_temp[10]                ; DHT11_Controller:dht11_ctrl|data_temp[11]                ; Clock_1MHz:CLK1MHZ|clk_1M ; Clock_1MHz:CLK1MHZ|clk_1M ; 0.000        ; 0.037      ; 0.460      ;
; 0.340 ; DHT11_Controller:dht11_ctrl|data_temp[16]                ; DHT11_Controller:dht11_ctrl|data_temp[17]                ; Clock_1MHz:CLK1MHZ|clk_1M ; Clock_1MHz:CLK1MHZ|clk_1M ; 0.000        ; 0.037      ; 0.461      ;
; 0.340 ; DHT11_Controller:dht11_ctrl|data_temp[11]                ; DHT11_Controller:dht11_ctrl|data_temp[12]                ; Clock_1MHz:CLK1MHZ|clk_1M ; Clock_1MHz:CLK1MHZ|clk_1M ; 0.000        ; 0.037      ; 0.461      ;
; 0.358 ; DHT11_Controller:dht11_ctrl|next_state.CONTROL_HIGH_13US ; DHT11_Controller:dht11_ctrl|cur_state.CONTROL_HIGH_13US  ; Clock_1MHz:CLK1MHZ|clk_1M ; Clock_1MHz:CLK1MHZ|clk_1M ; 0.000        ; 0.037      ; 0.479      ;
; 0.358 ; DHT11_Controller:dht11_ctrl|cur_state.CONTROL_LOW_20MS   ; DHT11_Controller:dht11_ctrl|next_state.CONTROL_LOW_20MS  ; Clock_1MHz:CLK1MHZ|clk_1M ; Clock_1MHz:CLK1MHZ|clk_1M ; 0.000        ; 0.037      ; 0.479      ;
; 0.363 ; DHT11_Controller:dht11_ctrl|cur_state.CONTROL_LOW_20MS   ; DHT11_Controller:dht11_ctrl|next_state.CONTROL_LOW       ; Clock_1MHz:CLK1MHZ|clk_1M ; Clock_1MHz:CLK1MHZ|clk_1M ; 0.000        ; 0.037      ; 0.484      ;
; 0.372 ; DHT11_Controller:dht11_ctrl|data_temp[4]                 ; DHT11_Controller:dht11_ctrl|data_temp[5]                 ; Clock_1MHz:CLK1MHZ|clk_1M ; Clock_1MHz:CLK1MHZ|clk_1M ; 0.000        ; 0.037      ; 0.493      ;
; 0.375 ; DHT11_Controller:dht11_ctrl|data_temp[17]                ; DHT11_Controller:dht11_ctrl|data_valid[9]                ; Clock_1MHz:CLK1MHZ|clk_1M ; Clock_1MHz:CLK1MHZ|clk_1M ; 0.000        ; 0.036      ; 0.495      ;
; 0.385 ; DHT11_Controller:dht11_ctrl|data_temp[17]                ; DHT11_Controller:dht11_ctrl|data_temp[18]                ; Clock_1MHz:CLK1MHZ|clk_1M ; Clock_1MHz:CLK1MHZ|clk_1M ; 0.000        ; 0.036      ; 0.505      ;
; 0.389 ; DHT11_Controller:dht11_ctrl|cur_state.CONTROL_LOW_20MS   ; DHT11_Controller:dht11_ctrl|dht_buffer~en                ; Clock_1MHz:CLK1MHZ|clk_1M ; Clock_1MHz:CLK1MHZ|clk_1M ; 0.000        ; 0.037      ; 0.510      ;
; 0.394 ; DHT11_Controller:dht11_ctrl|data_temp[1]                 ; DHT11_Controller:dht11_ctrl|data_temp[2]                 ; Clock_1MHz:CLK1MHZ|clk_1M ; Clock_1MHz:CLK1MHZ|clk_1M ; 0.000        ; 0.035      ; 0.513      ;
; 0.402 ; DHT11_Controller:dht11_ctrl|data_temp[24]                ; DHT11_Controller:dht11_ctrl|data_valid[16]               ; Clock_1MHz:CLK1MHZ|clk_1M ; Clock_1MHz:CLK1MHZ|clk_1M ; 0.000        ; 0.037      ; 0.523      ;
; 0.403 ; DHT11_Controller:dht11_ctrl|data_temp[14]                ; DHT11_Controller:dht11_ctrl|data_valid[6]                ; Clock_1MHz:CLK1MHZ|clk_1M ; Clock_1MHz:CLK1MHZ|clk_1M ; 0.000        ; 0.036      ; 0.523      ;
; 0.411 ; DHT11_Controller:dht11_ctrl|data_temp[32]                ; DHT11_Controller:dht11_ctrl|data_temp[33]                ; Clock_1MHz:CLK1MHZ|clk_1M ; Clock_1MHz:CLK1MHZ|clk_1M ; 0.000        ; 0.037      ; 0.532      ;
; 0.417 ; DHT11_Controller:dht11_ctrl|cur_state.CONTROL_LOW_20MS   ; DHT11_Controller:dht11_ctrl|next_state.CONTROL_HIGH_13US ; Clock_1MHz:CLK1MHZ|clk_1M ; Clock_1MHz:CLK1MHZ|clk_1M ; 0.000        ; 0.037      ; 0.538      ;
; 0.425 ; DHT11_Controller:dht11_ctrl|cur_state.READ_DATA          ; DHT11_Controller:dht11_ctrl|data_temp[3]                 ; Clock_1MHz:CLK1MHZ|clk_1M ; Clock_1MHz:CLK1MHZ|clk_1M ; 0.000        ; 0.041      ; 0.550      ;
; 0.425 ; DHT11_Controller:dht11_ctrl|cur_state.READ_DATA          ; DHT11_Controller:dht11_ctrl|data_temp[6]                 ; Clock_1MHz:CLK1MHZ|clk_1M ; Clock_1MHz:CLK1MHZ|clk_1M ; 0.000        ; 0.041      ; 0.550      ;
; 0.425 ; DHT11_Controller:dht11_ctrl|cur_state.READ_DATA          ; DHT11_Controller:dht11_ctrl|data_temp[5]                 ; Clock_1MHz:CLK1MHZ|clk_1M ; Clock_1MHz:CLK1MHZ|clk_1M ; 0.000        ; 0.041      ; 0.550      ;
; 0.426 ; DHT11_Controller:dht11_ctrl|cur_state.READ_DATA          ; DHT11_Controller:dht11_ctrl|data_temp[7]                 ; Clock_1MHz:CLK1MHZ|clk_1M ; Clock_1MHz:CLK1MHZ|clk_1M ; 0.000        ; 0.041      ; 0.551      ;
; 0.427 ; DHT11_Controller:dht11_ctrl|cur_state.READ_DATA          ; DHT11_Controller:dht11_ctrl|us_clear                     ; Clock_1MHz:CLK1MHZ|clk_1M ; Clock_1MHz:CLK1MHZ|clk_1M ; 0.000        ; 0.036      ; 0.547      ;
; 0.428 ; DHT11_Controller:dht11_ctrl|cur_state.READ_DATA          ; DHT11_Controller:dht11_ctrl|data_temp[4]                 ; Clock_1MHz:CLK1MHZ|clk_1M ; Clock_1MHz:CLK1MHZ|clk_1M ; 0.000        ; 0.041      ; 0.553      ;
; 0.434 ; DHT11_Controller:dht11_ctrl|data_temp[15]                ; DHT11_Controller:dht11_ctrl|data_temp[16]                ; Clock_1MHz:CLK1MHZ|clk_1M ; Clock_1MHz:CLK1MHZ|clk_1M ; 0.000        ; 0.049      ; 0.567      ;
; 0.435 ; DHT11_Controller:dht11_ctrl|data_temp[10]                ; DHT11_Controller:dht11_ctrl|data_valid[2]                ; Clock_1MHz:CLK1MHZ|clk_1M ; Clock_1MHz:CLK1MHZ|clk_1M ; 0.000        ; 0.036      ; 0.555      ;
; 0.442 ; DHT11_Controller:dht11_ctrl|count_1us[1]                 ; DHT11_Controller:dht11_ctrl|count_1us[2]                 ; Clock_1MHz:CLK1MHZ|clk_1M ; Clock_1MHz:CLK1MHZ|clk_1M ; 0.000        ; 0.037      ; 0.563      ;
; 0.444 ; DHT11_Controller:dht11_ctrl|data_temp[30]                ; DHT11_Controller:dht11_ctrl|data_temp[31]                ; Clock_1MHz:CLK1MHZ|clk_1M ; Clock_1MHz:CLK1MHZ|clk_1M ; 0.000        ; 0.025      ; 0.553      ;
; 0.447 ; DHT11_Controller:dht11_ctrl|data_count[3]                ; DHT11_Controller:dht11_ctrl|data_count[4]                ; Clock_1MHz:CLK1MHZ|clk_1M ; Clock_1MHz:CLK1MHZ|clk_1M ; 0.000        ; 0.036      ; 0.567      ;
; 0.448 ; DHT11_Controller:dht11_ctrl|data_count[1]                ; DHT11_Controller:dht11_ctrl|data_count[2]                ; Clock_1MHz:CLK1MHZ|clk_1M ; Clock_1MHz:CLK1MHZ|clk_1M ; 0.000        ; 0.036      ; 0.568      ;
; 0.451 ; DHT11_Controller:dht11_ctrl|count_1us[0]                 ; DHT11_Controller:dht11_ctrl|count_1us[1]                 ; Clock_1MHz:CLK1MHZ|clk_1M ; Clock_1MHz:CLK1MHZ|clk_1M ; 0.000        ; 0.037      ; 0.572      ;
; 0.452 ; DHT11_Controller:dht11_ctrl|count_1us[17]                ; DHT11_Controller:dht11_ctrl|count_1us[18]                ; Clock_1MHz:CLK1MHZ|clk_1M ; Clock_1MHz:CLK1MHZ|clk_1M ; 0.000        ; 0.037      ; 0.573      ;
; 0.452 ; DHT11_Controller:dht11_ctrl|count_1us[3]                 ; DHT11_Controller:dht11_ctrl|count_1us[4]                 ; Clock_1MHz:CLK1MHZ|clk_1M ; Clock_1MHz:CLK1MHZ|clk_1M ; 0.000        ; 0.037      ; 0.573      ;
; 0.453 ; DHT11_Controller:dht11_ctrl|count_1us[19]                ; DHT11_Controller:dht11_ctrl|count_1us[20]                ; Clock_1MHz:CLK1MHZ|clk_1M ; Clock_1MHz:CLK1MHZ|clk_1M ; 0.000        ; 0.037      ; 0.574      ;
; 0.454 ; DHT11_Controller:dht11_ctrl|data_temp[11]                ; DHT11_Controller:dht11_ctrl|data_valid[3]                ; Clock_1MHz:CLK1MHZ|clk_1M ; Clock_1MHz:CLK1MHZ|clk_1M ; 0.000        ; 0.227      ; 0.765      ;
; 0.454 ; DHT11_Controller:dht11_ctrl|count_1us[0]                 ; DHT11_Controller:dht11_ctrl|count_1us[2]                 ; Clock_1MHz:CLK1MHZ|clk_1M ; Clock_1MHz:CLK1MHZ|clk_1M ; 0.000        ; 0.037      ; 0.575      ;
; 0.455 ; DHT11_Controller:dht11_ctrl|count_1us[9]                 ; DHT11_Controller:dht11_ctrl|count_1us[10]                ; Clock_1MHz:CLK1MHZ|clk_1M ; Clock_1MHz:CLK1MHZ|clk_1M ; 0.000        ; 0.041      ; 0.580      ;
; 0.455 ; DHT11_Controller:dht11_ctrl|count_1us[5]                 ; DHT11_Controller:dht11_ctrl|count_1us[6]                 ; Clock_1MHz:CLK1MHZ|clk_1M ; Clock_1MHz:CLK1MHZ|clk_1M ; 0.000        ; 0.037      ; 0.576      ;
; 0.456 ; DHT11_Controller:dht11_ctrl|data_temp[25]                ; DHT11_Controller:dht11_ctrl|data_temp[26]                ; Clock_1MHz:CLK1MHZ|clk_1M ; Clock_1MHz:CLK1MHZ|clk_1M ; 0.000        ; 0.037      ; 0.577      ;
; 0.457 ; DHT11_Controller:dht11_ctrl|count_1us[11]                ; DHT11_Controller:dht11_ctrl|count_1us[12]                ; Clock_1MHz:CLK1MHZ|clk_1M ; Clock_1MHz:CLK1MHZ|clk_1M ; 0.000        ; 0.037      ; 0.578      ;
; 0.457 ; DHT11_Controller:dht11_ctrl|count_1us[13]                ; DHT11_Controller:dht11_ctrl|count_1us[14]                ; Clock_1MHz:CLK1MHZ|clk_1M ; Clock_1MHz:CLK1MHZ|clk_1M ; 0.000        ; 0.037      ; 0.578      ;
; 0.458 ; DHT11_Controller:dht11_ctrl|data_temp[37]                ; DHT11_Controller:dht11_ctrl|data_temp[38]                ; Clock_1MHz:CLK1MHZ|clk_1M ; Clock_1MHz:CLK1MHZ|clk_1M ; 0.000        ; 0.032      ; 0.574      ;
; 0.459 ; DHT11_Controller:dht11_ctrl|data_count[2]                ; DHT11_Controller:dht11_ctrl|data_count[3]                ; Clock_1MHz:CLK1MHZ|clk_1M ; Clock_1MHz:CLK1MHZ|clk_1M ; 0.000        ; 0.036      ; 0.579      ;
; 0.459 ; DHT11_Controller:dht11_ctrl|data_count[0]                ; DHT11_Controller:dht11_ctrl|data_count[1]                ; Clock_1MHz:CLK1MHZ|clk_1M ; Clock_1MHz:CLK1MHZ|clk_1M ; 0.000        ; 0.036      ; 0.579      ;
; 0.460 ; DHT11_Controller:dht11_ctrl|count_1us[2]                 ; DHT11_Controller:dht11_ctrl|count_1us[3]                 ; Clock_1MHz:CLK1MHZ|clk_1M ; Clock_1MHz:CLK1MHZ|clk_1M ; 0.000        ; 0.037      ; 0.581      ;
; 0.462 ; DHT11_Controller:dht11_ctrl|data_count[4]                ; DHT11_Controller:dht11_ctrl|data_count[5]                ; Clock_1MHz:CLK1MHZ|clk_1M ; Clock_1MHz:CLK1MHZ|clk_1M ; 0.000        ; 0.036      ; 0.582      ;
; 0.462 ; DHT11_Controller:dht11_ctrl|count_1us[18]                ; DHT11_Controller:dht11_ctrl|count_1us[19]                ; Clock_1MHz:CLK1MHZ|clk_1M ; Clock_1MHz:CLK1MHZ|clk_1M ; 0.000        ; 0.037      ; 0.583      ;
; 0.462 ; DHT11_Controller:dht11_ctrl|count_1us[15]                ; DHT11_Controller:dht11_ctrl|count_1us[16]                ; Clock_1MHz:CLK1MHZ|clk_1M ; Clock_1MHz:CLK1MHZ|clk_1M ; 0.000        ; 0.037      ; 0.583      ;
; 0.462 ; DHT11_Controller:dht11_ctrl|data_count[2]                ; DHT11_Controller:dht11_ctrl|data_count[4]                ; Clock_1MHz:CLK1MHZ|clk_1M ; Clock_1MHz:CLK1MHZ|clk_1M ; 0.000        ; 0.036      ; 0.582      ;
; 0.462 ; DHT11_Controller:dht11_ctrl|data_count[0]                ; DHT11_Controller:dht11_ctrl|data_count[2]                ; Clock_1MHz:CLK1MHZ|clk_1M ; Clock_1MHz:CLK1MHZ|clk_1M ; 0.000        ; 0.036      ; 0.582      ;
; 0.463 ; DHT11_Controller:dht11_ctrl|count_1us[2]                 ; DHT11_Controller:dht11_ctrl|count_1us[4]                 ; Clock_1MHz:CLK1MHZ|clk_1M ; Clock_1MHz:CLK1MHZ|clk_1M ; 0.000        ; 0.037      ; 0.584      ;
+-------+----------------------------------------------------------+----------------------------------------------------------+---------------------------+---------------------------+--------------+------------+------------+


+---------------------------------------------------------------------------------------------------------------------------+
; Fast 1200mV 0C Model Minimum Pulse Width: 'clk'                                                                           ;
+--------+--------------+----------------+-----------------+-------+------------+-------------------------------------------+
; Slack  ; Actual Width ; Required Width ; Type            ; Clock ; Clock Edge ; Target                                    ;
+--------+--------------+----------------+-----------------+-------+------------+-------------------------------------------+
; -3.000 ; 1.000        ; 4.000          ; Port Rate       ; clk   ; Rise       ; clk                                       ;
; -1.000 ; 1.000        ; 2.000          ; Min Period      ; clk   ; Rise       ; Clock_1MHz:CLK1MHZ|clk_1M                 ;
; -1.000 ; 1.000        ; 2.000          ; Min Period      ; clk   ; Rise       ; Clock_1MHz:CLK1MHZ|clk_cnt[0]             ;
; -1.000 ; 1.000        ; 2.000          ; Min Period      ; clk   ; Rise       ; Clock_1MHz:CLK1MHZ|clk_cnt[1]             ;
; -1.000 ; 1.000        ; 2.000          ; Min Period      ; clk   ; Rise       ; Clock_1MHz:CLK1MHZ|clk_cnt[2]             ;
; -1.000 ; 1.000        ; 2.000          ; Min Period      ; clk   ; Rise       ; Clock_1MHz:CLK1MHZ|clk_cnt[3]             ;
; -1.000 ; 1.000        ; 2.000          ; Min Period      ; clk   ; Rise       ; Clock_1MHz:CLK1MHZ|clk_cnt[4]             ;
; -1.000 ; 1.000        ; 2.000          ; Min Period      ; clk   ; Rise       ; LCD_Controller:lcd_ctrl|char_array[10][0] ;
; -1.000 ; 1.000        ; 2.000          ; Min Period      ; clk   ; Rise       ; LCD_Controller:lcd_ctrl|char_array[10][1] ;
; -1.000 ; 1.000        ; 2.000          ; Min Period      ; clk   ; Rise       ; LCD_Controller:lcd_ctrl|char_array[10][2] ;
; -1.000 ; 1.000        ; 2.000          ; Min Period      ; clk   ; Rise       ; LCD_Controller:lcd_ctrl|char_array[10][3] ;
; -1.000 ; 1.000        ; 2.000          ; Min Period      ; clk   ; Rise       ; LCD_Controller:lcd_ctrl|char_array[10][4] ;
; -1.000 ; 1.000        ; 2.000          ; Min Period      ; clk   ; Rise       ; LCD_Controller:lcd_ctrl|char_array[10][5] ;
; -1.000 ; 1.000        ; 2.000          ; Min Period      ; clk   ; Rise       ; LCD_Controller:lcd_ctrl|char_array[10][6] ;
; -1.000 ; 1.000        ; 2.000          ; Min Period      ; clk   ; Rise       ; LCD_Controller:lcd_ctrl|char_array[11][0] ;
; -1.000 ; 1.000        ; 2.000          ; Min Period      ; clk   ; Rise       ; LCD_Controller:lcd_ctrl|char_array[11][1] ;
; -1.000 ; 1.000        ; 2.000          ; Min Period      ; clk   ; Rise       ; LCD_Controller:lcd_ctrl|char_array[11][2] ;
; -1.000 ; 1.000        ; 2.000          ; Min Period      ; clk   ; Rise       ; LCD_Controller:lcd_ctrl|char_array[11][3] ;
; -1.000 ; 1.000        ; 2.000          ; Min Period      ; clk   ; Rise       ; LCD_Controller:lcd_ctrl|char_array[13][0] ;
; -1.000 ; 1.000        ; 2.000          ; Min Period      ; clk   ; Rise       ; LCD_Controller:lcd_ctrl|char_array[13][1] ;
; -1.000 ; 1.000        ; 2.000          ; Min Period      ; clk   ; Rise       ; LCD_Controller:lcd_ctrl|char_array[13][2] ;
; -1.000 ; 1.000        ; 2.000          ; Min Period      ; clk   ; Rise       ; LCD_Controller:lcd_ctrl|char_array[13][3] ;
; -1.000 ; 1.000        ; 2.000          ; Min Period      ; clk   ; Rise       ; LCD_Controller:lcd_ctrl|char_array[13][4] ;
; -1.000 ; 1.000        ; 2.000          ; Min Period      ; clk   ; Rise       ; LCD_Controller:lcd_ctrl|char_array[13][5] ;
; -1.000 ; 1.000        ; 2.000          ; Min Period      ; clk   ; Rise       ; LCD_Controller:lcd_ctrl|char_array[13][6] ;
; -1.000 ; 1.000        ; 2.000          ; Min Period      ; clk   ; Rise       ; LCD_Controller:lcd_ctrl|char_array[14][0] ;
; -1.000 ; 1.000        ; 2.000          ; Min Period      ; clk   ; Rise       ; LCD_Controller:lcd_ctrl|char_array[14][1] ;
; -1.000 ; 1.000        ; 2.000          ; Min Period      ; clk   ; Rise       ; LCD_Controller:lcd_ctrl|char_array[14][2] ;
; -1.000 ; 1.000        ; 2.000          ; Min Period      ; clk   ; Rise       ; LCD_Controller:lcd_ctrl|char_array[14][3] ;
; -1.000 ; 1.000        ; 2.000          ; Min Period      ; clk   ; Rise       ; LCD_Controller:lcd_ctrl|char_array[24][0] ;
; -1.000 ; 1.000        ; 2.000          ; Min Period      ; clk   ; Rise       ; LCD_Controller:lcd_ctrl|char_array[24][1] ;
; -1.000 ; 1.000        ; 2.000          ; Min Period      ; clk   ; Rise       ; LCD_Controller:lcd_ctrl|char_array[24][2] ;
; -1.000 ; 1.000        ; 2.000          ; Min Period      ; clk   ; Rise       ; LCD_Controller:lcd_ctrl|char_array[24][3] ;
; -1.000 ; 1.000        ; 2.000          ; Min Period      ; clk   ; Rise       ; LCD_Controller:lcd_ctrl|char_array[24][4] ;
; -1.000 ; 1.000        ; 2.000          ; Min Period      ; clk   ; Rise       ; LCD_Controller:lcd_ctrl|char_array[24][5] ;
; -1.000 ; 1.000        ; 2.000          ; Min Period      ; clk   ; Rise       ; LCD_Controller:lcd_ctrl|char_array[24][6] ;
; -1.000 ; 1.000        ; 2.000          ; Min Period      ; clk   ; Rise       ; LCD_Controller:lcd_ctrl|char_array[25][0] ;
; -1.000 ; 1.000        ; 2.000          ; Min Period      ; clk   ; Rise       ; LCD_Controller:lcd_ctrl|char_array[25][1] ;
; -1.000 ; 1.000        ; 2.000          ; Min Period      ; clk   ; Rise       ; LCD_Controller:lcd_ctrl|char_array[25][2] ;
; -1.000 ; 1.000        ; 2.000          ; Min Period      ; clk   ; Rise       ; LCD_Controller:lcd_ctrl|char_array[25][3] ;
; -1.000 ; 1.000        ; 2.000          ; Min Period      ; clk   ; Rise       ; LCD_Controller:lcd_ctrl|char_array[27][0] ;
; -1.000 ; 1.000        ; 2.000          ; Min Period      ; clk   ; Rise       ; LCD_Controller:lcd_ctrl|char_array[27][1] ;
; -1.000 ; 1.000        ; 2.000          ; Min Period      ; clk   ; Rise       ; LCD_Controller:lcd_ctrl|char_array[27][2] ;
; -1.000 ; 1.000        ; 2.000          ; Min Period      ; clk   ; Rise       ; LCD_Controller:lcd_ctrl|char_array[27][3] ;
; -1.000 ; 1.000        ; 2.000          ; Min Period      ; clk   ; Rise       ; LCD_Controller:lcd_ctrl|char_array[27][4] ;
; -1.000 ; 1.000        ; 2.000          ; Min Period      ; clk   ; Rise       ; LCD_Controller:lcd_ctrl|char_array[27][5] ;
; -1.000 ; 1.000        ; 2.000          ; Min Period      ; clk   ; Rise       ; LCD_Controller:lcd_ctrl|char_array[27][6] ;
; -1.000 ; 1.000        ; 2.000          ; Min Period      ; clk   ; Rise       ; LCD_Controller:lcd_ctrl|char_array[28][0] ;
; -1.000 ; 1.000        ; 2.000          ; Min Period      ; clk   ; Rise       ; LCD_Controller:lcd_ctrl|char_array[28][1] ;
; -1.000 ; 1.000        ; 2.000          ; Min Period      ; clk   ; Rise       ; LCD_Controller:lcd_ctrl|char_array[28][2] ;
; -1.000 ; 1.000        ; 2.000          ; Min Period      ; clk   ; Rise       ; LCD_Controller:lcd_ctrl|char_array[28][3] ;
; -1.000 ; 1.000        ; 2.000          ; Min Period      ; clk   ; Rise       ; LCD_Controller:lcd_ctrl|char_index[0]     ;
; -1.000 ; 1.000        ; 2.000          ; Min Period      ; clk   ; Rise       ; LCD_Controller:lcd_ctrl|char_index[1]     ;
; -1.000 ; 1.000        ; 2.000          ; Min Period      ; clk   ; Rise       ; LCD_Controller:lcd_ctrl|char_index[2]     ;
; -1.000 ; 1.000        ; 2.000          ; Min Period      ; clk   ; Rise       ; LCD_Controller:lcd_ctrl|char_index[3]     ;
; -1.000 ; 1.000        ; 2.000          ; Min Period      ; clk   ; Rise       ; LCD_Controller:lcd_ctrl|char_index[4]     ;
; -1.000 ; 1.000        ; 2.000          ; Min Period      ; clk   ; Rise       ; LCD_Controller:lcd_ctrl|counter[0]        ;
; -1.000 ; 1.000        ; 2.000          ; Min Period      ; clk   ; Rise       ; LCD_Controller:lcd_ctrl|counter[10]       ;
; -1.000 ; 1.000        ; 2.000          ; Min Period      ; clk   ; Rise       ; LCD_Controller:lcd_ctrl|counter[11]       ;
; -1.000 ; 1.000        ; 2.000          ; Min Period      ; clk   ; Rise       ; LCD_Controller:lcd_ctrl|counter[12]       ;
; -1.000 ; 1.000        ; 2.000          ; Min Period      ; clk   ; Rise       ; LCD_Controller:lcd_ctrl|counter[13]       ;
; -1.000 ; 1.000        ; 2.000          ; Min Period      ; clk   ; Rise       ; LCD_Controller:lcd_ctrl|counter[14]       ;
; -1.000 ; 1.000        ; 2.000          ; Min Period      ; clk   ; Rise       ; LCD_Controller:lcd_ctrl|counter[15]       ;
; -1.000 ; 1.000        ; 2.000          ; Min Period      ; clk   ; Rise       ; LCD_Controller:lcd_ctrl|counter[16]       ;
; -1.000 ; 1.000        ; 2.000          ; Min Period      ; clk   ; Rise       ; LCD_Controller:lcd_ctrl|counter[17]       ;
; -1.000 ; 1.000        ; 2.000          ; Min Period      ; clk   ; Rise       ; LCD_Controller:lcd_ctrl|counter[18]       ;
; -1.000 ; 1.000        ; 2.000          ; Min Period      ; clk   ; Rise       ; LCD_Controller:lcd_ctrl|counter[19]       ;
; -1.000 ; 1.000        ; 2.000          ; Min Period      ; clk   ; Rise       ; LCD_Controller:lcd_ctrl|counter[1]        ;
; -1.000 ; 1.000        ; 2.000          ; Min Period      ; clk   ; Rise       ; LCD_Controller:lcd_ctrl|counter[20]       ;
; -1.000 ; 1.000        ; 2.000          ; Min Period      ; clk   ; Rise       ; LCD_Controller:lcd_ctrl|counter[21]       ;
; -1.000 ; 1.000        ; 2.000          ; Min Period      ; clk   ; Rise       ; LCD_Controller:lcd_ctrl|counter[2]        ;
; -1.000 ; 1.000        ; 2.000          ; Min Period      ; clk   ; Rise       ; LCD_Controller:lcd_ctrl|counter[3]        ;
; -1.000 ; 1.000        ; 2.000          ; Min Period      ; clk   ; Rise       ; LCD_Controller:lcd_ctrl|counter[4]        ;
; -1.000 ; 1.000        ; 2.000          ; Min Period      ; clk   ; Rise       ; LCD_Controller:lcd_ctrl|counter[5]        ;
; -1.000 ; 1.000        ; 2.000          ; Min Period      ; clk   ; Rise       ; LCD_Controller:lcd_ctrl|counter[6]        ;
; -1.000 ; 1.000        ; 2.000          ; Min Period      ; clk   ; Rise       ; LCD_Controller:lcd_ctrl|counter[7]        ;
; -1.000 ; 1.000        ; 2.000          ; Min Period      ; clk   ; Rise       ; LCD_Controller:lcd_ctrl|counter[8]        ;
; -1.000 ; 1.000        ; 2.000          ; Min Period      ; clk   ; Rise       ; LCD_Controller:lcd_ctrl|counter[9]        ;
; -1.000 ; 1.000        ; 2.000          ; Min Period      ; clk   ; Rise       ; LCD_Controller:lcd_ctrl|lcd_db[0]         ;
; -1.000 ; 1.000        ; 2.000          ; Min Period      ; clk   ; Rise       ; LCD_Controller:lcd_ctrl|lcd_db[1]         ;
; -1.000 ; 1.000        ; 2.000          ; Min Period      ; clk   ; Rise       ; LCD_Controller:lcd_ctrl|lcd_db[2]         ;
; -1.000 ; 1.000        ; 2.000          ; Min Period      ; clk   ; Rise       ; LCD_Controller:lcd_ctrl|lcd_db[3]         ;
; -1.000 ; 1.000        ; 2.000          ; Min Period      ; clk   ; Rise       ; LCD_Controller:lcd_ctrl|lcd_db[4]         ;
; -1.000 ; 1.000        ; 2.000          ; Min Period      ; clk   ; Rise       ; LCD_Controller:lcd_ctrl|lcd_db[5]         ;
; -1.000 ; 1.000        ; 2.000          ; Min Period      ; clk   ; Rise       ; LCD_Controller:lcd_ctrl|lcd_db[6]         ;
; -1.000 ; 1.000        ; 2.000          ; Min Period      ; clk   ; Rise       ; LCD_Controller:lcd_ctrl|lcd_db[7]         ;
; -1.000 ; 1.000        ; 2.000          ; Min Period      ; clk   ; Rise       ; LCD_Controller:lcd_ctrl|lcd_e             ;
; -1.000 ; 1.000        ; 2.000          ; Min Period      ; clk   ; Rise       ; LCD_Controller:lcd_ctrl|lcd_rs            ;
; -1.000 ; 1.000        ; 2.000          ; Min Period      ; clk   ; Rise       ; LCD_Controller:lcd_ctrl|state.000000      ;
; -1.000 ; 1.000        ; 2.000          ; Min Period      ; clk   ; Rise       ; LCD_Controller:lcd_ctrl|state.000001      ;
; -1.000 ; 1.000        ; 2.000          ; Min Period      ; clk   ; Rise       ; LCD_Controller:lcd_ctrl|state.000010      ;
; -1.000 ; 1.000        ; 2.000          ; Min Period      ; clk   ; Rise       ; LCD_Controller:lcd_ctrl|state.000011      ;
; -1.000 ; 1.000        ; 2.000          ; Min Period      ; clk   ; Rise       ; LCD_Controller:lcd_ctrl|state.000100      ;
; -1.000 ; 1.000        ; 2.000          ; Min Period      ; clk   ; Rise       ; LCD_Controller:lcd_ctrl|state.000101      ;
; -1.000 ; 1.000        ; 2.000          ; Min Period      ; clk   ; Rise       ; LCD_Controller:lcd_ctrl|state.000110      ;
; -1.000 ; 1.000        ; 2.000          ; Min Period      ; clk   ; Rise       ; LCD_Controller:lcd_ctrl|state.000111      ;
; -1.000 ; 1.000        ; 2.000          ; Min Period      ; clk   ; Rise       ; LCD_Controller:lcd_ctrl|state.001000      ;
; -1.000 ; 1.000        ; 2.000          ; Min Period      ; clk   ; Rise       ; LCD_Controller:lcd_ctrl|state.001001      ;
; -0.085 ; 0.099        ; 0.184          ; Low Pulse Width ; clk   ; Rise       ; LCD_Controller:lcd_ctrl|char_array[10][4] ;
; -0.085 ; 0.099        ; 0.184          ; Low Pulse Width ; clk   ; Rise       ; LCD_Controller:lcd_ctrl|char_array[13][2] ;
+--------+--------------+----------------+-----------------+-------+------------+-------------------------------------------+


+--------------------------------------------------------------------------------------------------------------------------------------------------------+
; Fast 1200mV 0C Model Minimum Pulse Width: 'Clock_1MHz:CLK1MHZ|clk_1M'                                                                                  ;
+--------+--------------+----------------+------------+---------------------------+------------+---------------------------------------------------------+
; Slack  ; Actual Width ; Required Width ; Type       ; Clock                     ; Clock Edge ; Target                                                  ;
+--------+--------------+----------------+------------+---------------------------+------------+---------------------------------------------------------+
; -1.000 ; 1.000        ; 2.000          ; Min Period ; Clock_1MHz:CLK1MHZ|clk_1M ; Rise       ; DHT11_Controller:dht11_ctrl|count_1us[0]                ;
; -1.000 ; 1.000        ; 2.000          ; Min Period ; Clock_1MHz:CLK1MHZ|clk_1M ; Rise       ; DHT11_Controller:dht11_ctrl|count_1us[10]               ;
; -1.000 ; 1.000        ; 2.000          ; Min Period ; Clock_1MHz:CLK1MHZ|clk_1M ; Rise       ; DHT11_Controller:dht11_ctrl|count_1us[11]               ;
; -1.000 ; 1.000        ; 2.000          ; Min Period ; Clock_1MHz:CLK1MHZ|clk_1M ; Rise       ; DHT11_Controller:dht11_ctrl|count_1us[12]               ;
; -1.000 ; 1.000        ; 2.000          ; Min Period ; Clock_1MHz:CLK1MHZ|clk_1M ; Rise       ; DHT11_Controller:dht11_ctrl|count_1us[13]               ;
; -1.000 ; 1.000        ; 2.000          ; Min Period ; Clock_1MHz:CLK1MHZ|clk_1M ; Rise       ; DHT11_Controller:dht11_ctrl|count_1us[14]               ;
; -1.000 ; 1.000        ; 2.000          ; Min Period ; Clock_1MHz:CLK1MHZ|clk_1M ; Rise       ; DHT11_Controller:dht11_ctrl|count_1us[15]               ;
; -1.000 ; 1.000        ; 2.000          ; Min Period ; Clock_1MHz:CLK1MHZ|clk_1M ; Rise       ; DHT11_Controller:dht11_ctrl|count_1us[16]               ;
; -1.000 ; 1.000        ; 2.000          ; Min Period ; Clock_1MHz:CLK1MHZ|clk_1M ; Rise       ; DHT11_Controller:dht11_ctrl|count_1us[17]               ;
; -1.000 ; 1.000        ; 2.000          ; Min Period ; Clock_1MHz:CLK1MHZ|clk_1M ; Rise       ; DHT11_Controller:dht11_ctrl|count_1us[18]               ;
; -1.000 ; 1.000        ; 2.000          ; Min Period ; Clock_1MHz:CLK1MHZ|clk_1M ; Rise       ; DHT11_Controller:dht11_ctrl|count_1us[19]               ;
; -1.000 ; 1.000        ; 2.000          ; Min Period ; Clock_1MHz:CLK1MHZ|clk_1M ; Rise       ; DHT11_Controller:dht11_ctrl|count_1us[1]                ;
; -1.000 ; 1.000        ; 2.000          ; Min Period ; Clock_1MHz:CLK1MHZ|clk_1M ; Rise       ; DHT11_Controller:dht11_ctrl|count_1us[20]               ;
; -1.000 ; 1.000        ; 2.000          ; Min Period ; Clock_1MHz:CLK1MHZ|clk_1M ; Rise       ; DHT11_Controller:dht11_ctrl|count_1us[2]                ;
; -1.000 ; 1.000        ; 2.000          ; Min Period ; Clock_1MHz:CLK1MHZ|clk_1M ; Rise       ; DHT11_Controller:dht11_ctrl|count_1us[3]                ;
; -1.000 ; 1.000        ; 2.000          ; Min Period ; Clock_1MHz:CLK1MHZ|clk_1M ; Rise       ; DHT11_Controller:dht11_ctrl|count_1us[4]                ;
; -1.000 ; 1.000        ; 2.000          ; Min Period ; Clock_1MHz:CLK1MHZ|clk_1M ; Rise       ; DHT11_Controller:dht11_ctrl|count_1us[5]                ;
; -1.000 ; 1.000        ; 2.000          ; Min Period ; Clock_1MHz:CLK1MHZ|clk_1M ; Rise       ; DHT11_Controller:dht11_ctrl|count_1us[6]                ;
; -1.000 ; 1.000        ; 2.000          ; Min Period ; Clock_1MHz:CLK1MHZ|clk_1M ; Rise       ; DHT11_Controller:dht11_ctrl|count_1us[7]                ;
; -1.000 ; 1.000        ; 2.000          ; Min Period ; Clock_1MHz:CLK1MHZ|clk_1M ; Rise       ; DHT11_Controller:dht11_ctrl|count_1us[8]                ;
; -1.000 ; 1.000        ; 2.000          ; Min Period ; Clock_1MHz:CLK1MHZ|clk_1M ; Rise       ; DHT11_Controller:dht11_ctrl|count_1us[9]                ;
; -1.000 ; 1.000        ; 2.000          ; Min Period ; Clock_1MHz:CLK1MHZ|clk_1M ; Rise       ; DHT11_Controller:dht11_ctrl|cur_state.CONTROL_HIGH_13US ;
; -1.000 ; 1.000        ; 2.000          ; Min Period ; Clock_1MHz:CLK1MHZ|clk_1M ; Rise       ; DHT11_Controller:dht11_ctrl|cur_state.CONTROL_LOW       ;
; -1.000 ; 1.000        ; 2.000          ; Min Period ; Clock_1MHz:CLK1MHZ|clk_1M ; Rise       ; DHT11_Controller:dht11_ctrl|cur_state.CONTROL_LOW_20MS  ;
; -1.000 ; 1.000        ; 2.000          ; Min Period ; Clock_1MHz:CLK1MHZ|clk_1M ; Rise       ; DHT11_Controller:dht11_ctrl|cur_state.KEEP_DELAY        ;
; -1.000 ; 1.000        ; 2.000          ; Min Period ; Clock_1MHz:CLK1MHZ|clk_1M ; Rise       ; DHT11_Controller:dht11_ctrl|cur_state.READ_DATA         ;
; -1.000 ; 1.000        ; 2.000          ; Min Period ; Clock_1MHz:CLK1MHZ|clk_1M ; Rise       ; DHT11_Controller:dht11_ctrl|cur_state.READ_HIGH_87US    ;
; -1.000 ; 1.000        ; 2.000          ; Min Period ; Clock_1MHz:CLK1MHZ|clk_1M ; Rise       ; DHT11_Controller:dht11_ctrl|cur_state.READ_LOW_83US     ;
; -1.000 ; 1.000        ; 2.000          ; Min Period ; Clock_1MHz:CLK1MHZ|clk_1M ; Rise       ; DHT11_Controller:dht11_ctrl|data_count[0]               ;
; -1.000 ; 1.000        ; 2.000          ; Min Period ; Clock_1MHz:CLK1MHZ|clk_1M ; Rise       ; DHT11_Controller:dht11_ctrl|data_count[1]               ;
; -1.000 ; 1.000        ; 2.000          ; Min Period ; Clock_1MHz:CLK1MHZ|clk_1M ; Rise       ; DHT11_Controller:dht11_ctrl|data_count[2]               ;
; -1.000 ; 1.000        ; 2.000          ; Min Period ; Clock_1MHz:CLK1MHZ|clk_1M ; Rise       ; DHT11_Controller:dht11_ctrl|data_count[3]               ;
; -1.000 ; 1.000        ; 2.000          ; Min Period ; Clock_1MHz:CLK1MHZ|clk_1M ; Rise       ; DHT11_Controller:dht11_ctrl|data_count[4]               ;
; -1.000 ; 1.000        ; 2.000          ; Min Period ; Clock_1MHz:CLK1MHZ|clk_1M ; Rise       ; DHT11_Controller:dht11_ctrl|data_count[5]               ;
; -1.000 ; 1.000        ; 2.000          ; Min Period ; Clock_1MHz:CLK1MHZ|clk_1M ; Rise       ; DHT11_Controller:dht11_ctrl|data_temp[0]                ;
; -1.000 ; 1.000        ; 2.000          ; Min Period ; Clock_1MHz:CLK1MHZ|clk_1M ; Rise       ; DHT11_Controller:dht11_ctrl|data_temp[10]               ;
; -1.000 ; 1.000        ; 2.000          ; Min Period ; Clock_1MHz:CLK1MHZ|clk_1M ; Rise       ; DHT11_Controller:dht11_ctrl|data_temp[11]               ;
; -1.000 ; 1.000        ; 2.000          ; Min Period ; Clock_1MHz:CLK1MHZ|clk_1M ; Rise       ; DHT11_Controller:dht11_ctrl|data_temp[12]               ;
; -1.000 ; 1.000        ; 2.000          ; Min Period ; Clock_1MHz:CLK1MHZ|clk_1M ; Rise       ; DHT11_Controller:dht11_ctrl|data_temp[13]               ;
; -1.000 ; 1.000        ; 2.000          ; Min Period ; Clock_1MHz:CLK1MHZ|clk_1M ; Rise       ; DHT11_Controller:dht11_ctrl|data_temp[14]               ;
; -1.000 ; 1.000        ; 2.000          ; Min Period ; Clock_1MHz:CLK1MHZ|clk_1M ; Rise       ; DHT11_Controller:dht11_ctrl|data_temp[15]               ;
; -1.000 ; 1.000        ; 2.000          ; Min Period ; Clock_1MHz:CLK1MHZ|clk_1M ; Rise       ; DHT11_Controller:dht11_ctrl|data_temp[16]               ;
; -1.000 ; 1.000        ; 2.000          ; Min Period ; Clock_1MHz:CLK1MHZ|clk_1M ; Rise       ; DHT11_Controller:dht11_ctrl|data_temp[17]               ;
; -1.000 ; 1.000        ; 2.000          ; Min Period ; Clock_1MHz:CLK1MHZ|clk_1M ; Rise       ; DHT11_Controller:dht11_ctrl|data_temp[18]               ;
; -1.000 ; 1.000        ; 2.000          ; Min Period ; Clock_1MHz:CLK1MHZ|clk_1M ; Rise       ; DHT11_Controller:dht11_ctrl|data_temp[19]               ;
; -1.000 ; 1.000        ; 2.000          ; Min Period ; Clock_1MHz:CLK1MHZ|clk_1M ; Rise       ; DHT11_Controller:dht11_ctrl|data_temp[1]                ;
; -1.000 ; 1.000        ; 2.000          ; Min Period ; Clock_1MHz:CLK1MHZ|clk_1M ; Rise       ; DHT11_Controller:dht11_ctrl|data_temp[20]               ;
; -1.000 ; 1.000        ; 2.000          ; Min Period ; Clock_1MHz:CLK1MHZ|clk_1M ; Rise       ; DHT11_Controller:dht11_ctrl|data_temp[21]               ;
; -1.000 ; 1.000        ; 2.000          ; Min Period ; Clock_1MHz:CLK1MHZ|clk_1M ; Rise       ; DHT11_Controller:dht11_ctrl|data_temp[22]               ;
; -1.000 ; 1.000        ; 2.000          ; Min Period ; Clock_1MHz:CLK1MHZ|clk_1M ; Rise       ; DHT11_Controller:dht11_ctrl|data_temp[23]               ;
; -1.000 ; 1.000        ; 2.000          ; Min Period ; Clock_1MHz:CLK1MHZ|clk_1M ; Rise       ; DHT11_Controller:dht11_ctrl|data_temp[24]               ;
; -1.000 ; 1.000        ; 2.000          ; Min Period ; Clock_1MHz:CLK1MHZ|clk_1M ; Rise       ; DHT11_Controller:dht11_ctrl|data_temp[25]               ;
; -1.000 ; 1.000        ; 2.000          ; Min Period ; Clock_1MHz:CLK1MHZ|clk_1M ; Rise       ; DHT11_Controller:dht11_ctrl|data_temp[26]               ;
; -1.000 ; 1.000        ; 2.000          ; Min Period ; Clock_1MHz:CLK1MHZ|clk_1M ; Rise       ; DHT11_Controller:dht11_ctrl|data_temp[27]               ;
; -1.000 ; 1.000        ; 2.000          ; Min Period ; Clock_1MHz:CLK1MHZ|clk_1M ; Rise       ; DHT11_Controller:dht11_ctrl|data_temp[28]               ;
; -1.000 ; 1.000        ; 2.000          ; Min Period ; Clock_1MHz:CLK1MHZ|clk_1M ; Rise       ; DHT11_Controller:dht11_ctrl|data_temp[29]               ;
; -1.000 ; 1.000        ; 2.000          ; Min Period ; Clock_1MHz:CLK1MHZ|clk_1M ; Rise       ; DHT11_Controller:dht11_ctrl|data_temp[2]                ;
; -1.000 ; 1.000        ; 2.000          ; Min Period ; Clock_1MHz:CLK1MHZ|clk_1M ; Rise       ; DHT11_Controller:dht11_ctrl|data_temp[30]               ;
; -1.000 ; 1.000        ; 2.000          ; Min Period ; Clock_1MHz:CLK1MHZ|clk_1M ; Rise       ; DHT11_Controller:dht11_ctrl|data_temp[31]               ;
; -1.000 ; 1.000        ; 2.000          ; Min Period ; Clock_1MHz:CLK1MHZ|clk_1M ; Rise       ; DHT11_Controller:dht11_ctrl|data_temp[32]               ;
; -1.000 ; 1.000        ; 2.000          ; Min Period ; Clock_1MHz:CLK1MHZ|clk_1M ; Rise       ; DHT11_Controller:dht11_ctrl|data_temp[33]               ;
; -1.000 ; 1.000        ; 2.000          ; Min Period ; Clock_1MHz:CLK1MHZ|clk_1M ; Rise       ; DHT11_Controller:dht11_ctrl|data_temp[34]               ;
; -1.000 ; 1.000        ; 2.000          ; Min Period ; Clock_1MHz:CLK1MHZ|clk_1M ; Rise       ; DHT11_Controller:dht11_ctrl|data_temp[35]               ;
; -1.000 ; 1.000        ; 2.000          ; Min Period ; Clock_1MHz:CLK1MHZ|clk_1M ; Rise       ; DHT11_Controller:dht11_ctrl|data_temp[36]               ;
; -1.000 ; 1.000        ; 2.000          ; Min Period ; Clock_1MHz:CLK1MHZ|clk_1M ; Rise       ; DHT11_Controller:dht11_ctrl|data_temp[37]               ;
; -1.000 ; 1.000        ; 2.000          ; Min Period ; Clock_1MHz:CLK1MHZ|clk_1M ; Rise       ; DHT11_Controller:dht11_ctrl|data_temp[38]               ;
; -1.000 ; 1.000        ; 2.000          ; Min Period ; Clock_1MHz:CLK1MHZ|clk_1M ; Rise       ; DHT11_Controller:dht11_ctrl|data_temp[39]               ;
; -1.000 ; 1.000        ; 2.000          ; Min Period ; Clock_1MHz:CLK1MHZ|clk_1M ; Rise       ; DHT11_Controller:dht11_ctrl|data_temp[3]                ;
; -1.000 ; 1.000        ; 2.000          ; Min Period ; Clock_1MHz:CLK1MHZ|clk_1M ; Rise       ; DHT11_Controller:dht11_ctrl|data_temp[4]                ;
; -1.000 ; 1.000        ; 2.000          ; Min Period ; Clock_1MHz:CLK1MHZ|clk_1M ; Rise       ; DHT11_Controller:dht11_ctrl|data_temp[5]                ;
; -1.000 ; 1.000        ; 2.000          ; Min Period ; Clock_1MHz:CLK1MHZ|clk_1M ; Rise       ; DHT11_Controller:dht11_ctrl|data_temp[6]                ;
; -1.000 ; 1.000        ; 2.000          ; Min Period ; Clock_1MHz:CLK1MHZ|clk_1M ; Rise       ; DHT11_Controller:dht11_ctrl|data_temp[7]                ;
; -1.000 ; 1.000        ; 2.000          ; Min Period ; Clock_1MHz:CLK1MHZ|clk_1M ; Rise       ; DHT11_Controller:dht11_ctrl|data_temp[8]                ;
; -1.000 ; 1.000        ; 2.000          ; Min Period ; Clock_1MHz:CLK1MHZ|clk_1M ; Rise       ; DHT11_Controller:dht11_ctrl|data_temp[9]                ;
; -1.000 ; 1.000        ; 2.000          ; Min Period ; Clock_1MHz:CLK1MHZ|clk_1M ; Rise       ; DHT11_Controller:dht11_ctrl|data_valid[0]               ;
; -1.000 ; 1.000        ; 2.000          ; Min Period ; Clock_1MHz:CLK1MHZ|clk_1M ; Rise       ; DHT11_Controller:dht11_ctrl|data_valid[10]              ;
; -1.000 ; 1.000        ; 2.000          ; Min Period ; Clock_1MHz:CLK1MHZ|clk_1M ; Rise       ; DHT11_Controller:dht11_ctrl|data_valid[11]              ;
; -1.000 ; 1.000        ; 2.000          ; Min Period ; Clock_1MHz:CLK1MHZ|clk_1M ; Rise       ; DHT11_Controller:dht11_ctrl|data_valid[12]              ;
; -1.000 ; 1.000        ; 2.000          ; Min Period ; Clock_1MHz:CLK1MHZ|clk_1M ; Rise       ; DHT11_Controller:dht11_ctrl|data_valid[13]              ;
; -1.000 ; 1.000        ; 2.000          ; Min Period ; Clock_1MHz:CLK1MHZ|clk_1M ; Rise       ; DHT11_Controller:dht11_ctrl|data_valid[14]              ;
; -1.000 ; 1.000        ; 2.000          ; Min Period ; Clock_1MHz:CLK1MHZ|clk_1M ; Rise       ; DHT11_Controller:dht11_ctrl|data_valid[15]              ;
; -1.000 ; 1.000        ; 2.000          ; Min Period ; Clock_1MHz:CLK1MHZ|clk_1M ; Rise       ; DHT11_Controller:dht11_ctrl|data_valid[16]              ;
; -1.000 ; 1.000        ; 2.000          ; Min Period ; Clock_1MHz:CLK1MHZ|clk_1M ; Rise       ; DHT11_Controller:dht11_ctrl|data_valid[17]              ;
; -1.000 ; 1.000        ; 2.000          ; Min Period ; Clock_1MHz:CLK1MHZ|clk_1M ; Rise       ; DHT11_Controller:dht11_ctrl|data_valid[18]              ;
; -1.000 ; 1.000        ; 2.000          ; Min Period ; Clock_1MHz:CLK1MHZ|clk_1M ; Rise       ; DHT11_Controller:dht11_ctrl|data_valid[19]              ;
; -1.000 ; 1.000        ; 2.000          ; Min Period ; Clock_1MHz:CLK1MHZ|clk_1M ; Rise       ; DHT11_Controller:dht11_ctrl|data_valid[1]               ;
; -1.000 ; 1.000        ; 2.000          ; Min Period ; Clock_1MHz:CLK1MHZ|clk_1M ; Rise       ; DHT11_Controller:dht11_ctrl|data_valid[20]              ;
; -1.000 ; 1.000        ; 2.000          ; Min Period ; Clock_1MHz:CLK1MHZ|clk_1M ; Rise       ; DHT11_Controller:dht11_ctrl|data_valid[21]              ;
; -1.000 ; 1.000        ; 2.000          ; Min Period ; Clock_1MHz:CLK1MHZ|clk_1M ; Rise       ; DHT11_Controller:dht11_ctrl|data_valid[22]              ;
; -1.000 ; 1.000        ; 2.000          ; Min Period ; Clock_1MHz:CLK1MHZ|clk_1M ; Rise       ; DHT11_Controller:dht11_ctrl|data_valid[23]              ;
; -1.000 ; 1.000        ; 2.000          ; Min Period ; Clock_1MHz:CLK1MHZ|clk_1M ; Rise       ; DHT11_Controller:dht11_ctrl|data_valid[24]              ;
; -1.000 ; 1.000        ; 2.000          ; Min Period ; Clock_1MHz:CLK1MHZ|clk_1M ; Rise       ; DHT11_Controller:dht11_ctrl|data_valid[25]              ;
; -1.000 ; 1.000        ; 2.000          ; Min Period ; Clock_1MHz:CLK1MHZ|clk_1M ; Rise       ; DHT11_Controller:dht11_ctrl|data_valid[26]              ;
; -1.000 ; 1.000        ; 2.000          ; Min Period ; Clock_1MHz:CLK1MHZ|clk_1M ; Rise       ; DHT11_Controller:dht11_ctrl|data_valid[27]              ;
; -1.000 ; 1.000        ; 2.000          ; Min Period ; Clock_1MHz:CLK1MHZ|clk_1M ; Rise       ; DHT11_Controller:dht11_ctrl|data_valid[28]              ;
; -1.000 ; 1.000        ; 2.000          ; Min Period ; Clock_1MHz:CLK1MHZ|clk_1M ; Rise       ; DHT11_Controller:dht11_ctrl|data_valid[29]              ;
; -1.000 ; 1.000        ; 2.000          ; Min Period ; Clock_1MHz:CLK1MHZ|clk_1M ; Rise       ; DHT11_Controller:dht11_ctrl|data_valid[2]               ;
; -1.000 ; 1.000        ; 2.000          ; Min Period ; Clock_1MHz:CLK1MHZ|clk_1M ; Rise       ; DHT11_Controller:dht11_ctrl|data_valid[30]              ;
; -1.000 ; 1.000        ; 2.000          ; Min Period ; Clock_1MHz:CLK1MHZ|clk_1M ; Rise       ; DHT11_Controller:dht11_ctrl|data_valid[31]              ;
; -1.000 ; 1.000        ; 2.000          ; Min Period ; Clock_1MHz:CLK1MHZ|clk_1M ; Rise       ; DHT11_Controller:dht11_ctrl|data_valid[3]               ;
+--------+--------------+----------------+------------+---------------------------+------------+---------------------------------------------------------+


+------------------------------------------------------------------------------------------------+
; Setup Times                                                                                    ;
+-----------+---------------------------+-------+-------+------------+---------------------------+
; Data Port ; Clock Port                ; Rise  ; Fall  ; Clock Edge ; Clock Reference           ;
+-----------+---------------------------+-------+-------+------------+---------------------------+
; dht11     ; Clock_1MHz:CLK1MHZ|clk_1M ; 1.179 ; 1.702 ; Rise       ; Clock_1MHz:CLK1MHZ|clk_1M ;
+-----------+---------------------------+-------+-------+------------+---------------------------+


+--------------------------------------------------------------------------------------------------+
; Hold Times                                                                                       ;
+-----------+---------------------------+--------+--------+------------+---------------------------+
; Data Port ; Clock Port                ; Rise   ; Fall   ; Clock Edge ; Clock Reference           ;
+-----------+---------------------------+--------+--------+------------+---------------------------+
; dht11     ; Clock_1MHz:CLK1MHZ|clk_1M ; -0.938 ; -1.454 ; Rise       ; Clock_1MHz:CLK1MHZ|clk_1M ;
+-----------+---------------------------+--------+--------+------------+---------------------------+


+---------------------------------------------------------------------------------------------------+
; Clock to Output Times                                                                             ;
+--------------+---------------------------+-------+-------+------------+---------------------------+
; Data Port    ; Clock Port                ; Rise  ; Fall  ; Clock Edge ; Clock Reference           ;
+--------------+---------------------------+-------+-------+------------+---------------------------+
; dht11        ; Clock_1MHz:CLK1MHZ|clk_1M ; 3.761 ; 3.692 ; Rise       ; Clock_1MHz:CLK1MHZ|clk_1M ;
; led_hum[*]   ; Clock_1MHz:CLK1MHZ|clk_1M ; 5.927 ; 6.260 ; Rise       ; Clock_1MHz:CLK1MHZ|clk_1M ;
;  led_hum[0]  ; Clock_1MHz:CLK1MHZ|clk_1M ; 3.773 ; 3.864 ; Rise       ; Clock_1MHz:CLK1MHZ|clk_1M ;
;  led_hum[1]  ; Clock_1MHz:CLK1MHZ|clk_1M ; 3.833 ; 3.924 ; Rise       ; Clock_1MHz:CLK1MHZ|clk_1M ;
;  led_hum[2]  ; Clock_1MHz:CLK1MHZ|clk_1M ; 3.983 ; 4.089 ; Rise       ; Clock_1MHz:CLK1MHZ|clk_1M ;
;  led_hum[3]  ; Clock_1MHz:CLK1MHZ|clk_1M ; 3.766 ; 3.854 ; Rise       ; Clock_1MHz:CLK1MHZ|clk_1M ;
;  led_hum[4]  ; Clock_1MHz:CLK1MHZ|clk_1M ; 4.723 ; 4.945 ; Rise       ; Clock_1MHz:CLK1MHZ|clk_1M ;
;  led_hum[5]  ; Clock_1MHz:CLK1MHZ|clk_1M ; 4.977 ; 5.172 ; Rise       ; Clock_1MHz:CLK1MHZ|clk_1M ;
;  led_hum[6]  ; Clock_1MHz:CLK1MHZ|clk_1M ; 4.450 ; 4.663 ; Rise       ; Clock_1MHz:CLK1MHZ|clk_1M ;
;  led_hum[7]  ; Clock_1MHz:CLK1MHZ|clk_1M ; 5.927 ; 6.260 ; Rise       ; Clock_1MHz:CLK1MHZ|clk_1M ;
; led_temp[*]  ; Clock_1MHz:CLK1MHZ|clk_1M ; 5.472 ; 5.726 ; Rise       ; Clock_1MHz:CLK1MHZ|clk_1M ;
;  led_temp[0] ; Clock_1MHz:CLK1MHZ|clk_1M ; 4.678 ; 4.851 ; Rise       ; Clock_1MHz:CLK1MHZ|clk_1M ;
;  led_temp[1] ; Clock_1MHz:CLK1MHZ|clk_1M ; 5.472 ; 5.726 ; Rise       ; Clock_1MHz:CLK1MHZ|clk_1M ;
;  led_temp[2] ; Clock_1MHz:CLK1MHZ|clk_1M ; 4.441 ; 4.646 ; Rise       ; Clock_1MHz:CLK1MHZ|clk_1M ;
;  led_temp[3] ; Clock_1MHz:CLK1MHZ|clk_1M ; 4.680 ; 4.870 ; Rise       ; Clock_1MHz:CLK1MHZ|clk_1M ;
;  led_temp[4] ; Clock_1MHz:CLK1MHZ|clk_1M ; 4.422 ; 4.578 ; Rise       ; Clock_1MHz:CLK1MHZ|clk_1M ;
;  led_temp[5] ; Clock_1MHz:CLK1MHZ|clk_1M ; 4.565 ; 4.779 ; Rise       ; Clock_1MHz:CLK1MHZ|clk_1M ;
; lcd_db[*]    ; clk                       ; 4.634 ; 4.818 ; Rise       ; clk                       ;
;  lcd_db[0]   ; clk                       ; 3.664 ; 3.795 ; Rise       ; clk                       ;
;  lcd_db[1]   ; clk                       ; 4.241 ; 4.400 ; Rise       ; clk                       ;
;  lcd_db[2]   ; clk                       ; 3.971 ; 4.119 ; Rise       ; clk                       ;
;  lcd_db[3]   ; clk                       ; 4.634 ; 4.818 ; Rise       ; clk                       ;
;  lcd_db[4]   ; clk                       ; 4.116 ; 4.290 ; Rise       ; clk                       ;
;  lcd_db[5]   ; clk                       ; 4.016 ; 4.165 ; Rise       ; clk                       ;
;  lcd_db[6]   ; clk                       ; 3.899 ; 4.049 ; Rise       ; clk                       ;
;  lcd_db[7]   ; clk                       ; 3.823 ; 3.942 ; Rise       ; clk                       ;
; lcd_e        ; clk                       ; 3.933 ; 4.097 ; Rise       ; clk                       ;
; lcd_rs       ; clk                       ; 4.351 ; 4.522 ; Rise       ; clk                       ;
+--------------+---------------------------+-------+-------+------------+---------------------------+


+---------------------------------------------------------------------------------------------------+
; Minimum Clock to Output Times                                                                     ;
+--------------+---------------------------+-------+-------+------------+---------------------------+
; Data Port    ; Clock Port                ; Rise  ; Fall  ; Clock Edge ; Clock Reference           ;
+--------------+---------------------------+-------+-------+------------+---------------------------+
; dht11        ; Clock_1MHz:CLK1MHZ|clk_1M ; 3.623 ; 3.556 ; Rise       ; Clock_1MHz:CLK1MHZ|clk_1M ;
; led_hum[*]   ; Clock_1MHz:CLK1MHZ|clk_1M ; 3.628 ; 3.713 ; Rise       ; Clock_1MHz:CLK1MHZ|clk_1M ;
;  led_hum[0]  ; Clock_1MHz:CLK1MHZ|clk_1M ; 3.633 ; 3.721 ; Rise       ; Clock_1MHz:CLK1MHZ|clk_1M ;
;  led_hum[1]  ; Clock_1MHz:CLK1MHZ|clk_1M ; 3.692 ; 3.780 ; Rise       ; Clock_1MHz:CLK1MHZ|clk_1M ;
;  led_hum[2]  ; Clock_1MHz:CLK1MHZ|clk_1M ; 3.837 ; 3.938 ; Rise       ; Clock_1MHz:CLK1MHZ|clk_1M ;
;  led_hum[3]  ; Clock_1MHz:CLK1MHZ|clk_1M ; 3.628 ; 3.713 ; Rise       ; Clock_1MHz:CLK1MHZ|clk_1M ;
;  led_hum[4]  ; Clock_1MHz:CLK1MHZ|clk_1M ; 4.550 ; 4.764 ; Rise       ; Clock_1MHz:CLK1MHZ|clk_1M ;
;  led_hum[5]  ; Clock_1MHz:CLK1MHZ|clk_1M ; 4.828 ; 5.017 ; Rise       ; Clock_1MHz:CLK1MHZ|clk_1M ;
;  led_hum[6]  ; Clock_1MHz:CLK1MHZ|clk_1M ; 4.285 ; 4.490 ; Rise       ; Clock_1MHz:CLK1MHZ|clk_1M ;
;  led_hum[7]  ; Clock_1MHz:CLK1MHZ|clk_1M ; 5.740 ; 6.063 ; Rise       ; Clock_1MHz:CLK1MHZ|clk_1M ;
; led_temp[*]  ; Clock_1MHz:CLK1MHZ|clk_1M ; 4.260 ; 4.411 ; Rise       ; Clock_1MHz:CLK1MHZ|clk_1M ;
;  led_temp[0] ; Clock_1MHz:CLK1MHZ|clk_1M ; 4.503 ; 4.669 ; Rise       ; Clock_1MHz:CLK1MHZ|clk_1M ;
;  led_temp[1] ; Clock_1MHz:CLK1MHZ|clk_1M ; 5.303 ; 5.549 ; Rise       ; Clock_1MHz:CLK1MHZ|clk_1M ;
;  led_temp[2] ; Clock_1MHz:CLK1MHZ|clk_1M ; 4.275 ; 4.472 ; Rise       ; Clock_1MHz:CLK1MHZ|clk_1M ;
;  led_temp[3] ; Clock_1MHz:CLK1MHZ|clk_1M ; 4.505 ; 4.687 ; Rise       ; Clock_1MHz:CLK1MHZ|clk_1M ;
;  led_temp[4] ; Clock_1MHz:CLK1MHZ|clk_1M ; 4.260 ; 4.411 ; Rise       ; Clock_1MHz:CLK1MHZ|clk_1M ;
;  led_temp[5] ; Clock_1MHz:CLK1MHZ|clk_1M ; 4.398 ; 4.604 ; Rise       ; Clock_1MHz:CLK1MHZ|clk_1M ;
; lcd_db[*]    ; clk                       ; 3.540 ; 3.666 ; Rise       ; clk                       ;
;  lcd_db[0]   ; clk                       ; 3.540 ; 3.666 ; Rise       ; clk                       ;
;  lcd_db[1]   ; clk                       ; 4.093 ; 4.246 ; Rise       ; clk                       ;
;  lcd_db[2]   ; clk                       ; 3.834 ; 3.975 ; Rise       ; clk                       ;
;  lcd_db[3]   ; clk                       ; 4.509 ; 4.688 ; Rise       ; clk                       ;
;  lcd_db[4]   ; clk                       ; 3.973 ; 4.140 ; Rise       ; clk                       ;
;  lcd_db[5]   ; clk                       ; 3.878 ; 4.021 ; Rise       ; clk                       ;
;  lcd_db[6]   ; clk                       ; 3.766 ; 3.909 ; Rise       ; clk                       ;
;  lcd_db[7]   ; clk                       ; 3.692 ; 3.807 ; Rise       ; clk                       ;
; lcd_e        ; clk                       ; 3.798 ; 3.956 ; Rise       ; clk                       ;
; lcd_rs       ; clk                       ; 4.199 ; 4.363 ; Rise       ; clk                       ;
+--------------+---------------------------+-------+-------+------------+---------------------------+


---------------------------------------------
; Fast 1200mV 0C Model Metastability Report ;
---------------------------------------------
No synchronizer chains to report.


+-------------------------------------------------------------------------------------------+
; Multicorner Timing Analysis Summary                                                       ;
+----------------------------+----------+--------+----------+---------+---------------------+
; Clock                      ; Setup    ; Hold   ; Recovery ; Removal ; Minimum Pulse Width ;
+----------------------------+----------+--------+----------+---------+---------------------+
; Worst-case Slack           ; -9.314   ; -0.180 ; N/A      ; N/A     ; -3.000              ;
;  Clock_1MHz:CLK1MHZ|clk_1M ; -4.656   ; 0.186  ; N/A      ; N/A     ; -1.000              ;
;  clk                       ; -9.314   ; -0.180 ; N/A      ; N/A     ; -3.000              ;
; Design-wide TNS            ; -597.552 ; -0.18  ; 0.0      ; 0.0     ; -224.097            ;
;  Clock_1MHz:CLK1MHZ|clk_1M ; -291.262 ; 0.000  ; N/A      ; N/A     ; -118.000            ;
;  clk                       ; -306.290 ; -0.180 ; N/A      ; N/A     ; -106.097            ;
+----------------------------+----------+--------+----------+---------+---------------------+


+------------------------------------------------------------------------------------------------+
; Setup Times                                                                                    ;
+-----------+---------------------------+-------+-------+------------+---------------------------+
; Data Port ; Clock Port                ; Rise  ; Fall  ; Clock Edge ; Clock Reference           ;
+-----------+---------------------------+-------+-------+------------+---------------------------+
; dht11     ; Clock_1MHz:CLK1MHZ|clk_1M ; 2.139 ; 2.523 ; Rise       ; Clock_1MHz:CLK1MHZ|clk_1M ;
+-----------+---------------------------+-------+-------+------------+---------------------------+


+--------------------------------------------------------------------------------------------------+
; Hold Times                                                                                       ;
+-----------+---------------------------+--------+--------+------------+---------------------------+
; Data Port ; Clock Port                ; Rise   ; Fall   ; Clock Edge ; Clock Reference           ;
+-----------+---------------------------+--------+--------+------------+---------------------------+
; dht11     ; Clock_1MHz:CLK1MHZ|clk_1M ; -0.938 ; -1.454 ; Rise       ; Clock_1MHz:CLK1MHZ|clk_1M ;
+-----------+---------------------------+--------+--------+------------+---------------------------+


+----------------------------------------------------------------------------------------------------+
; Clock to Output Times                                                                              ;
+--------------+---------------------------+-------+--------+------------+---------------------------+
; Data Port    ; Clock Port                ; Rise  ; Fall   ; Clock Edge ; Clock Reference           ;
+--------------+---------------------------+-------+--------+------------+---------------------------+
; dht11        ; Clock_1MHz:CLK1MHZ|clk_1M ; 6.303 ; 6.322  ; Rise       ; Clock_1MHz:CLK1MHZ|clk_1M ;
; led_hum[*]   ; Clock_1MHz:CLK1MHZ|clk_1M ; 9.865 ; 10.064 ; Rise       ; Clock_1MHz:CLK1MHZ|clk_1M ;
;  led_hum[0]  ; Clock_1MHz:CLK1MHZ|clk_1M ; 6.432 ; 6.441  ; Rise       ; Clock_1MHz:CLK1MHZ|clk_1M ;
;  led_hum[1]  ; Clock_1MHz:CLK1MHZ|clk_1M ; 6.553 ; 6.555  ; Rise       ; Clock_1MHz:CLK1MHZ|clk_1M ;
;  led_hum[2]  ; Clock_1MHz:CLK1MHZ|clk_1M ; 6.807 ; 6.816  ; Rise       ; Clock_1MHz:CLK1MHZ|clk_1M ;
;  led_hum[3]  ; Clock_1MHz:CLK1MHZ|clk_1M ; 6.433 ; 6.443  ; Rise       ; Clock_1MHz:CLK1MHZ|clk_1M ;
;  led_hum[4]  ; Clock_1MHz:CLK1MHZ|clk_1M ; 8.151 ; 8.164  ; Rise       ; Clock_1MHz:CLK1MHZ|clk_1M ;
;  led_hum[5]  ; Clock_1MHz:CLK1MHZ|clk_1M ; 8.199 ; 8.343  ; Rise       ; Clock_1MHz:CLK1MHZ|clk_1M ;
;  led_hum[6]  ; Clock_1MHz:CLK1MHZ|clk_1M ; 7.610 ; 7.754  ; Rise       ; Clock_1MHz:CLK1MHZ|clk_1M ;
;  led_hum[7]  ; Clock_1MHz:CLK1MHZ|clk_1M ; 9.865 ; 10.064 ; Rise       ; Clock_1MHz:CLK1MHZ|clk_1M ;
; led_temp[*]  ; Clock_1MHz:CLK1MHZ|clk_1M ; 9.052 ; 9.212  ; Rise       ; Clock_1MHz:CLK1MHZ|clk_1M ;
;  led_temp[0] ; Clock_1MHz:CLK1MHZ|clk_1M ; 7.951 ; 8.077  ; Rise       ; Clock_1MHz:CLK1MHZ|clk_1M ;
;  led_temp[1] ; Clock_1MHz:CLK1MHZ|clk_1M ; 9.052 ; 9.212  ; Rise       ; Clock_1MHz:CLK1MHZ|clk_1M ;
;  led_temp[2] ; Clock_1MHz:CLK1MHZ|clk_1M ; 7.570 ; 7.674  ; Rise       ; Clock_1MHz:CLK1MHZ|clk_1M ;
;  led_temp[3] ; Clock_1MHz:CLK1MHZ|clk_1M ; 7.947 ; 8.070  ; Rise       ; Clock_1MHz:CLK1MHZ|clk_1M ;
;  led_temp[4] ; Clock_1MHz:CLK1MHZ|clk_1M ; 7.615 ; 7.645  ; Rise       ; Clock_1MHz:CLK1MHZ|clk_1M ;
;  led_temp[5] ; Clock_1MHz:CLK1MHZ|clk_1M ; 7.786 ; 7.897  ; Rise       ; Clock_1MHz:CLK1MHZ|clk_1M ;
; lcd_db[*]    ; clk                       ; 7.655 ; 7.802  ; Rise       ; clk                       ;
;  lcd_db[0]   ; clk                       ; 6.251 ; 6.332  ; Rise       ; clk                       ;
;  lcd_db[1]   ; clk                       ; 7.322 ; 7.390  ; Rise       ; clk                       ;
;  lcd_db[2]   ; clk                       ; 6.845 ; 6.906  ; Rise       ; clk                       ;
;  lcd_db[3]   ; clk                       ; 7.655 ; 7.802  ; Rise       ; clk                       ;
;  lcd_db[4]   ; clk                       ; 7.079 ; 7.150  ; Rise       ; clk                       ;
;  lcd_db[5]   ; clk                       ; 6.930 ; 6.985  ; Rise       ; clk                       ;
;  lcd_db[6]   ; clk                       ; 6.675 ; 6.751  ; Rise       ; clk                       ;
;  lcd_db[7]   ; clk                       ; 6.577 ; 6.648  ; Rise       ; clk                       ;
; lcd_e        ; clk                       ; 6.719 ; 6.810  ; Rise       ; clk                       ;
; lcd_rs       ; clk                       ; 7.507 ; 7.555  ; Rise       ; clk                       ;
+--------------+---------------------------+-------+--------+------------+---------------------------+


+---------------------------------------------------------------------------------------------------+
; Minimum Clock to Output Times                                                                     ;
+--------------+---------------------------+-------+-------+------------+---------------------------+
; Data Port    ; Clock Port                ; Rise  ; Fall  ; Clock Edge ; Clock Reference           ;
+--------------+---------------------------+-------+-------+------------+---------------------------+
; dht11        ; Clock_1MHz:CLK1MHZ|clk_1M ; 3.623 ; 3.556 ; Rise       ; Clock_1MHz:CLK1MHZ|clk_1M ;
; led_hum[*]   ; Clock_1MHz:CLK1MHZ|clk_1M ; 3.628 ; 3.713 ; Rise       ; Clock_1MHz:CLK1MHZ|clk_1M ;
;  led_hum[0]  ; Clock_1MHz:CLK1MHZ|clk_1M ; 3.633 ; 3.721 ; Rise       ; Clock_1MHz:CLK1MHZ|clk_1M ;
;  led_hum[1]  ; Clock_1MHz:CLK1MHZ|clk_1M ; 3.692 ; 3.780 ; Rise       ; Clock_1MHz:CLK1MHZ|clk_1M ;
;  led_hum[2]  ; Clock_1MHz:CLK1MHZ|clk_1M ; 3.837 ; 3.938 ; Rise       ; Clock_1MHz:CLK1MHZ|clk_1M ;
;  led_hum[3]  ; Clock_1MHz:CLK1MHZ|clk_1M ; 3.628 ; 3.713 ; Rise       ; Clock_1MHz:CLK1MHZ|clk_1M ;
;  led_hum[4]  ; Clock_1MHz:CLK1MHZ|clk_1M ; 4.550 ; 4.764 ; Rise       ; Clock_1MHz:CLK1MHZ|clk_1M ;
;  led_hum[5]  ; Clock_1MHz:CLK1MHZ|clk_1M ; 4.828 ; 5.017 ; Rise       ; Clock_1MHz:CLK1MHZ|clk_1M ;
;  led_hum[6]  ; Clock_1MHz:CLK1MHZ|clk_1M ; 4.285 ; 4.490 ; Rise       ; Clock_1MHz:CLK1MHZ|clk_1M ;
;  led_hum[7]  ; Clock_1MHz:CLK1MHZ|clk_1M ; 5.740 ; 6.063 ; Rise       ; Clock_1MHz:CLK1MHZ|clk_1M ;
; led_temp[*]  ; Clock_1MHz:CLK1MHZ|clk_1M ; 4.260 ; 4.411 ; Rise       ; Clock_1MHz:CLK1MHZ|clk_1M ;
;  led_temp[0] ; Clock_1MHz:CLK1MHZ|clk_1M ; 4.503 ; 4.669 ; Rise       ; Clock_1MHz:CLK1MHZ|clk_1M ;
;  led_temp[1] ; Clock_1MHz:CLK1MHZ|clk_1M ; 5.303 ; 5.549 ; Rise       ; Clock_1MHz:CLK1MHZ|clk_1M ;
;  led_temp[2] ; Clock_1MHz:CLK1MHZ|clk_1M ; 4.275 ; 4.472 ; Rise       ; Clock_1MHz:CLK1MHZ|clk_1M ;
;  led_temp[3] ; Clock_1MHz:CLK1MHZ|clk_1M ; 4.505 ; 4.687 ; Rise       ; Clock_1MHz:CLK1MHZ|clk_1M ;
;  led_temp[4] ; Clock_1MHz:CLK1MHZ|clk_1M ; 4.260 ; 4.411 ; Rise       ; Clock_1MHz:CLK1MHZ|clk_1M ;
;  led_temp[5] ; Clock_1MHz:CLK1MHZ|clk_1M ; 4.398 ; 4.604 ; Rise       ; Clock_1MHz:CLK1MHZ|clk_1M ;
; lcd_db[*]    ; clk                       ; 3.540 ; 3.666 ; Rise       ; clk                       ;
;  lcd_db[0]   ; clk                       ; 3.540 ; 3.666 ; Rise       ; clk                       ;
;  lcd_db[1]   ; clk                       ; 4.093 ; 4.246 ; Rise       ; clk                       ;
;  lcd_db[2]   ; clk                       ; 3.834 ; 3.975 ; Rise       ; clk                       ;
;  lcd_db[3]   ; clk                       ; 4.509 ; 4.688 ; Rise       ; clk                       ;
;  lcd_db[4]   ; clk                       ; 3.973 ; 4.140 ; Rise       ; clk                       ;
;  lcd_db[5]   ; clk                       ; 3.878 ; 4.021 ; Rise       ; clk                       ;
;  lcd_db[6]   ; clk                       ; 3.766 ; 3.909 ; Rise       ; clk                       ;
;  lcd_db[7]   ; clk                       ; 3.692 ; 3.807 ; Rise       ; clk                       ;
; lcd_e        ; clk                       ; 3.798 ; 3.956 ; Rise       ; clk                       ;
; lcd_rs       ; clk                       ; 4.199 ; 4.363 ; Rise       ; clk                       ;
+--------------+---------------------------+-------+-------+------------+---------------------------+


+------------------------------------------------------------------------------------------------------------------------------------------------------------------------------------------------------------------------------------------------------------------------------------------------------------------------------------------------------------------------------------------------------------------+
; Board Trace Model Assignments                                                                                                                                                                                                                                                                                                                                                                                    ;
+---------------+--------------+-------------------+-------------------------+-------------------------+---------------+---------------------+----------------+------------------+--------+------------------+------------------------+------------------------+--------------+---------------+-----------------+-------+---------------------+--------------------+---------------+-----------------+-------------+
; Pin           ; I/O Standard ; Near Tline Length ; Near Tline L per Length ; Near Tline C per Length ; Near Series R ; Near Differential R ; Near Pull-up R ; Near Pull-down R ; Near C ; Far Tline Length ; Far Tline L per Length ; Far Tline C per Length ; Far Series R ; Far Pull-up R ; Far Pull-down R ; Far C ; Termination Voltage ; Far Differential R ; EBD File Name ; EBD Signal Name ; EBD Far-end ;
+---------------+--------------+-------------------+-------------------------+-------------------------+---------------+---------------------+----------------+------------------+--------+------------------+------------------------+------------------------+--------------+---------------+-----------------+-------+---------------------+--------------------+---------------+-----------------+-------------+
; lcd_rs        ; 2.5 V        ; 0 in              ; 0 H/in                  ; 0 F/in                  ; short         ; -                   ; open           ; open             ; open   ; 0 in             ; 0 H/in                 ; 0 F/in                 ; short        ; open          ; open            ; open  ; 0 V                 ; -                  ; n/a           ; n/a             ; n/a         ;
; lcd_e         ; 2.5 V        ; 0 in              ; 0 H/in                  ; 0 F/in                  ; short         ; -                   ; open           ; open             ; open   ; 0 in             ; 0 H/in                 ; 0 F/in                 ; short        ; open          ; open            ; open  ; 0 V                 ; -                  ; n/a           ; n/a             ; n/a         ;
; lcd_db[0]     ; 2.5 V        ; 0 in              ; 0 H/in                  ; 0 F/in                  ; short         ; -                   ; open           ; open             ; open   ; 0 in             ; 0 H/in                 ; 0 F/in                 ; short        ; open          ; open            ; open  ; 0 V                 ; -                  ; n/a           ; n/a             ; n/a         ;
; lcd_db[1]     ; 2.5 V        ; 0 in              ; 0 H/in                  ; 0 F/in                  ; short         ; -                   ; open           ; open             ; open   ; 0 in             ; 0 H/in                 ; 0 F/in                 ; short        ; open          ; open            ; open  ; 0 V                 ; -                  ; n/a           ; n/a             ; n/a         ;
; lcd_db[2]     ; 2.5 V        ; 0 in              ; 0 H/in                  ; 0 F/in                  ; short         ; -                   ; open           ; open             ; open   ; 0 in             ; 0 H/in                 ; 0 F/in                 ; short        ; open          ; open            ; open  ; 0 V                 ; -                  ; n/a           ; n/a             ; n/a         ;
; lcd_db[3]     ; 2.5 V        ; 0 in              ; 0 H/in                  ; 0 F/in                  ; short         ; -                   ; open           ; open             ; open   ; 0 in             ; 0 H/in                 ; 0 F/in                 ; short        ; open          ; open            ; open  ; 0 V                 ; -                  ; n/a           ; n/a             ; n/a         ;
; lcd_db[4]     ; 2.5 V        ; 0 in              ; 0 H/in                  ; 0 F/in                  ; short         ; -                   ; open           ; open             ; open   ; 0 in             ; 0 H/in                 ; 0 F/in                 ; short        ; open          ; open            ; open  ; 0 V                 ; -                  ; n/a           ; n/a             ; n/a         ;
; lcd_db[5]     ; 2.5 V        ; 0 in              ; 0 H/in                  ; 0 F/in                  ; short         ; -                   ; open           ; open             ; open   ; 0 in             ; 0 H/in                 ; 0 F/in                 ; short        ; open          ; open            ; open  ; 0 V                 ; -                  ; n/a           ; n/a             ; n/a         ;
; lcd_db[6]     ; 2.5 V        ; 0 in              ; 0 H/in                  ; 0 F/in                  ; short         ; -                   ; open           ; open             ; open   ; 0 in             ; 0 H/in                 ; 0 F/in                 ; short        ; open          ; open            ; open  ; 0 V                 ; -                  ; n/a           ; n/a             ; n/a         ;
; lcd_db[7]     ; 2.5 V        ; 0 in              ; 0 H/in                  ; 0 F/in                  ; short         ; -                   ; open           ; open             ; open   ; 0 in             ; 0 H/in                 ; 0 F/in                 ; short        ; open          ; open            ; open  ; 0 V                 ; -                  ; n/a           ; n/a             ; n/a         ;
; led_hum[0]    ; 2.5 V        ; 0 in              ; 0 H/in                  ; 0 F/in                  ; short         ; -                   ; open           ; open             ; open   ; 0 in             ; 0 H/in                 ; 0 F/in                 ; short        ; open          ; open            ; open  ; 0 V                 ; -                  ; n/a           ; n/a             ; n/a         ;
; led_hum[1]    ; 2.5 V        ; 0 in              ; 0 H/in                  ; 0 F/in                  ; short         ; -                   ; open           ; open             ; open   ; 0 in             ; 0 H/in                 ; 0 F/in                 ; short        ; open          ; open            ; open  ; 0 V                 ; -                  ; n/a           ; n/a             ; n/a         ;
; led_hum[2]    ; 2.5 V        ; 0 in              ; 0 H/in                  ; 0 F/in                  ; short         ; -                   ; open           ; open             ; open   ; 0 in             ; 0 H/in                 ; 0 F/in                 ; short        ; open          ; open            ; open  ; 0 V                 ; -                  ; n/a           ; n/a             ; n/a         ;
; led_hum[3]    ; 2.5 V        ; 0 in              ; 0 H/in                  ; 0 F/in                  ; short         ; -                   ; open           ; open             ; open   ; 0 in             ; 0 H/in                 ; 0 F/in                 ; short        ; open          ; open            ; open  ; 0 V                 ; -                  ; n/a           ; n/a             ; n/a         ;
; led_hum[4]    ; 2.5 V        ; 0 in              ; 0 H/in                  ; 0 F/in                  ; short         ; -                   ; open           ; open             ; open   ; 0 in             ; 0 H/in                 ; 0 F/in                 ; short        ; open          ; open            ; open  ; 0 V                 ; -                  ; n/a           ; n/a             ; n/a         ;
; led_hum[5]    ; 2.5 V        ; 0 in              ; 0 H/in                  ; 0 F/in                  ; short         ; -                   ; open           ; open             ; open   ; 0 in             ; 0 H/in                 ; 0 F/in                 ; short        ; open          ; open            ; open  ; 0 V                 ; -                  ; n/a           ; n/a             ; n/a         ;
; led_hum[6]    ; 2.5 V        ; 0 in              ; 0 H/in                  ; 0 F/in                  ; short         ; -                   ; open           ; open             ; open   ; 0 in             ; 0 H/in                 ; 0 F/in                 ; short        ; open          ; open            ; open  ; 0 V                 ; -                  ; n/a           ; n/a             ; n/a         ;
; led_hum[7]    ; 2.5 V        ; 0 in              ; 0 H/in                  ; 0 F/in                  ; short         ; -                   ; open           ; open             ; open   ; 0 in             ; 0 H/in                 ; 0 F/in                 ; short        ; open          ; open            ; open  ; 0 V                 ; -                  ; n/a           ; n/a             ; n/a         ;
; led_temp[0]   ; 2.5 V        ; 0 in              ; 0 H/in                  ; 0 F/in                  ; short         ; -                   ; open           ; open             ; open   ; 0 in             ; 0 H/in                 ; 0 F/in                 ; short        ; open          ; open            ; open  ; 0 V                 ; -                  ; n/a           ; n/a             ; n/a         ;
; led_temp[1]   ; 2.5 V        ; 0 in              ; 0 H/in                  ; 0 F/in                  ; short         ; -                   ; open           ; open             ; open   ; 0 in             ; 0 H/in                 ; 0 F/in                 ; short        ; open          ; open            ; open  ; 0 V                 ; -                  ; n/a           ; n/a             ; n/a         ;
; led_temp[2]   ; 2.5 V        ; 0 in              ; 0 H/in                  ; 0 F/in                  ; short         ; -                   ; open           ; open             ; open   ; 0 in             ; 0 H/in                 ; 0 F/in                 ; short        ; open          ; open            ; open  ; 0 V                 ; -                  ; n/a           ; n/a             ; n/a         ;
; led_temp[3]   ; 2.5 V        ; 0 in              ; 0 H/in                  ; 0 F/in                  ; short         ; -                   ; open           ; open             ; open   ; 0 in             ; 0 H/in                 ; 0 F/in                 ; short        ; open          ; open            ; open  ; 0 V                 ; -                  ; n/a           ; n/a             ; n/a         ;
; led_temp[4]   ; 2.5 V        ; 0 in              ; 0 H/in                  ; 0 F/in                  ; short         ; -                   ; open           ; open             ; open   ; 0 in             ; 0 H/in                 ; 0 F/in                 ; short        ; open          ; open            ; open  ; 0 V                 ; -                  ; n/a           ; n/a             ; n/a         ;
; led_temp[5]   ; 2.5 V        ; 0 in              ; 0 H/in                  ; 0 F/in                  ; short         ; -                   ; open           ; open             ; open   ; 0 in             ; 0 H/in                 ; 0 F/in                 ; short        ; open          ; open            ; open  ; 0 V                 ; -                  ; n/a           ; n/a             ; n/a         ;
; dht11         ; 2.5 V        ; 0 in              ; 0 H/in                  ; 0 F/in                  ; short         ; -                   ; open           ; open             ; open   ; 0 in             ; 0 H/in                 ; 0 F/in                 ; short        ; open          ; open            ; open  ; 0 V                 ; -                  ; n/a           ; n/a             ; n/a         ;
; ~ALTERA_DCLK~ ; 2.5 V        ; 0 in              ; 0 H/in                  ; 0 F/in                  ; short         ; -                   ; open           ; open             ; open   ; 0 in             ; 0 H/in                 ; 0 F/in                 ; short        ; open          ; open            ; open  ; 0 V                 ; -                  ; n/a           ; n/a             ; n/a         ;
; ~ALTERA_nCEO~ ; 2.5 V        ; 0 in              ; 0 H/in                  ; 0 F/in                  ; short         ; -                   ; open           ; open             ; open   ; 0 in             ; 0 H/in                 ; 0 F/in                 ; short        ; open          ; open            ; open  ; 0 V                 ; -                  ; n/a           ; n/a             ; n/a         ;
+---------------+--------------+-------------------+-------------------------+-------------------------+---------------+---------------------+----------------+------------------+--------+------------------+------------------------+------------------------+--------------+---------------+-----------------+-------+---------------------+--------------------+---------------+-----------------+-------------+


+----------------------------------------------------------------------------+
; Input Transition Times                                                     ;
+-------------------------+--------------+-----------------+-----------------+
; Pin                     ; I/O Standard ; 10-90 Rise Time ; 90-10 Fall Time ;
+-------------------------+--------------+-----------------+-----------------+
; dht11                   ; 2.5 V        ; 2000 ps         ; 2000 ps         ;
; clk                     ; 2.5 V        ; 2000 ps         ; 2000 ps         ;
; rst_n                   ; 2.5 V        ; 2000 ps         ; 2000 ps         ;
; ~ALTERA_ASDO_DATA1~     ; 2.5 V        ; 2000 ps         ; 2000 ps         ;
; ~ALTERA_FLASH_nCE_nCSO~ ; 2.5 V        ; 2000 ps         ; 2000 ps         ;
; ~ALTERA_DATA0~          ; 2.5 V        ; 2000 ps         ; 2000 ps         ;
+-------------------------+--------------+-----------------+-----------------+


+--------------------------------------------------------------------------------------------------------------------------------------------------------------------------------------------------------------------------------------------------------------------------------------------------------------------------------------------------------------------------------------------------------------------------------------------------------------------------------------------------------------------------------------------------------------------------------------------------------------------------------------------------------------------------------------------+
; Signal Integrity Metrics (Slow 1200mv 0c Model)                                                                                                                                                                                                                                                                                                                                                                                                                                                                                                                                                                                                                                            ;
+---------------+--------------+---------------------+---------------------+------------------------------+------------------------------+---------------------+---------------------+--------------------------------------+--------------------------------------+-----------------------------+-----------------------------+----------------------------+----------------------------+-----------------------------+-----------------------------+--------------------+--------------------+-------------------------------------+-------------------------------------+----------------------------+----------------------------+---------------------------+---------------------------+
; Pin           ; I/O Standard ; Board Delay on Rise ; Board Delay on Fall ; Steady State Voh at FPGA Pin ; Steady State Vol at FPGA Pin ; Voh Max at FPGA Pin ; Vol Min at FPGA Pin ; Ringback Voltage on Rise at FPGA Pin ; Ringback Voltage on Fall at FPGA Pin ; 10-90 Rise Time at FPGA Pin ; 90-10 Fall Time at FPGA Pin ; Monotonic Rise at FPGA Pin ; Monotonic Fall at FPGA Pin ; Steady State Voh at Far-end ; Steady State Vol at Far-end ; Voh Max at Far-end ; Vol Min at Far-end ; Ringback Voltage on Rise at Far-end ; Ringback Voltage on Fall at Far-end ; 10-90 Rise Time at Far-end ; 90-10 Fall Time at Far-end ; Monotonic Rise at Far-end ; Monotonic Fall at Far-end ;
+---------------+--------------+---------------------+---------------------+------------------------------+------------------------------+---------------------+---------------------+--------------------------------------+--------------------------------------+-----------------------------+-----------------------------+----------------------------+----------------------------+-----------------------------+-----------------------------+--------------------+--------------------+-------------------------------------+-------------------------------------+----------------------------+----------------------------+---------------------------+---------------------------+
; lcd_rs        ; 2.5 V        ; 0 s                 ; 0 s                 ; 2.32 V                       ; 5.95e-09 V                   ; 2.38 V              ; -0.016 V            ; 0.22 V                               ; 0.025 V                              ; 3.06e-10 s                  ; 3.3e-10 s                   ; Yes                        ; Yes                        ; 2.32 V                      ; 5.95e-09 V                  ; 2.38 V             ; -0.016 V           ; 0.22 V                              ; 0.025 V                             ; 3.06e-10 s                 ; 3.3e-10 s                  ; Yes                       ; Yes                       ;
; lcd_e         ; 2.5 V        ; 0 s                 ; 0 s                 ; 2.32 V                       ; 5.95e-09 V                   ; 2.38 V              ; -0.016 V            ; 0.22 V                               ; 0.025 V                              ; 3.06e-10 s                  ; 3.3e-10 s                   ; Yes                        ; Yes                        ; 2.32 V                      ; 5.95e-09 V                  ; 2.38 V             ; -0.016 V           ; 0.22 V                              ; 0.025 V                             ; 3.06e-10 s                 ; 3.3e-10 s                  ; Yes                       ; Yes                       ;
; lcd_db[0]     ; 2.5 V        ; 0 s                 ; 0 s                 ; 2.32 V                       ; 5.95e-09 V                   ; 2.38 V              ; -0.016 V            ; 0.22 V                               ; 0.025 V                              ; 3.06e-10 s                  ; 3.3e-10 s                   ; Yes                        ; Yes                        ; 2.32 V                      ; 5.95e-09 V                  ; 2.38 V             ; -0.016 V           ; 0.22 V                              ; 0.025 V                             ; 3.06e-10 s                 ; 3.3e-10 s                  ; Yes                       ; Yes                       ;
; lcd_db[1]     ; 2.5 V        ; 0 s                 ; 0 s                 ; 2.32 V                       ; 5.95e-09 V                   ; 2.38 V              ; -0.016 V            ; 0.22 V                               ; 0.025 V                              ; 3.06e-10 s                  ; 3.3e-10 s                   ; Yes                        ; Yes                        ; 2.32 V                      ; 5.95e-09 V                  ; 2.38 V             ; -0.016 V           ; 0.22 V                              ; 0.025 V                             ; 3.06e-10 s                 ; 3.3e-10 s                  ; Yes                       ; Yes                       ;
; lcd_db[2]     ; 2.5 V        ; 0 s                 ; 0 s                 ; 2.32 V                       ; 5.95e-09 V                   ; 2.38 V              ; -0.016 V            ; 0.22 V                               ; 0.025 V                              ; 3.06e-10 s                  ; 3.3e-10 s                   ; Yes                        ; Yes                        ; 2.32 V                      ; 5.95e-09 V                  ; 2.38 V             ; -0.016 V           ; 0.22 V                              ; 0.025 V                             ; 3.06e-10 s                 ; 3.3e-10 s                  ; Yes                       ; Yes                       ;
; lcd_db[3]     ; 2.5 V        ; 0 s                 ; 0 s                 ; 2.32 V                       ; 5.95e-09 V                   ; 2.33 V              ; -0.00616 V          ; 0.191 V                              ; 0.099 V                              ; 2.83e-09 s                  ; 2.56e-09 s                  ; No                         ; Yes                        ; 2.32 V                      ; 5.95e-09 V                  ; 2.33 V             ; -0.00616 V         ; 0.191 V                             ; 0.099 V                             ; 2.83e-09 s                 ; 2.56e-09 s                 ; No                        ; Yes                       ;
; lcd_db[4]     ; 2.5 V        ; 0 s                 ; 0 s                 ; 2.32 V                       ; 5.95e-09 V                   ; 2.38 V              ; -0.016 V            ; 0.22 V                               ; 0.025 V                              ; 3.06e-10 s                  ; 3.3e-10 s                   ; Yes                        ; Yes                        ; 2.32 V                      ; 5.95e-09 V                  ; 2.38 V             ; -0.016 V           ; 0.22 V                              ; 0.025 V                             ; 3.06e-10 s                 ; 3.3e-10 s                  ; Yes                       ; Yes                       ;
; lcd_db[5]     ; 2.5 V        ; 0 s                 ; 0 s                 ; 2.32 V                       ; 5.95e-09 V                   ; 2.38 V              ; -0.016 V            ; 0.22 V                               ; 0.025 V                              ; 3.06e-10 s                  ; 3.3e-10 s                   ; Yes                        ; Yes                        ; 2.32 V                      ; 5.95e-09 V                  ; 2.38 V             ; -0.016 V           ; 0.22 V                              ; 0.025 V                             ; 3.06e-10 s                 ; 3.3e-10 s                  ; Yes                       ; Yes                       ;
; lcd_db[6]     ; 2.5 V        ; 0 s                 ; 0 s                 ; 2.32 V                       ; 5.95e-09 V                   ; 2.38 V              ; -0.016 V            ; 0.22 V                               ; 0.025 V                              ; 3.06e-10 s                  ; 3.3e-10 s                   ; Yes                        ; Yes                        ; 2.32 V                      ; 5.95e-09 V                  ; 2.38 V             ; -0.016 V           ; 0.22 V                              ; 0.025 V                             ; 3.06e-10 s                 ; 3.3e-10 s                  ; Yes                       ; Yes                       ;
; lcd_db[7]     ; 2.5 V        ; 0 s                 ; 0 s                 ; 2.32 V                       ; 5.95e-09 V                   ; 2.38 V              ; -0.016 V            ; 0.22 V                               ; 0.025 V                              ; 3.06e-10 s                  ; 3.3e-10 s                   ; Yes                        ; Yes                        ; 2.32 V                      ; 5.95e-09 V                  ; 2.38 V             ; -0.016 V           ; 0.22 V                              ; 0.025 V                             ; 3.06e-10 s                 ; 3.3e-10 s                  ; Yes                       ; Yes                       ;
; led_hum[0]    ; 2.5 V        ; 0 s                 ; 0 s                 ; 2.32 V                       ; 5.95e-09 V                   ; 2.38 V              ; -0.016 V            ; 0.22 V                               ; 0.025 V                              ; 3.06e-10 s                  ; 3.3e-10 s                   ; Yes                        ; Yes                        ; 2.32 V                      ; 5.95e-09 V                  ; 2.38 V             ; -0.016 V           ; 0.22 V                              ; 0.025 V                             ; 3.06e-10 s                 ; 3.3e-10 s                  ; Yes                       ; Yes                       ;
; led_hum[1]    ; 2.5 V        ; 0 s                 ; 0 s                 ; 2.32 V                       ; 5.95e-09 V                   ; 2.38 V              ; -0.016 V            ; 0.22 V                               ; 0.025 V                              ; 3.06e-10 s                  ; 3.3e-10 s                   ; Yes                        ; Yes                        ; 2.32 V                      ; 5.95e-09 V                  ; 2.38 V             ; -0.016 V           ; 0.22 V                              ; 0.025 V                             ; 3.06e-10 s                 ; 3.3e-10 s                  ; Yes                       ; Yes                       ;
; led_hum[2]    ; 2.5 V        ; 0 s                 ; 0 s                 ; 2.32 V                       ; 5.95e-09 V                   ; 2.38 V              ; -0.016 V            ; 0.22 V                               ; 0.025 V                              ; 3.06e-10 s                  ; 3.3e-10 s                   ; Yes                        ; Yes                        ; 2.32 V                      ; 5.95e-09 V                  ; 2.38 V             ; -0.016 V           ; 0.22 V                              ; 0.025 V                             ; 3.06e-10 s                 ; 3.3e-10 s                  ; Yes                       ; Yes                       ;
; led_hum[3]    ; 2.5 V        ; 0 s                 ; 0 s                 ; 2.32 V                       ; 5.95e-09 V                   ; 2.38 V              ; -0.016 V            ; 0.22 V                               ; 0.025 V                              ; 3.06e-10 s                  ; 3.3e-10 s                   ; Yes                        ; Yes                        ; 2.32 V                      ; 5.95e-09 V                  ; 2.38 V             ; -0.016 V           ; 0.22 V                              ; 0.025 V                             ; 3.06e-10 s                 ; 3.3e-10 s                  ; Yes                       ; Yes                       ;
; led_hum[4]    ; 2.5 V        ; 0 s                 ; 0 s                 ; 2.32 V                       ; 4.44e-09 V                   ; 2.38 V              ; -0.0145 V           ; 0.169 V                              ; 0.026 V                              ; 4.83e-10 s                  ; 4.71e-10 s                  ; Yes                        ; Yes                        ; 2.32 V                      ; 4.44e-09 V                  ; 2.38 V             ; -0.0145 V          ; 0.169 V                             ; 0.026 V                             ; 4.83e-10 s                 ; 4.71e-10 s                 ; Yes                       ; Yes                       ;
; led_hum[5]    ; 2.5 V        ; 0 s                 ; 0 s                 ; 2.32 V                       ; 4.44e-09 V                   ; 2.33 V              ; -0.00624 V          ; 0.185 V                              ; 0.097 V                              ; 2.82e-09 s                  ; 2.56e-09 s                  ; No                         ; Yes                        ; 2.32 V                      ; 4.44e-09 V                  ; 2.33 V             ; -0.00624 V         ; 0.185 V                             ; 0.097 V                             ; 2.82e-09 s                 ; 2.56e-09 s                 ; No                        ; Yes                       ;
; led_hum[6]    ; 2.5 V        ; 0 s                 ; 0 s                 ; 2.32 V                       ; 4.44e-09 V                   ; 2.39 V              ; -0.0265 V           ; 0.2 V                                ; 0.033 V                              ; 2.94e-10 s                  ; 3.12e-10 s                  ; Yes                        ; Yes                        ; 2.32 V                      ; 4.44e-09 V                  ; 2.39 V             ; -0.0265 V          ; 0.2 V                               ; 0.033 V                             ; 2.94e-10 s                 ; 3.12e-10 s                 ; Yes                       ; Yes                       ;
; led_hum[7]    ; 2.5 V        ; 0 s                 ; 0 s                 ; 2.32 V                       ; 4.44e-09 V                   ; 2.33 V              ; -0.00624 V          ; 0.185 V                              ; 0.097 V                              ; 2.82e-09 s                  ; 2.56e-09 s                  ; No                         ; Yes                        ; 2.32 V                      ; 4.44e-09 V                  ; 2.33 V             ; -0.00624 V         ; 0.185 V                             ; 0.097 V                             ; 2.82e-09 s                 ; 2.56e-09 s                 ; No                        ; Yes                       ;
; led_temp[0]   ; 2.5 V        ; 0 s                 ; 0 s                 ; 2.32 V                       ; 5.95e-09 V                   ; 2.38 V              ; -0.016 V            ; 0.22 V                               ; 0.025 V                              ; 3.06e-10 s                  ; 3.3e-10 s                   ; Yes                        ; Yes                        ; 2.32 V                      ; 5.95e-09 V                  ; 2.38 V             ; -0.016 V           ; 0.22 V                              ; 0.025 V                             ; 3.06e-10 s                 ; 3.3e-10 s                  ; Yes                       ; Yes                       ;
; led_temp[1]   ; 2.5 V        ; 0 s                 ; 0 s                 ; 2.32 V                       ; 5.95e-09 V                   ; 2.33 V              ; -0.00616 V          ; 0.191 V                              ; 0.099 V                              ; 2.83e-09 s                  ; 2.56e-09 s                  ; No                         ; Yes                        ; 2.32 V                      ; 5.95e-09 V                  ; 2.33 V             ; -0.00616 V         ; 0.191 V                             ; 0.099 V                             ; 2.83e-09 s                 ; 2.56e-09 s                 ; No                        ; Yes                       ;
; led_temp[2]   ; 2.5 V        ; 0 s                 ; 0 s                 ; 2.32 V                       ; 5.95e-09 V                   ; 2.38 V              ; -0.016 V            ; 0.22 V                               ; 0.025 V                              ; 3.06e-10 s                  ; 3.3e-10 s                   ; Yes                        ; Yes                        ; 2.32 V                      ; 5.95e-09 V                  ; 2.38 V             ; -0.016 V           ; 0.22 V                              ; 0.025 V                             ; 3.06e-10 s                 ; 3.3e-10 s                  ; Yes                       ; Yes                       ;
; led_temp[3]   ; 2.5 V        ; 0 s                 ; 0 s                 ; 2.32 V                       ; 5.95e-09 V                   ; 2.38 V              ; -0.016 V            ; 0.22 V                               ; 0.025 V                              ; 3.06e-10 s                  ; 3.3e-10 s                   ; Yes                        ; Yes                        ; 2.32 V                      ; 5.95e-09 V                  ; 2.38 V             ; -0.016 V           ; 0.22 V                              ; 0.025 V                             ; 3.06e-10 s                 ; 3.3e-10 s                  ; Yes                       ; Yes                       ;
; led_temp[4]   ; 2.5 V        ; 0 s                 ; 0 s                 ; 2.32 V                       ; 4.44e-09 V                   ; 2.38 V              ; -0.0145 V           ; 0.169 V                              ; 0.026 V                              ; 4.83e-10 s                  ; 4.71e-10 s                  ; Yes                        ; Yes                        ; 2.32 V                      ; 4.44e-09 V                  ; 2.38 V             ; -0.0145 V          ; 0.169 V                             ; 0.026 V                             ; 4.83e-10 s                 ; 4.71e-10 s                 ; Yes                       ; Yes                       ;
; led_temp[5]   ; 2.5 V        ; 0 s                 ; 0 s                 ; 2.32 V                       ; 4.44e-09 V                   ; 2.38 V              ; -0.0145 V           ; 0.169 V                              ; 0.026 V                              ; 4.83e-10 s                  ; 4.71e-10 s                  ; Yes                        ; Yes                        ; 2.32 V                      ; 4.44e-09 V                  ; 2.38 V             ; -0.0145 V          ; 0.169 V                             ; 0.026 V                             ; 4.83e-10 s                 ; 4.71e-10 s                 ; Yes                       ; Yes                       ;
; dht11         ; 2.5 V        ; 0 s                 ; 0 s                 ; 2.32 V                       ; 5.95e-09 V                   ; 2.38 V              ; -0.016 V            ; 0.22 V                               ; 0.025 V                              ; 3.06e-10 s                  ; 3.3e-10 s                   ; Yes                        ; Yes                        ; 2.32 V                      ; 5.95e-09 V                  ; 2.38 V             ; -0.016 V           ; 0.22 V                              ; 0.025 V                             ; 3.06e-10 s                 ; 3.3e-10 s                  ; Yes                       ; Yes                       ;
; ~ALTERA_DCLK~ ; 2.5 V        ; 0 s                 ; 0 s                 ; 2.32 V                       ; 3.45e-09 V                   ; 2.38 V              ; -0.0609 V           ; 0.148 V                              ; 0.095 V                              ; 2.82e-10 s                  ; 2.59e-10 s                  ; Yes                        ; Yes                        ; 2.32 V                      ; 3.45e-09 V                  ; 2.38 V             ; -0.0609 V          ; 0.148 V                             ; 0.095 V                             ; 2.82e-10 s                 ; 2.59e-10 s                 ; Yes                       ; Yes                       ;
; ~ALTERA_nCEO~ ; 2.5 V        ; 0 s                 ; 0 s                 ; 2.32 V                       ; 5.61e-09 V                   ; 2.38 V              ; -0.00274 V          ; 0.141 V                              ; 0.006 V                              ; 4.7e-10 s                   ; 6.02e-10 s                  ; Yes                        ; Yes                        ; 2.32 V                      ; 5.61e-09 V                  ; 2.38 V             ; -0.00274 V         ; 0.141 V                             ; 0.006 V                             ; 4.7e-10 s                  ; 6.02e-10 s                 ; Yes                       ; Yes                       ;
+---------------+--------------+---------------------+---------------------+------------------------------+------------------------------+---------------------+---------------------+--------------------------------------+--------------------------------------+-----------------------------+-----------------------------+----------------------------+----------------------------+-----------------------------+-----------------------------+--------------------+--------------------+-------------------------------------+-------------------------------------+----------------------------+----------------------------+---------------------------+---------------------------+


+--------------------------------------------------------------------------------------------------------------------------------------------------------------------------------------------------------------------------------------------------------------------------------------------------------------------------------------------------------------------------------------------------------------------------------------------------------------------------------------------------------------------------------------------------------------------------------------------------------------------------------------------------------------------------------------------+
; Signal Integrity Metrics (Slow 1200mv 85c Model)                                                                                                                                                                                                                                                                                                                                                                                                                                                                                                                                                                                                                                           ;
+---------------+--------------+---------------------+---------------------+------------------------------+------------------------------+---------------------+---------------------+--------------------------------------+--------------------------------------+-----------------------------+-----------------------------+----------------------------+----------------------------+-----------------------------+-----------------------------+--------------------+--------------------+-------------------------------------+-------------------------------------+----------------------------+----------------------------+---------------------------+---------------------------+
; Pin           ; I/O Standard ; Board Delay on Rise ; Board Delay on Fall ; Steady State Voh at FPGA Pin ; Steady State Vol at FPGA Pin ; Voh Max at FPGA Pin ; Vol Min at FPGA Pin ; Ringback Voltage on Rise at FPGA Pin ; Ringback Voltage on Fall at FPGA Pin ; 10-90 Rise Time at FPGA Pin ; 90-10 Fall Time at FPGA Pin ; Monotonic Rise at FPGA Pin ; Monotonic Fall at FPGA Pin ; Steady State Voh at Far-end ; Steady State Vol at Far-end ; Voh Max at Far-end ; Vol Min at Far-end ; Ringback Voltage on Rise at Far-end ; Ringback Voltage on Fall at Far-end ; 10-90 Rise Time at Far-end ; 90-10 Fall Time at Far-end ; Monotonic Rise at Far-end ; Monotonic Fall at Far-end ;
+---------------+--------------+---------------------+---------------------+------------------------------+------------------------------+---------------------+---------------------+--------------------------------------+--------------------------------------+-----------------------------+-----------------------------+----------------------------+----------------------------+-----------------------------+-----------------------------+--------------------+--------------------+-------------------------------------+-------------------------------------+----------------------------+----------------------------+---------------------------+---------------------------+
; lcd_rs        ; 2.5 V        ; 0 s                 ; 0 s                 ; 2.32 V                       ; 1.06e-06 V                   ; 2.36 V              ; -0.00724 V          ; 0.107 V                              ; 0.02 V                               ; 4.5e-10 s                   ; 4.25e-10 s                  ; Yes                        ; Yes                        ; 2.32 V                      ; 1.06e-06 V                  ; 2.36 V             ; -0.00724 V         ; 0.107 V                             ; 0.02 V                              ; 4.5e-10 s                  ; 4.25e-10 s                 ; Yes                       ; Yes                       ;
; lcd_e         ; 2.5 V        ; 0 s                 ; 0 s                 ; 2.32 V                       ; 1.06e-06 V                   ; 2.36 V              ; -0.00724 V          ; 0.107 V                              ; 0.02 V                               ; 4.5e-10 s                   ; 4.25e-10 s                  ; Yes                        ; Yes                        ; 2.32 V                      ; 1.06e-06 V                  ; 2.36 V             ; -0.00724 V         ; 0.107 V                             ; 0.02 V                              ; 4.5e-10 s                  ; 4.25e-10 s                 ; Yes                       ; Yes                       ;
; lcd_db[0]     ; 2.5 V        ; 0 s                 ; 0 s                 ; 2.32 V                       ; 1.06e-06 V                   ; 2.36 V              ; -0.00724 V          ; 0.107 V                              ; 0.02 V                               ; 4.5e-10 s                   ; 4.25e-10 s                  ; Yes                        ; Yes                        ; 2.32 V                      ; 1.06e-06 V                  ; 2.36 V             ; -0.00724 V         ; 0.107 V                             ; 0.02 V                              ; 4.5e-10 s                  ; 4.25e-10 s                 ; Yes                       ; Yes                       ;
; lcd_db[1]     ; 2.5 V        ; 0 s                 ; 0 s                 ; 2.32 V                       ; 1.06e-06 V                   ; 2.36 V              ; -0.00724 V          ; 0.107 V                              ; 0.02 V                               ; 4.5e-10 s                   ; 4.25e-10 s                  ; Yes                        ; Yes                        ; 2.32 V                      ; 1.06e-06 V                  ; 2.36 V             ; -0.00724 V         ; 0.107 V                             ; 0.02 V                              ; 4.5e-10 s                  ; 4.25e-10 s                 ; Yes                       ; Yes                       ;
; lcd_db[2]     ; 2.5 V        ; 0 s                 ; 0 s                 ; 2.32 V                       ; 1.06e-06 V                   ; 2.36 V              ; -0.00724 V          ; 0.107 V                              ; 0.02 V                               ; 4.5e-10 s                   ; 4.25e-10 s                  ; Yes                        ; Yes                        ; 2.32 V                      ; 1.06e-06 V                  ; 2.36 V             ; -0.00724 V         ; 0.107 V                             ; 0.02 V                              ; 4.5e-10 s                  ; 4.25e-10 s                 ; Yes                       ; Yes                       ;
; lcd_db[3]     ; 2.5 V        ; 0 s                 ; 0 s                 ; 2.32 V                       ; 1.06e-06 V                   ; 2.33 V              ; -0.00344 V          ; 0.134 V                              ; 0.075 V                              ; 3.33e-09 s                  ; 3.16e-09 s                  ; Yes                        ; Yes                        ; 2.32 V                      ; 1.06e-06 V                  ; 2.33 V             ; -0.00344 V         ; 0.134 V                             ; 0.075 V                             ; 3.33e-09 s                 ; 3.16e-09 s                 ; Yes                       ; Yes                       ;
; lcd_db[4]     ; 2.5 V        ; 0 s                 ; 0 s                 ; 2.32 V                       ; 1.06e-06 V                   ; 2.36 V              ; -0.00724 V          ; 0.107 V                              ; 0.02 V                               ; 4.5e-10 s                   ; 4.25e-10 s                  ; Yes                        ; Yes                        ; 2.32 V                      ; 1.06e-06 V                  ; 2.36 V             ; -0.00724 V         ; 0.107 V                             ; 0.02 V                              ; 4.5e-10 s                  ; 4.25e-10 s                 ; Yes                       ; Yes                       ;
; lcd_db[5]     ; 2.5 V        ; 0 s                 ; 0 s                 ; 2.32 V                       ; 1.06e-06 V                   ; 2.36 V              ; -0.00724 V          ; 0.107 V                              ; 0.02 V                               ; 4.5e-10 s                   ; 4.25e-10 s                  ; Yes                        ; Yes                        ; 2.32 V                      ; 1.06e-06 V                  ; 2.36 V             ; -0.00724 V         ; 0.107 V                             ; 0.02 V                              ; 4.5e-10 s                  ; 4.25e-10 s                 ; Yes                       ; Yes                       ;
; lcd_db[6]     ; 2.5 V        ; 0 s                 ; 0 s                 ; 2.32 V                       ; 1.06e-06 V                   ; 2.36 V              ; -0.00724 V          ; 0.107 V                              ; 0.02 V                               ; 4.5e-10 s                   ; 4.25e-10 s                  ; Yes                        ; Yes                        ; 2.32 V                      ; 1.06e-06 V                  ; 2.36 V             ; -0.00724 V         ; 0.107 V                             ; 0.02 V                              ; 4.5e-10 s                  ; 4.25e-10 s                 ; Yes                       ; Yes                       ;
; lcd_db[7]     ; 2.5 V        ; 0 s                 ; 0 s                 ; 2.32 V                       ; 1.06e-06 V                   ; 2.36 V              ; -0.00724 V          ; 0.107 V                              ; 0.02 V                               ; 4.5e-10 s                   ; 4.25e-10 s                  ; Yes                        ; Yes                        ; 2.32 V                      ; 1.06e-06 V                  ; 2.36 V             ; -0.00724 V         ; 0.107 V                             ; 0.02 V                              ; 4.5e-10 s                  ; 4.25e-10 s                 ; Yes                       ; Yes                       ;
; led_hum[0]    ; 2.5 V        ; 0 s                 ; 0 s                 ; 2.32 V                       ; 1.06e-06 V                   ; 2.36 V              ; -0.00724 V          ; 0.107 V                              ; 0.02 V                               ; 4.5e-10 s                   ; 4.25e-10 s                  ; Yes                        ; Yes                        ; 2.32 V                      ; 1.06e-06 V                  ; 2.36 V             ; -0.00724 V         ; 0.107 V                             ; 0.02 V                              ; 4.5e-10 s                  ; 4.25e-10 s                 ; Yes                       ; Yes                       ;
; led_hum[1]    ; 2.5 V        ; 0 s                 ; 0 s                 ; 2.32 V                       ; 1.06e-06 V                   ; 2.36 V              ; -0.00724 V          ; 0.107 V                              ; 0.02 V                               ; 4.5e-10 s                   ; 4.25e-10 s                  ; Yes                        ; Yes                        ; 2.32 V                      ; 1.06e-06 V                  ; 2.36 V             ; -0.00724 V         ; 0.107 V                             ; 0.02 V                              ; 4.5e-10 s                  ; 4.25e-10 s                 ; Yes                       ; Yes                       ;
; led_hum[2]    ; 2.5 V        ; 0 s                 ; 0 s                 ; 2.32 V                       ; 1.06e-06 V                   ; 2.36 V              ; -0.00724 V          ; 0.107 V                              ; 0.02 V                               ; 4.5e-10 s                   ; 4.25e-10 s                  ; Yes                        ; Yes                        ; 2.32 V                      ; 1.06e-06 V                  ; 2.36 V             ; -0.00724 V         ; 0.107 V                             ; 0.02 V                              ; 4.5e-10 s                  ; 4.25e-10 s                 ; Yes                       ; Yes                       ;
; led_hum[3]    ; 2.5 V        ; 0 s                 ; 0 s                 ; 2.32 V                       ; 1.06e-06 V                   ; 2.36 V              ; -0.00724 V          ; 0.107 V                              ; 0.02 V                               ; 4.5e-10 s                   ; 4.25e-10 s                  ; Yes                        ; Yes                        ; 2.32 V                      ; 1.06e-06 V                  ; 2.36 V             ; -0.00724 V         ; 0.107 V                             ; 0.02 V                              ; 4.5e-10 s                  ; 4.25e-10 s                 ; Yes                       ; Yes                       ;
; led_hum[4]    ; 2.5 V        ; 0 s                 ; 0 s                 ; 2.32 V                       ; 7.16e-07 V                   ; 2.35 V              ; -0.00832 V          ; 0.101 V                              ; 0.024 V                              ; 6.39e-10 s                  ; 6e-10 s                     ; Yes                        ; Yes                        ; 2.32 V                      ; 7.16e-07 V                  ; 2.35 V             ; -0.00832 V         ; 0.101 V                             ; 0.024 V                             ; 6.39e-10 s                 ; 6e-10 s                    ; Yes                       ; Yes                       ;
; led_hum[5]    ; 2.5 V        ; 0 s                 ; 0 s                 ; 2.32 V                       ; 7.16e-07 V                   ; 2.33 V              ; -0.00349 V          ; 0.163 V                              ; 0.074 V                              ; 3.33e-09 s                  ; 3.14e-09 s                  ; Yes                        ; Yes                        ; 2.32 V                      ; 7.16e-07 V                  ; 2.33 V             ; -0.00349 V         ; 0.163 V                             ; 0.074 V                             ; 3.33e-09 s                 ; 3.14e-09 s                 ; Yes                       ; Yes                       ;
; led_hum[6]    ; 2.5 V        ; 0 s                 ; 0 s                 ; 2.32 V                       ; 7.16e-07 V                   ; 2.36 V              ; -0.00476 V          ; 0.096 V                              ; 0.013 V                              ; 4.39e-10 s                  ; 4.15e-10 s                  ; Yes                        ; Yes                        ; 2.32 V                      ; 7.16e-07 V                  ; 2.36 V             ; -0.00476 V         ; 0.096 V                             ; 0.013 V                             ; 4.39e-10 s                 ; 4.15e-10 s                 ; Yes                       ; Yes                       ;
; led_hum[7]    ; 2.5 V        ; 0 s                 ; 0 s                 ; 2.32 V                       ; 7.16e-07 V                   ; 2.33 V              ; -0.00349 V          ; 0.163 V                              ; 0.074 V                              ; 3.33e-09 s                  ; 3.14e-09 s                  ; Yes                        ; Yes                        ; 2.32 V                      ; 7.16e-07 V                  ; 2.33 V             ; -0.00349 V         ; 0.163 V                             ; 0.074 V                             ; 3.33e-09 s                 ; 3.14e-09 s                 ; Yes                       ; Yes                       ;
; led_temp[0]   ; 2.5 V        ; 0 s                 ; 0 s                 ; 2.32 V                       ; 1.06e-06 V                   ; 2.36 V              ; -0.00724 V          ; 0.107 V                              ; 0.02 V                               ; 4.5e-10 s                   ; 4.25e-10 s                  ; Yes                        ; Yes                        ; 2.32 V                      ; 1.06e-06 V                  ; 2.36 V             ; -0.00724 V         ; 0.107 V                             ; 0.02 V                              ; 4.5e-10 s                  ; 4.25e-10 s                 ; Yes                       ; Yes                       ;
; led_temp[1]   ; 2.5 V        ; 0 s                 ; 0 s                 ; 2.32 V                       ; 1.06e-06 V                   ; 2.33 V              ; -0.00344 V          ; 0.134 V                              ; 0.075 V                              ; 3.33e-09 s                  ; 3.16e-09 s                  ; Yes                        ; Yes                        ; 2.32 V                      ; 1.06e-06 V                  ; 2.33 V             ; -0.00344 V         ; 0.134 V                             ; 0.075 V                             ; 3.33e-09 s                 ; 3.16e-09 s                 ; Yes                       ; Yes                       ;
; led_temp[2]   ; 2.5 V        ; 0 s                 ; 0 s                 ; 2.32 V                       ; 1.06e-06 V                   ; 2.36 V              ; -0.00724 V          ; 0.107 V                              ; 0.02 V                               ; 4.5e-10 s                   ; 4.25e-10 s                  ; Yes                        ; Yes                        ; 2.32 V                      ; 1.06e-06 V                  ; 2.36 V             ; -0.00724 V         ; 0.107 V                             ; 0.02 V                              ; 4.5e-10 s                  ; 4.25e-10 s                 ; Yes                       ; Yes                       ;
; led_temp[3]   ; 2.5 V        ; 0 s                 ; 0 s                 ; 2.32 V                       ; 1.06e-06 V                   ; 2.36 V              ; -0.00724 V          ; 0.107 V                              ; 0.02 V                               ; 4.5e-10 s                   ; 4.25e-10 s                  ; Yes                        ; Yes                        ; 2.32 V                      ; 1.06e-06 V                  ; 2.36 V             ; -0.00724 V         ; 0.107 V                             ; 0.02 V                              ; 4.5e-10 s                  ; 4.25e-10 s                 ; Yes                       ; Yes                       ;
; led_temp[4]   ; 2.5 V        ; 0 s                 ; 0 s                 ; 2.32 V                       ; 7.16e-07 V                   ; 2.35 V              ; -0.00832 V          ; 0.101 V                              ; 0.024 V                              ; 6.39e-10 s                  ; 6e-10 s                     ; Yes                        ; Yes                        ; 2.32 V                      ; 7.16e-07 V                  ; 2.35 V             ; -0.00832 V         ; 0.101 V                             ; 0.024 V                             ; 6.39e-10 s                 ; 6e-10 s                    ; Yes                       ; Yes                       ;
; led_temp[5]   ; 2.5 V        ; 0 s                 ; 0 s                 ; 2.32 V                       ; 7.16e-07 V                   ; 2.35 V              ; -0.00832 V          ; 0.101 V                              ; 0.024 V                              ; 6.39e-10 s                  ; 6e-10 s                     ; Yes                        ; Yes                        ; 2.32 V                      ; 7.16e-07 V                  ; 2.35 V             ; -0.00832 V         ; 0.101 V                             ; 0.024 V                             ; 6.39e-10 s                 ; 6e-10 s                    ; Yes                       ; Yes                       ;
; dht11         ; 2.5 V        ; 0 s                 ; 0 s                 ; 2.32 V                       ; 1.06e-06 V                   ; 2.36 V              ; -0.00724 V          ; 0.107 V                              ; 0.02 V                               ; 4.5e-10 s                   ; 4.25e-10 s                  ; Yes                        ; Yes                        ; 2.32 V                      ; 1.06e-06 V                  ; 2.36 V             ; -0.00724 V         ; 0.107 V                             ; 0.02 V                              ; 4.5e-10 s                  ; 4.25e-10 s                 ; Yes                       ; Yes                       ;
; ~ALTERA_DCLK~ ; 2.5 V        ; 0 s                 ; 0 s                 ; 2.32 V                       ; 5.74e-07 V                   ; 2.36 V              ; -0.0201 V           ; 0.072 V                              ; 0.033 V                              ; 4.04e-10 s                  ; 3.29e-10 s                  ; Yes                        ; Yes                        ; 2.32 V                      ; 5.74e-07 V                  ; 2.36 V             ; -0.0201 V          ; 0.072 V                             ; 0.033 V                             ; 4.04e-10 s                 ; 3.29e-10 s                 ; Yes                       ; Yes                       ;
; ~ALTERA_nCEO~ ; 2.5 V        ; 0 s                 ; 0 s                 ; 2.32 V                       ; 9.45e-07 V                   ; 2.35 V              ; -0.00643 V          ; 0.081 V                              ; 0.031 V                              ; 5.31e-10 s                  ; 7.59e-10 s                  ; Yes                        ; Yes                        ; 2.32 V                      ; 9.45e-07 V                  ; 2.35 V             ; -0.00643 V         ; 0.081 V                             ; 0.031 V                             ; 5.31e-10 s                 ; 7.59e-10 s                 ; Yes                       ; Yes                       ;
+---------------+--------------+---------------------+---------------------+------------------------------+------------------------------+---------------------+---------------------+--------------------------------------+--------------------------------------+-----------------------------+-----------------------------+----------------------------+----------------------------+-----------------------------+-----------------------------+--------------------+--------------------+-------------------------------------+-------------------------------------+----------------------------+----------------------------+---------------------------+---------------------------+


+--------------------------------------------------------------------------------------------------------------------------------------------------------------------------------------------------------------------------------------------------------------------------------------------------------------------------------------------------------------------------------------------------------------------------------------------------------------------------------------------------------------------------------------------------------------------------------------------------------------------------------------------------------------------------------------------+
; Signal Integrity Metrics (Fast 1200mv 0c Model)                                                                                                                                                                                                                                                                                                                                                                                                                                                                                                                                                                                                                                            ;
+---------------+--------------+---------------------+---------------------+------------------------------+------------------------------+---------------------+---------------------+--------------------------------------+--------------------------------------+-----------------------------+-----------------------------+----------------------------+----------------------------+-----------------------------+-----------------------------+--------------------+--------------------+-------------------------------------+-------------------------------------+----------------------------+----------------------------+---------------------------+---------------------------+
; Pin           ; I/O Standard ; Board Delay on Rise ; Board Delay on Fall ; Steady State Voh at FPGA Pin ; Steady State Vol at FPGA Pin ; Voh Max at FPGA Pin ; Vol Min at FPGA Pin ; Ringback Voltage on Rise at FPGA Pin ; Ringback Voltage on Fall at FPGA Pin ; 10-90 Rise Time at FPGA Pin ; 90-10 Fall Time at FPGA Pin ; Monotonic Rise at FPGA Pin ; Monotonic Fall at FPGA Pin ; Steady State Voh at Far-end ; Steady State Vol at Far-end ; Voh Max at Far-end ; Vol Min at Far-end ; Ringback Voltage on Rise at Far-end ; Ringback Voltage on Fall at Far-end ; 10-90 Rise Time at Far-end ; 90-10 Fall Time at Far-end ; Monotonic Rise at Far-end ; Monotonic Fall at Far-end ;
+---------------+--------------+---------------------+---------------------+------------------------------+------------------------------+---------------------+---------------------+--------------------------------------+--------------------------------------+-----------------------------+-----------------------------+----------------------------+----------------------------+-----------------------------+-----------------------------+--------------------+--------------------+-------------------------------------+-------------------------------------+----------------------------+----------------------------+---------------------------+---------------------------+
; lcd_rs        ; 2.5 V        ; 0 s                 ; 0 s                 ; 2.62 V                       ; 4.05e-08 V                   ; 2.72 V              ; -0.0349 V           ; 0.173 V                              ; 0.1 V                                ; 2.72e-10 s                  ; 2.69e-10 s                  ; Yes                        ; Yes                        ; 2.62 V                      ; 4.05e-08 V                  ; 2.72 V             ; -0.0349 V          ; 0.173 V                             ; 0.1 V                               ; 2.72e-10 s                 ; 2.69e-10 s                 ; Yes                       ; Yes                       ;
; lcd_e         ; 2.5 V        ; 0 s                 ; 0 s                 ; 2.62 V                       ; 4.05e-08 V                   ; 2.72 V              ; -0.0349 V           ; 0.173 V                              ; 0.1 V                                ; 2.72e-10 s                  ; 2.69e-10 s                  ; Yes                        ; Yes                        ; 2.62 V                      ; 4.05e-08 V                  ; 2.72 V             ; -0.0349 V          ; 0.173 V                             ; 0.1 V                               ; 2.72e-10 s                 ; 2.69e-10 s                 ; Yes                       ; Yes                       ;
; lcd_db[0]     ; 2.5 V        ; 0 s                 ; 0 s                 ; 2.62 V                       ; 4.05e-08 V                   ; 2.72 V              ; -0.0349 V           ; 0.173 V                              ; 0.1 V                                ; 2.72e-10 s                  ; 2.69e-10 s                  ; Yes                        ; Yes                        ; 2.62 V                      ; 4.05e-08 V                  ; 2.72 V             ; -0.0349 V          ; 0.173 V                             ; 0.1 V                               ; 2.72e-10 s                 ; 2.69e-10 s                 ; Yes                       ; Yes                       ;
; lcd_db[1]     ; 2.5 V        ; 0 s                 ; 0 s                 ; 2.62 V                       ; 4.05e-08 V                   ; 2.72 V              ; -0.0349 V           ; 0.173 V                              ; 0.1 V                                ; 2.72e-10 s                  ; 2.69e-10 s                  ; Yes                        ; Yes                        ; 2.62 V                      ; 4.05e-08 V                  ; 2.72 V             ; -0.0349 V          ; 0.173 V                             ; 0.1 V                               ; 2.72e-10 s                 ; 2.69e-10 s                 ; Yes                       ; Yes                       ;
; lcd_db[2]     ; 2.5 V        ; 0 s                 ; 0 s                 ; 2.62 V                       ; 4.05e-08 V                   ; 2.72 V              ; -0.0349 V           ; 0.173 V                              ; 0.1 V                                ; 2.72e-10 s                  ; 2.69e-10 s                  ; Yes                        ; Yes                        ; 2.62 V                      ; 4.05e-08 V                  ; 2.72 V             ; -0.0349 V          ; 0.173 V                             ; 0.1 V                               ; 2.72e-10 s                 ; 2.69e-10 s                 ; Yes                       ; Yes                       ;
; lcd_db[3]     ; 2.5 V        ; 0 s                 ; 0 s                 ; 2.62 V                       ; 4.05e-08 V                   ; 2.64 V              ; -0.0113 V           ; 0.208 V                              ; 0.179 V                              ; 2.38e-09 s                  ; 2.23e-09 s                  ; No                         ; Yes                        ; 2.62 V                      ; 4.05e-08 V                  ; 2.64 V             ; -0.0113 V          ; 0.208 V                             ; 0.179 V                             ; 2.38e-09 s                 ; 2.23e-09 s                 ; No                        ; Yes                       ;
; lcd_db[4]     ; 2.5 V        ; 0 s                 ; 0 s                 ; 2.62 V                       ; 4.05e-08 V                   ; 2.72 V              ; -0.0349 V           ; 0.173 V                              ; 0.1 V                                ; 2.72e-10 s                  ; 2.69e-10 s                  ; Yes                        ; Yes                        ; 2.62 V                      ; 4.05e-08 V                  ; 2.72 V             ; -0.0349 V          ; 0.173 V                             ; 0.1 V                               ; 2.72e-10 s                 ; 2.69e-10 s                 ; Yes                       ; Yes                       ;
; lcd_db[5]     ; 2.5 V        ; 0 s                 ; 0 s                 ; 2.62 V                       ; 4.05e-08 V                   ; 2.72 V              ; -0.0349 V           ; 0.173 V                              ; 0.1 V                                ; 2.72e-10 s                  ; 2.69e-10 s                  ; Yes                        ; Yes                        ; 2.62 V                      ; 4.05e-08 V                  ; 2.72 V             ; -0.0349 V          ; 0.173 V                             ; 0.1 V                               ; 2.72e-10 s                 ; 2.69e-10 s                 ; Yes                       ; Yes                       ;
; lcd_db[6]     ; 2.5 V        ; 0 s                 ; 0 s                 ; 2.62 V                       ; 4.05e-08 V                   ; 2.72 V              ; -0.0349 V           ; 0.173 V                              ; 0.1 V                                ; 2.72e-10 s                  ; 2.69e-10 s                  ; Yes                        ; Yes                        ; 2.62 V                      ; 4.05e-08 V                  ; 2.72 V             ; -0.0349 V          ; 0.173 V                             ; 0.1 V                               ; 2.72e-10 s                 ; 2.69e-10 s                 ; Yes                       ; Yes                       ;
; lcd_db[7]     ; 2.5 V        ; 0 s                 ; 0 s                 ; 2.62 V                       ; 4.05e-08 V                   ; 2.72 V              ; -0.0349 V           ; 0.173 V                              ; 0.1 V                                ; 2.72e-10 s                  ; 2.69e-10 s                  ; Yes                        ; Yes                        ; 2.62 V                      ; 4.05e-08 V                  ; 2.72 V             ; -0.0349 V          ; 0.173 V                             ; 0.1 V                               ; 2.72e-10 s                 ; 2.69e-10 s                 ; Yes                       ; Yes                       ;
; led_hum[0]    ; 2.5 V        ; 0 s                 ; 0 s                 ; 2.62 V                       ; 4.05e-08 V                   ; 2.72 V              ; -0.0349 V           ; 0.173 V                              ; 0.1 V                                ; 2.72e-10 s                  ; 2.69e-10 s                  ; Yes                        ; Yes                        ; 2.62 V                      ; 4.05e-08 V                  ; 2.72 V             ; -0.0349 V          ; 0.173 V                             ; 0.1 V                               ; 2.72e-10 s                 ; 2.69e-10 s                 ; Yes                       ; Yes                       ;
; led_hum[1]    ; 2.5 V        ; 0 s                 ; 0 s                 ; 2.62 V                       ; 4.05e-08 V                   ; 2.72 V              ; -0.0349 V           ; 0.173 V                              ; 0.1 V                                ; 2.72e-10 s                  ; 2.69e-10 s                  ; Yes                        ; Yes                        ; 2.62 V                      ; 4.05e-08 V                  ; 2.72 V             ; -0.0349 V          ; 0.173 V                             ; 0.1 V                               ; 2.72e-10 s                 ; 2.69e-10 s                 ; Yes                       ; Yes                       ;
; led_hum[2]    ; 2.5 V        ; 0 s                 ; 0 s                 ; 2.62 V                       ; 4.05e-08 V                   ; 2.72 V              ; -0.0349 V           ; 0.173 V                              ; 0.1 V                                ; 2.72e-10 s                  ; 2.69e-10 s                  ; Yes                        ; Yes                        ; 2.62 V                      ; 4.05e-08 V                  ; 2.72 V             ; -0.0349 V          ; 0.173 V                             ; 0.1 V                               ; 2.72e-10 s                 ; 2.69e-10 s                 ; Yes                       ; Yes                       ;
; led_hum[3]    ; 2.5 V        ; 0 s                 ; 0 s                 ; 2.62 V                       ; 4.05e-08 V                   ; 2.72 V              ; -0.0349 V           ; 0.173 V                              ; 0.1 V                                ; 2.72e-10 s                  ; 2.69e-10 s                  ; Yes                        ; Yes                        ; 2.62 V                      ; 4.05e-08 V                  ; 2.72 V             ; -0.0349 V          ; 0.173 V                             ; 0.1 V                               ; 2.72e-10 s                 ; 2.69e-10 s                 ; Yes                       ; Yes                       ;
; led_hum[4]    ; 2.5 V        ; 0 s                 ; 0 s                 ; 2.62 V                       ; 2.74e-08 V                   ; 2.71 V              ; -0.0317 V           ; 0.148 V                              ; 0.064 V                              ; 4.51e-10 s                  ; 4.15e-10 s                  ; No                         ; Yes                        ; 2.62 V                      ; 2.74e-08 V                  ; 2.71 V             ; -0.0317 V          ; 0.148 V                             ; 0.064 V                             ; 4.51e-10 s                 ; 4.15e-10 s                 ; No                        ; Yes                       ;
; led_hum[5]    ; 2.5 V        ; 0 s                 ; 0 s                 ; 2.62 V                       ; 2.74e-08 V                   ; 2.64 V              ; -0.0117 V           ; 0.202 V                              ; 0.176 V                              ; 2.38e-09 s                  ; 2.22e-09 s                  ; No                         ; Yes                        ; 2.62 V                      ; 2.74e-08 V                  ; 2.64 V             ; -0.0117 V          ; 0.202 V                             ; 0.176 V                             ; 2.38e-09 s                 ; 2.22e-09 s                 ; No                        ; Yes                       ;
; led_hum[6]    ; 2.5 V        ; 0 s                 ; 0 s                 ; 2.62 V                       ; 2.74e-08 V                   ; 2.73 V              ; -0.0384 V           ; 0.169 V                              ; 0.089 V                              ; 2.7e-10 s                   ; 2.62e-10 s                  ; Yes                        ; Yes                        ; 2.62 V                      ; 2.74e-08 V                  ; 2.73 V             ; -0.0384 V          ; 0.169 V                             ; 0.089 V                             ; 2.7e-10 s                  ; 2.62e-10 s                 ; Yes                       ; Yes                       ;
; led_hum[7]    ; 2.5 V        ; 0 s                 ; 0 s                 ; 2.62 V                       ; 2.74e-08 V                   ; 2.64 V              ; -0.0117 V           ; 0.202 V                              ; 0.176 V                              ; 2.38e-09 s                  ; 2.22e-09 s                  ; No                         ; Yes                        ; 2.62 V                      ; 2.74e-08 V                  ; 2.64 V             ; -0.0117 V          ; 0.202 V                             ; 0.176 V                             ; 2.38e-09 s                 ; 2.22e-09 s                 ; No                        ; Yes                       ;
; led_temp[0]   ; 2.5 V        ; 0 s                 ; 0 s                 ; 2.62 V                       ; 4.05e-08 V                   ; 2.72 V              ; -0.0349 V           ; 0.173 V                              ; 0.1 V                                ; 2.72e-10 s                  ; 2.69e-10 s                  ; Yes                        ; Yes                        ; 2.62 V                      ; 4.05e-08 V                  ; 2.72 V             ; -0.0349 V          ; 0.173 V                             ; 0.1 V                               ; 2.72e-10 s                 ; 2.69e-10 s                 ; Yes                       ; Yes                       ;
; led_temp[1]   ; 2.5 V        ; 0 s                 ; 0 s                 ; 2.62 V                       ; 4.05e-08 V                   ; 2.64 V              ; -0.0113 V           ; 0.208 V                              ; 0.179 V                              ; 2.38e-09 s                  ; 2.23e-09 s                  ; No                         ; Yes                        ; 2.62 V                      ; 4.05e-08 V                  ; 2.64 V             ; -0.0113 V          ; 0.208 V                             ; 0.179 V                             ; 2.38e-09 s                 ; 2.23e-09 s                 ; No                        ; Yes                       ;
; led_temp[2]   ; 2.5 V        ; 0 s                 ; 0 s                 ; 2.62 V                       ; 4.05e-08 V                   ; 2.72 V              ; -0.0349 V           ; 0.173 V                              ; 0.1 V                                ; 2.72e-10 s                  ; 2.69e-10 s                  ; Yes                        ; Yes                        ; 2.62 V                      ; 4.05e-08 V                  ; 2.72 V             ; -0.0349 V          ; 0.173 V                             ; 0.1 V                               ; 2.72e-10 s                 ; 2.69e-10 s                 ; Yes                       ; Yes                       ;
; led_temp[3]   ; 2.5 V        ; 0 s                 ; 0 s                 ; 2.62 V                       ; 4.05e-08 V                   ; 2.72 V              ; -0.0349 V           ; 0.173 V                              ; 0.1 V                                ; 2.72e-10 s                  ; 2.69e-10 s                  ; Yes                        ; Yes                        ; 2.62 V                      ; 4.05e-08 V                  ; 2.72 V             ; -0.0349 V          ; 0.173 V                             ; 0.1 V                               ; 2.72e-10 s                 ; 2.69e-10 s                 ; Yes                       ; Yes                       ;
; led_temp[4]   ; 2.5 V        ; 0 s                 ; 0 s                 ; 2.62 V                       ; 2.74e-08 V                   ; 2.71 V              ; -0.0317 V           ; 0.148 V                              ; 0.064 V                              ; 4.51e-10 s                  ; 4.15e-10 s                  ; No                         ; Yes                        ; 2.62 V                      ; 2.74e-08 V                  ; 2.71 V             ; -0.0317 V          ; 0.148 V                             ; 0.064 V                             ; 4.51e-10 s                 ; 4.15e-10 s                 ; No                        ; Yes                       ;
; led_temp[5]   ; 2.5 V        ; 0 s                 ; 0 s                 ; 2.62 V                       ; 2.74e-08 V                   ; 2.71 V              ; -0.0317 V           ; 0.148 V                              ; 0.064 V                              ; 4.51e-10 s                  ; 4.15e-10 s                  ; No                         ; Yes                        ; 2.62 V                      ; 2.74e-08 V                  ; 2.71 V             ; -0.0317 V          ; 0.148 V                             ; 0.064 V                             ; 4.51e-10 s                 ; 4.15e-10 s                 ; No                        ; Yes                       ;
; dht11         ; 2.5 V        ; 0 s                 ; 0 s                 ; 2.62 V                       ; 4.05e-08 V                   ; 2.72 V              ; -0.0349 V           ; 0.173 V                              ; 0.1 V                                ; 2.72e-10 s                  ; 2.69e-10 s                  ; Yes                        ; Yes                        ; 2.62 V                      ; 4.05e-08 V                  ; 2.72 V             ; -0.0349 V          ; 0.173 V                             ; 0.1 V                               ; 2.72e-10 s                 ; 2.69e-10 s                 ; Yes                       ; Yes                       ;
; ~ALTERA_DCLK~ ; 2.5 V        ; 0 s                 ; 0 s                 ; 2.62 V                       ; 2.22e-08 V                   ; 2.74 V              ; -0.06 V             ; 0.158 V                              ; 0.08 V                               ; 2.68e-10 s                  ; 2.19e-10 s                  ; Yes                        ; Yes                        ; 2.62 V                      ; 2.22e-08 V                  ; 2.74 V             ; -0.06 V            ; 0.158 V                             ; 0.08 V                              ; 2.68e-10 s                 ; 2.19e-10 s                 ; Yes                       ; Yes                       ;
; ~ALTERA_nCEO~ ; 2.5 V        ; 0 s                 ; 0 s                 ; 2.62 V                       ; 3.54e-08 V                   ; 2.7 V               ; -0.00943 V          ; 0.276 V                              ; 0.035 V                              ; 3.19e-10 s                  ; 4.99e-10 s                  ; No                         ; Yes                        ; 2.62 V                      ; 3.54e-08 V                  ; 2.7 V              ; -0.00943 V         ; 0.276 V                             ; 0.035 V                             ; 3.19e-10 s                 ; 4.99e-10 s                 ; No                        ; Yes                       ;
+---------------+--------------+---------------------+---------------------+------------------------------+------------------------------+---------------------+---------------------+--------------------------------------+--------------------------------------+-----------------------------+-----------------------------+----------------------------+----------------------------+-----------------------------+-----------------------------+--------------------+--------------------+-------------------------------------+-------------------------------------+----------------------------+----------------------------+---------------------------+---------------------------+


+---------------------------------------------------------------------------------------------------+
; Setup Transfers                                                                                   ;
+---------------------------+---------------------------+----------+----------+----------+----------+
; From Clock                ; To Clock                  ; RR Paths ; FR Paths ; RF Paths ; FF Paths ;
+---------------------------+---------------------------+----------+----------+----------+----------+
; clk                       ; clk                       ; 839      ; 0        ; 0        ; 0        ;
; Clock_1MHz:CLK1MHZ|clk_1M ; clk                       ; 772973   ; 1        ; 0        ; 0        ;
; Clock_1MHz:CLK1MHZ|clk_1M ; Clock_1MHz:CLK1MHZ|clk_1M ; 17340    ; 0        ; 0        ; 0        ;
+---------------------------+---------------------------+----------+----------+----------+----------+
Entries labeled "false path" only account for clock-to-clock false paths and not path-based false paths. As a result, actual path counts may be lower than reported.


+---------------------------------------------------------------------------------------------------+
; Hold Transfers                                                                                    ;
+---------------------------+---------------------------+----------+----------+----------+----------+
; From Clock                ; To Clock                  ; RR Paths ; FR Paths ; RF Paths ; FF Paths ;
+---------------------------+---------------------------+----------+----------+----------+----------+
; clk                       ; clk                       ; 839      ; 0        ; 0        ; 0        ;
; Clock_1MHz:CLK1MHZ|clk_1M ; clk                       ; 772973   ; 1        ; 0        ; 0        ;
; Clock_1MHz:CLK1MHZ|clk_1M ; Clock_1MHz:CLK1MHZ|clk_1M ; 17340    ; 0        ; 0        ; 0        ;
+---------------------------+---------------------------+----------+----------+----------+----------+
Entries labeled "false path" only account for clock-to-clock false paths and not path-based false paths. As a result, actual path counts may be lower than reported.


---------------
; Report TCCS ;
---------------
No dedicated SERDES Transmitter circuitry present in device or used in design


---------------
; Report RSKM ;
---------------
No non-DPA dedicated SERDES Receiver circuitry present in device or used in design


+------------------------------------------------+
; Unconstrained Paths                            ;
+---------------------------------+-------+------+
; Property                        ; Setup ; Hold ;
+---------------------------------+-------+------+
; Illegal Clocks                  ; 0     ; 0    ;
; Unconstrained Clocks            ; 0     ; 0    ;
; Unconstrained Input Ports       ; 2     ; 2    ;
; Unconstrained Input Port Paths  ; 125   ; 125  ;
; Unconstrained Output Ports      ; 25    ; 25   ;
; Unconstrained Output Port Paths ; 25    ; 25   ;
+---------------------------------+-------+------+


+------------------------------------+
; TimeQuest Timing Analyzer Messages ;
+------------------------------------+
Info: *******************************************************************
Info: Running Quartus II 64-Bit TimeQuest Timing Analyzer
    Info: Version 13.1.0 Build 162 10/23/2013 SJ Web Edition
    Info: Processing started: Sat Mar 29 10:05:39 2025
Info: Command: quartus_sta Top_Module -c Top_Module
Info: qsta_default_script.tcl version: #1
Info (11104): Parallel Compilation has detected 12 hyper-threaded processors. However, the extra hyper-threaded processors will not be used by default. Parallel Compilation will use 6 of the 6 physical processors detected instead.
Info (21077): Core supply voltage is 1.2V
Info (21077): Low junction temperature is 0 degrees C
Info (21077): High junction temperature is 85 degrees C
Critical Warning (332012): Synopsys Design Constraints File file not found: 'Top_Module.sdc'. A Synopsys Design Constraints File is required by the TimeQuest Timing Analyzer to get proper timing constraints. Without it, the Compiler will not properly optimize the design.
Info (332142): No user constrained base clocks found in the design. Calling "derive_clocks -period 1.0"
Info (332105): Deriving Clocks
    Info (332105): create_clock -period 1.000 -name clk clk
    Info (332105): create_clock -period 1.000 -name Clock_1MHz:CLK1MHZ|clk_1M Clock_1MHz:CLK1MHZ|clk_1M
Info (332143): No user constrained clock uncertainty found in the design. Calling "derive_clock_uncertainty"
Info (332123): Deriving Clock Uncertainty. Please refer to report_sdc in TimeQuest to see clock uncertainties.
Info: Found TIMEQUEST_REPORT_SCRIPT_INCLUDE_DEFAULT_ANALYSIS = ON
Info: Analyzing Slow 1200mV 85C Model
Critical Warning (332148): Timing requirements not met
    Info (11105): For recommendations on closing timing, run Report Timing Closure Recommendations in the TimeQuest Timing Analyzer.
Info (332146): Worst-case setup slack is -9.314
    Info (332119):     Slack       End Point TNS Clock 
    Info (332119): ========= =================== =====================
    Info (332119):    -9.314            -306.290 clk 
    Info (332119):    -4.656            -291.262 Clock_1MHz:CLK1MHZ|clk_1M 
Info (332146): Worst-case hold slack is -0.141
    Info (332119):     Slack       End Point TNS Clock 
    Info (332119): ========= =================== =====================
    Info (332119):    -0.141              -0.141 clk 
    Info (332119):     0.356               0.000 Clock_1MHz:CLK1MHZ|clk_1M 
Info (332140): No Recovery paths to report
Info (332140): No Removal paths to report
Info (332146): Worst-case minimum pulse width slack is -3.000
    Info (332119):     Slack       End Point TNS Clock 
    Info (332119): ========= =================== =====================
    Info (332119):    -3.000            -100.000 clk 
    Info (332119):    -1.000            -118.000 Clock_1MHz:CLK1MHZ|clk_1M 
Info: Analyzing Slow 1200mV 0C Model
Info (334003): Started post-fitting delay annotation
Info (334004): Delay annotation completed successfully
Info (332123): Deriving Clock Uncertainty. Please refer to report_sdc in TimeQuest to see clock uncertainties.
Critical Warning (332148): Timing requirements not met
    Info (11105): For recommendations on closing timing, run Report Timing Closure Recommendations in the TimeQuest Timing Analyzer.
Info (332146): Worst-case setup slack is -8.212
    Info (332119):     Slack       End Point TNS Clock 
    Info (332119): ========= =================== =====================
    Info (332119):    -8.212            -263.008 clk 
    Info (332119):    -4.040            -248.389 Clock_1MHz:CLK1MHZ|clk_1M 
Info (332146): Worst-case hold slack is -0.131
    Info (332119):     Slack       End Point TNS Clock 
    Info (332119): ========= =================== =====================
    Info (332119):    -0.131              -0.131 clk 
    Info (332119):     0.312               0.000 Clock_1MHz:CLK1MHZ|clk_1M 
Info (332140): No Recovery paths to report
Info (332140): No Removal paths to report
Info (332146): Worst-case minimum pulse width slack is -3.000
    Info (332119):     Slack       End Point TNS Clock 
    Info (332119): ========= =================== =====================
    Info (332119):    -3.000            -100.000 clk 
    Info (332119):    -1.000            -118.000 Clock_1MHz:CLK1MHZ|clk_1M 
Info: Analyzing Fast 1200mV 0C Model
Info (332123): Deriving Clock Uncertainty. Please refer to report_sdc in TimeQuest to see clock uncertainties.
Critical Warning (332148): Timing requirements not met
    Info (11105): For recommendations on closing timing, run Report Timing Closure Recommendations in the TimeQuest Timing Analyzer.
Info (332146): Worst-case setup slack is -4.801
    Info (332119):     Slack       End Point TNS Clock 
    Info (332119): ========= =================== =====================
    Info (332119):    -4.801            -132.962 clk 
    Info (332119):    -2.156            -117.489 Clock_1MHz:CLK1MHZ|clk_1M 
Info (332146): Worst-case hold slack is -0.180
    Info (332119):     Slack       End Point TNS Clock 
    Info (332119): ========= =================== =====================
    Info (332119):    -0.180              -0.180 clk 
    Info (332119):     0.186               0.000 Clock_1MHz:CLK1MHZ|clk_1M 
Info (332140): No Recovery paths to report
Info (332140): No Removal paths to report
Info (332146): Worst-case minimum pulse width slack is -3.000
    Info (332119):     Slack       End Point TNS Clock 
    Info (332119): ========= =================== =====================
    Info (332119):    -3.000            -106.097 clk 
    Info (332119):    -1.000            -118.000 Clock_1MHz:CLK1MHZ|clk_1M 
Info (332102): Design is not fully constrained for setup requirements
Info (332102): Design is not fully constrained for hold requirements
Info: Quartus II 64-Bit TimeQuest Timing Analyzer was successful. 0 errors, 4 warnings
    Info: Peak virtual memory: 4731 megabytes
    Info: Processing ended: Sat Mar 29 10:05:41 2025
    Info: Elapsed time: 00:00:02
    Info: Total CPU time (on all processors): 00:00:01


